-- phpMyAdmin SQL Dump
-- version 4.6.0
-- http://www.phpmyadmin.net
--
-- Host: localhost:3306
-- Generation Time: Jun 14, 2016 at 07:55 AM
-- Server version: 10.1.9-MariaDB-log
-- PHP Version: 7.0.0

SET SQL_MODE = "NO_AUTO_VALUE_ON_ZERO";
SET time_zone = "+00:00";


/*!40101 SET @OLD_CHARACTER_SET_CLIENT=@@CHARACTER_SET_CLIENT */;
/*!40101 SET @OLD_CHARACTER_SET_RESULTS=@@CHARACTER_SET_RESULTS */;
/*!40101 SET @OLD_COLLATION_CONNECTION=@@COLLATION_CONNECTION */;
/*!40101 SET NAMES utf8mb4 */;

--
-- Database: `aduanict`
--

-- --------------------------------------------------------

--
-- Table structure for table `assets`
--

CREATE TABLE `assets` (
  `asset_id` int(10) UNSIGNED NOT NULL,
  `ict_id` varchar(20) COLLATE utf8_unicode_ci DEFAULT NULL,
  `harta_id` varchar(20) COLLATE utf8_unicode_ci DEFAULT NULL,
  `butiran` varchar(100) COLLATE utf8_unicode_ci DEFAULT NULL,
  `status` int(11) DEFAULT NULL,
  `kod_kategori` int(11) DEFAULT NULL,
  `kod_sub_kategori` int(11) DEFAULT NULL,
  `tkh_beli` date DEFAULT NULL,
  `tkh_jaminan` date DEFAULT NULL,
  `no_siri` varchar(50) COLLATE utf8_unicode_ci DEFAULT NULL,
  `no_invoice` varchar(25) COLLATE utf8_unicode_ci DEFAULT NULL,
  `no_rujukan` varchar(25) COLLATE utf8_unicode_ci DEFAULT NULL,
  `jenama` int(11) DEFAULT NULL,
  `emp_id` varchar(10) COLLATE utf8_unicode_ci DEFAULT NULL,
  `kod_pembekal` varchar(10) COLLATE utf8_unicode_ci DEFAULT NULL,
  `harga_beli` int(11) DEFAULT NULL,
  `lokasi_id` int(11) DEFAULT NULL,
  `ipaddress` varchar(30) COLLATE utf8_unicode_ci DEFAULT NULL,
  `catatan` varchar(1000) COLLATE utf8_unicode_ci DEFAULT NULL,
  `ict_no_master` int(11) DEFAULT NULL,
  `pembelian_id` int(11) DEFAULT NULL,
  `kod_pinjam` varchar(10) COLLATE utf8_unicode_ci DEFAULT NULL,
  `pengguna_id` varchar(50) COLLATE utf8_unicode_ci DEFAULT NULL,
  `kod_lesen` varchar(10) COLLATE utf8_unicode_ci DEFAULT NULL,
  `kod_auditict` int(11) DEFAULT NULL,
  `tkh_disposed` date DEFAULT NULL,
  `kod_alasan_disp` int(11) DEFAULT NULL,
  `catat_disp` varchar(100) COLLATE utf8_unicode_ci DEFAULT NULL,
  `kod_tahaprisiko` varchar(1) COLLATE utf8_unicode_ci DEFAULT NULL,
  `created_at` timestamp NULL DEFAULT NULL,
  `updated_at` timestamp NULL DEFAULT NULL
) ENGINE=InnoDB DEFAULT CHARSET=utf8 COLLATE=utf8_unicode_ci;

--
-- Dumping data for table `assets`
--

INSERT INTO `assets` (`asset_id`, `ict_id`, `harta_id`, `butiran`, `status`, `kod_kategori`, `kod_sub_kategori`, `tkh_beli`, `tkh_jaminan`, `no_siri`, `no_invoice`, `no_rujukan`, `jenama`, `emp_id`, `kod_pembekal`, `harga_beli`, `lokasi_id`, `ipaddress`, `catatan`, `ict_no_master`, `pembelian_id`, `kod_pinjam`, `pengguna_id`, `kod_lesen`, `kod_auditict`, `tkh_disposed`, `kod_alasan_disp`, `catat_disp`, `kod_tahaprisiko`, `created_at`, `updated_at`) VALUES
(1, 'ICT1', NULL, 'P(R) M 1.6GHZ / 512MB DDRAM / 60GB HDD', 8, 1, 2, NULL, NULL, 'NKM375S05C01850', NULL, NULL, 8, NULL, NULL, NULL, 3, NULL, NULL, NULL, 192, NULL, NULL, NULL, NULL, '2010-12-24', 1, NULL, 'M', NULL, NULL),
(2, 'ICT2', NULL, 'P(R) M 1.6GHZ / 512MB DDRAM / 60GB HDD', 8, 1, 2, NULL, NULL, 'NKM375S05C01840', NULL, NULL, 8, NULL, NULL, NULL, 3, NULL, NULL, NULL, 192, NULL, NULL, NULL, NULL, '2010-12-24', 3, NULL, 'M', NULL, NULL),
(3, 'ICT3', NULL, 'P4 2.40 GHZ/512MB DDR/40GB HDD', 8, 1, 1, '2004-06-07', '2005-06-07', 'BCN1602E090503M', 'INV/00179', 'affrini', 9, '86', 'P6432', 4950, 1, NULL, NULL, NULL, NULL, NULL, '20', NULL, NULL, NULL, NULL, NULL, 'M', NULL, NULL),
(4, 'ICT4', NULL, 'P4 2.40 GHZ/512MB DDR/40GB HDD', 8, 1, 1, '2002-03-01', '2003-03-01', NULL, '1127', 'noraini', 9, '64', 'P2110', 3750, 1, NULL, NULL, NULL, NULL, NULL, '15', NULL, NULL, NULL, NULL, NULL, 'M', NULL, NULL),
(5, 'ICT5', NULL, 'P4 2.40GHZ/512MB DDR/40GB HDD', 8, 1, 1, '2004-06-07', '2005-06-07', 'BNC1602A090503M', 'INV/00179', 'suhaini', 9, '85', 'P6432', 4950, 1, NULL, NULL, NULL, NULL, NULL, '6', NULL, NULL, NULL, NULL, NULL, 'M', NULL, NULL),
(6, 'ICT6', NULL, 'P4 1.70GHZ/512MB DDR/40GB DDR', 8, 1, 1, '2002-10-11', '2003-10-11', '20666741', '1534', 'WANENDUN', 3, '4', 'P2110', 2027, 1, NULL, NULL, NULL, 361, NULL, '33', NULL, NULL, NULL, NULL, NULL, 'M', NULL, NULL),
(7, 'ICT7', NULL, 'P4 2.40GHZ/512MB DDR/40GB HDD', 8, 1, 1, '2004-06-07', '2005-06-07', 'BNC1602D090503', 'INV/00179', 'fakhrur', 9, '89', 'P6432', 4950, 9, NULL, NULL, NULL, NULL, NULL, '50', NULL, NULL, NULL, NULL, NULL, 'M', NULL, NULL),
(8, 'ICT8', NULL, 'P4 1.60GHZ / 256MB DDR / 20GB HDD', 8, 1, 1, '2002-03-01', '2003-03-01', 'G3ZZ51S', '1127', 'aniqah', 2, '118', 'P2110', 3750, 10, NULL, NULL, NULL, 396, NULL, '38', NULL, NULL, NULL, NULL, NULL, 'M', NULL, NULL),
(9, 'ICT9', NULL, 'P4 1.60GHZ/256 MB RAM/20 GB HDD', 8, 1, 1, NULL, NULL, '34ZZ51S', NULL, NULL, 2, NULL, NULL, NULL, 199, NULL, NULL, NULL, 396, NULL, NULL, NULL, NULL, '2010-07-01', 4, NULL, 'M', NULL, NULL),
(10, 'ICT10', NULL, 'P4 1.60GHZ/RAM	', 8, 1, 1, '2002-03-01', '2003-03-01', 'J3ZZ518', '1127', 'zaidi', 2, '98', 'P2110', 3750, 9, NULL, NULL, NULL, 396, NULL, '52', NULL, NULL, NULL, NULL, NULL, 'M', NULL, NULL),
(11, 'ICT11', NULL, 'P4 2.40GHZ/512MB DDR/40GB HDD	', 8, 1, 1, '2004-06-07', '2005-06-07', 'BNC1602J090503', 'INV/00179', 'Saufi', 9, '77', 'P6432', 4950, 9, NULL, NULL, NULL, NULL, NULL, '49', NULL, NULL, NULL, NULL, NULL, 'M', NULL, NULL),
(12, 'ICT12', NULL, 'PC	', 8, 1, 1, NULL, NULL, NULL, NULL, 'jasri', 1, '90', NULL, NULL, 9, NULL, NULL, NULL, NULL, NULL, NULL, NULL, NULL, NULL, NULL, NULL, 'M', NULL, NULL),
(13, 'ICT13', NULL, 'P(R) M 1.6GHZ / 512MB DDRAM / 60GB HDD', 8, 1, 2, NULL, NULL, 'NKM375S05C01846', NULL, NULL, 8, '15', NULL, NULL, 9, NULL, NULL, NULL, 192, NULL, '47', NULL, NULL, '2010-12-24', 3, NULL, 'M', NULL, NULL),
(14, 'ICT14', NULL, 'P4 1.60GHZ/RAM 256MB/HARDISK 20GB', 8, 1, 1, '2002-10-11', '2003-10-11', '54ZZ51S', '1534', 'aidaabas', 2, '117', 'P2110', 2027, 22, NULL, NULL, NULL, 396, NULL, '39', NULL, NULL, NULL, NULL, NULL, 'M', NULL, NULL),
(15, 'ICT15', NULL, 'P4 2.20GHZ/RAM 256MB/HDD', 8, 1, 1, '2004-03-01', '2005-03-01', NULL, NULL, 'ahmad', 30, '74', 'P6432', 3750, 3, NULL, NULL, NULL, NULL, NULL, '5', NULL, NULL, NULL, NULL, NULL, 'M', NULL, NULL),
(16, 'ICT16', NULL, 'P4 2.40GHZ/512MB DDR/ 60GB HDD', 8, 1, 1, NULL, NULL, NULL, NULL, 'suhaimi', 1, NULL, NULL, NULL, 3, NULL, NULL, NULL, NULL, NULL, NULL, NULL, NULL, NULL, NULL, NULL, 'M', NULL, NULL),
(17, 'ICT17', NULL, 'P4 1.60GHZ / 256MB DDR / 20GB HDD', 8, 1, 1, '2002-10-11', '2003-10-11', '84ZZ51S', '1534', 'AIDA', 2, NULL, 'P2110', 2027, 199, NULL, NULL, NULL, 396, NULL, NULL, NULL, NULL, NULL, NULL, NULL, 'M', NULL, NULL),
(18, 'ICT18', NULL, 'P(R) M 1.6GHZ / 512MB DDRAM / 60GB HDD', 8, 1, 2, NULL, NULL, 'NKM375S05C01843', NULL, NULL, 8, '71', NULL, NULL, 3, NULL, NULL, NULL, 192, NULL, '1', NULL, NULL, '2010-12-24', 3, NULL, 'M', NULL, NULL),
(19, 'ICT19', NULL, 'P4 1.70GHZ/RAM 256MB/HDD 80 GB', 8, 1, 1, '2002-10-11', '2003-10-11', NULL, '1534', 'norman', 30, '70', 'P2110', 2027, 3, NULL, NULL, NULL, NULL, NULL, '22', NULL, NULL, NULL, NULL, NULL, 'M', NULL, NULL),
(20, 'ICT20', NULL, 'P4 1.60GHZ/ 256MB DDR/20GB HDD', 8, 1, 1, NULL, NULL, '74ZZ51S', NULL, NULL, 2, NULL, NULL, NULL, 199, NULL, NULL, NULL, 396, NULL, NULL, NULL, NULL, '2010-07-01', 4, NULL, 'M', NULL, NULL),
(21, '	ICT21', NULL, 'P(R) M 1.6GHZ / 512MB DDRAM / 60GB HDD', 8, 1, 2, NULL, NULL, 'NKM375S05C01848', NULL, NULL, 8, NULL, NULL, NULL, 3, NULL, NULL, NULL, 192, NULL, NULL, NULL, NULL, '2010-12-24', 3, NULL, 'M', NULL, NULL),
(22, 'ICT22', NULL, 'P4 2.40GHZ/512MB DDR/80GB HDD', 8, 1, 1, '2004-06-07', '2005-06-07', 'BNC1602M090503', 'INV/00179', 'sakinah', 9, '17', 'P6432', 4950, 1, NULL, NULL, NULL, NULL, NULL, '34', NULL, NULL, NULL, NULL, NULL, 'M', NULL, NULL),
(23, '	ICT23', NULL, 'P(R) M 1.6GHZ / 512MB DDRAM / 60GB HDD', 8, 1, 2, NULL, NULL, 'NKM375S05C01845', NULL, NULL, 8, NULL, NULL, NULL, 3, NULL, NULL, NULL, 192, NULL, NULL, NULL, NULL, '2010-12-24', 3, NULL, 'M', NULL, NULL),
(24, '	ICT24', NULL, 'P(R) M 1.6GHZ / 512MB DDRAM / 60GB HDD', 8, 1, 2, NULL, NULL, 'NKM375S05C01824', NULL, NULL, 8, NULL, NULL, NULL, 3, NULL, NULL, NULL, 192, NULL, NULL, NULL, NULL, '2010-12-24', 3, NULL, 'M', NULL, NULL),
(25, 'ICT25', NULL, 'P4 1.70GHZ/256MB DDR/40GB HDD', 8, 1, 1, '2002-10-11', '2003-10-11', '20666859', '1534', 'dewi', 3, '81', 'P2110', 2027, 17, NULL, NULL, NULL, 361, NULL, '97', NULL, NULL, NULL, NULL, NULL, 'M', NULL, NULL),
(26, '	ICT26', NULL, 'P(R) M 1.6GHZ / 512MB DDRAM / 60GB HDD', 8, 1, 2, NULL, NULL, 'NKM375S05C01837', NULL, NULL, 8, NULL, NULL, NULL, 3, NULL, NULL, NULL, 192, NULL, NULL, NULL, NULL, '2010-12-24', 3, NULL, 'M', NULL, NULL),
(27, '	ICT27', NULL, 'PC DELL', 8, 1, 1, '2002-03-01', '2003-03-01', NULL, '1127', 'muhsini', 2, NULL, 'P2110', 3750, 2, NULL, NULL, NULL, NULL, NULL, NULL, NULL, NULL, NULL, NULL, NULL, 'M', NULL, NULL),
(28, '	ICT28', NULL, 'P4 1.60GHZ/RAM 256MB/HARDISK 20GB', 8, 1, 1, NULL, NULL, 'H3ZZ518', NULL, NULL, 2, NULL, NULL, NULL, 199, NULL, NULL, NULL, 396, NULL, NULL, NULL, NULL, '2010-07-01', 4, NULL, 'M', NULL, NULL),
(29, '	ICT29', NULL, 'P4 1.70GHZ/512MB DDR/40GB DDR', 8, 1, 1, '2002-10-11', '2003-10-11', '20666857', '1534', 'cctv', 3, NULL, 'P2110', 2027, 26, NULL, NULL, NULL, 361, NULL, '95', NULL, NULL, NULL, NULL, NULL, 'M', NULL, NULL),
(30, '	ICT30', NULL, 'PC DATA PLUS', 8, 1, 1, '2004-03-01', '2005-03-01', NULL, NULL, 'farah', 10, NULL, 'P6432', 3750, 2, NULL, NULL, NULL, NULL, NULL, NULL, NULL, NULL, NULL, NULL, NULL, 'M', NULL, NULL),
(31, 'ICT31', NULL, 'P4 2.40GHZ/512MB DDR/40GB HDD', 8, 1, 1, '2004-06-07', '2005-06-07', NULL, 'INV/00179', 'ASFA', 1, '106', 'P6432', 4950, 9, NULL, NULL, NULL, 303, NULL, '54', NULL, NULL, NULL, NULL, NULL, 'M', NULL, NULL),
(32, 'ICT32', NULL, 'P4 1.70GHZ/RAM 256MB/HDD 40GB', 8, 1, 1, '2002-10-11', '2003-10-11', '20666865', '1534', 'rafidah', 3, NULL, 'P2110', 2027, 2, NULL, NULL, NULL, NULL, NULL, '31', NULL, NULL, NULL, NULL, NULL, 'M', NULL, NULL),
(33, 'ICT33', NULL, 'P4 1.70GHZ/ 768MB DDR/ 40GB HDD', 8, 1, 1, '2002-10-11', '2003-10-11', '20666786', '1534', 'dp', 3, NULL, 'P2110', 2027, 27, NULL, NULL, NULL, 361, NULL, '91', NULL, NULL, NULL, NULL, NULL, 'M', NULL, NULL),
(34, 'ICT34', NULL, 'P(R) M 1.6GHZ / 512MB DDRAM / 60GB HDD', 8, 1, 2, NULL, NULL, 'nKM375S05C01839', NULL, NULL, 8, NULL, NULL, NULL, 3, NULL, NULL, NULL, 192, NULL, NULL, NULL, NULL, '2010-12-24', 3, NULL, 'M', NULL, NULL),
(35, 'ICT35', NULL, 'P4 2.40GHZ/480MB DDR/40GB HDD', 8, 1, 1, '2004-06-07', '2005-06-07', 'BNC1602L090503', 'INV/00179', 'razali', 9, '9', 'P6432', 4950, 13, NULL, NULL, NULL, NULL, NULL, '53', NULL, NULL, NULL, NULL, NULL, 'M', NULL, NULL),
(36, 'ICT36', NULL, 'PC DELL	', 8, 1, 1, '2002-03-01', '2003-03-01', NULL, '1127', 'niza	', 2, NULL, 'P2110', 3750, 13, NULL, NULL, NULL, NULL, NULL, NULL, NULL, NULL, NULL, NULL, NULL, 'M', NULL, NULL),
(37, 'ICT37', NULL, 'P4 1.70GHZ/ 512MB DDR/ 40GB HDD', 8, 1, 1, '2002-10-11', '2003-10-11', '20666636', '1534', 'fatimah', 3, '56', 'P2110', 2027, 12, NULL, NULL, NULL, 361, NULL, '45', NULL, NULL, NULL, NULL, NULL, 'M', NULL, NULL),
(38, 'ICT38', NULL, 'P4 3.00GHZ/512MB DDR/40GB HDD', 8, 1, 1, '2004-06-07', '2005-06-07', NULL, 'INV/00179', 'zulina	', 9, '66', 'P6432', 4950, 12, NULL, NULL, NULL, NULL, NULL, '41', NULL, NULL, NULL, NULL, NULL, 'M', NULL, NULL),
(39, 'ICT39', NULL, 'P4 3.00 GHZ/512MB RAM/20GB HDD', 8, 1, 1, '2004-06-07', '2005-06-07', NULL, 'INV/00179', 'azri', 9, '92', 'P6432', 4950, 12, NULL, NULL, NULL, NULL, NULL, '46', NULL, NULL, NULL, NULL, NULL, 'M', NULL, NULL),
(40, 'ICT40', NULL, 'P4 3.00GHZ/768MB DDR/40GB HDD', 8, 1, 1, '2004-06-07', '2005-06-07', NULL, 'INV/00179', 'missabah', 9, '28', 'P6432', 4950, 12, NULL, NULL, NULL, NULL, NULL, '40', NULL, NULL, NULL, NULL, NULL, 'M', NULL, NULL),
(41, 'ICT41', NULL, 'P4 2.40GHZ/512MB DDR/40GB HDD', 8, 1, 1, '2004-06-07', '2005-06-07', 'BNC1602I090503', 'INV/00179', 'azreena', 1, '69', 'P6432', 4950, 12, NULL, NULL, NULL, 303, NULL, '42', NULL, NULL, NULL, NULL, NULL, 'M', NULL, NULL),
(42, 'ICT42', NULL, 'P4 3.00 GHZ/512MB RAM/40GB HDD', 8, 1, 1, '2004-06-07', '2005-06-07', NULL, 'INV/00179', 'Sabri', 9, '60', 'P6432', 4950, 12, NULL, NULL, NULL, NULL, NULL, '44', NULL, NULL, NULL, NULL, NULL, 'M', NULL, NULL),
(43, 'ICT43', NULL, 'P4 3.00 GHZ/512 MB RAM/40GB HDD', 8, 1, 1, '2004-06-07', '2005-06-07', NULL, 'INV/00179', 'norlaila', 9, '47', 'P6432', 4950, 12, NULL, NULL, NULL, NULL, NULL, '43', NULL, NULL, NULL, NULL, NULL, 'M', NULL, NULL),
(44, 'ICT44', NULL, 'P4 3.00GHZ/512MB DDR/40GB HDD', 8, 1, 1, '2004-06-07', '2005-06-07', NULL, 'INV/00179', 'rozy', 9, '100', 'P6432', 4950, 12, NULL, NULL, NULL, NULL, NULL, '10', NULL, NULL, NULL, NULL, NULL, 'M', NULL, NULL),
(45, 'ICT45', NULL, 'P(R) M 1.6GHZ / 512MB DDRAM / 60GB HDD', 8, 1, 2, '2005-05-06', '2006-05-06', 'nKM375S05C01814', 'NT-INV/1072-ASIA', 'mohD', 8, '38', 'P14797', 4490, 12, NULL, NULL, NULL, 192, NULL, '67', NULL, NULL, NULL, NULL, NULL, 'M', NULL, NULL),
(46, 'ICT46', NULL, 'P4 1.60GHZ	', 8, 1, 1, NULL, NULL, '53ZZ51S', NULL, NULL, 2, NULL, NULL, NULL, 199, NULL, NULL, NULL, 396, NULL, NULL, NULL, NULL, '2010-07-01', 4, NULL, 'M', NULL, NULL),
(47, 'ICT47', NULL, 'P4 1.70GHZ/512MB DDR/40GB DDR', 8, 1, 1, '2002-10-11', '2003-10-11', '20666896', '1534', 'nuzul', 3, '112', 'P2110', 2027, 10, NULL, NULL, NULL, 361, NULL, '21', NULL, NULL, NULL, NULL, NULL, 'M', NULL, NULL),
(48, 'ICT48', NULL, 'P4 1.70GHZ/ 256MB DDR/ 40GB HDD', 8, 1, 1, '2002-03-01', '2003-03-01', '20666853', '1127', 'husni', 3, '83', 'P2110', 3750, 3, NULL, NULL, NULL, 361, NULL, '8', NULL, NULL, NULL, NULL, NULL, 'M', NULL, NULL),
(49, 'ICT49', NULL, 'P4 1.70GHZ/ 256MB DDR/ 40GB HDD', 8, 1, 1, '2002-10-11', '2003-10-11', '20666857', '1534', 'EMMA', 3, NULL, 'P2110', 2027, 14, NULL, NULL, NULL, 361, NULL, NULL, NULL, NULL, NULL, NULL, NULL, 'M', NULL, NULL),
(50, 'ICT50', NULL, 'P(R) M 1.6GHZ / 512MB DDRAM / 60GB HDD', 8, 1, 2, NULL, NULL, 'nKM375S05C01814', NULL, NULL, 8, NULL, NULL, NULL, 3, NULL, NULL, NULL, 192, NULL, NULL, NULL, NULL, '2010-12-24', 3, NULL, 'M', NULL, NULL),
(51, 'ICT51', NULL, 'P4 1.70GHZ/256MB DDR/40GB HDD', 8, 1, 1, '2002-10-11', '2003-10-11', '20666888', '1534', 'AMRAn', 3, '68', 'P2110', 2027, 21, NULL, NULL, NULL, 361, NULL, '63', NULL, NULL, NULL, NULL, NULL, 'M', NULL, NULL),
(52, 'ICT52', NULL, 'PC ASUS', 8, 1, 1, '2004-06-07', '2005-06-07', NULL, 'INV/00179', 'ashukri', 9, '54', 'P6432', 4950, 17, NULL, NULL, NULL, NULL, NULL, NULL, NULL, NULL, NULL, NULL, NULL, 'M', NULL, NULL),
(53, 'ICT53', NULL, 'P4 2.40GHZ/512MB DDR/40 GB HDD', 8, 1, 1, '2004-06-07', '2005-06-07', 'BNC1602Q090503', 'INV/00179', 'Fahmi', 9, '76', 'P6432', 4950, 19, NULL, NULL, NULL, NULL, NULL, '55', NULL, NULL, NULL, NULL, NULL, 'M', NULL, NULL),
(54, 'ICT54', NULL, 'P4 2.40GHZ/480MB DDR/40GB HDD', 8, 1, 1, NULL, NULL, '00401Y20030526M', NULL, 'fairus', 10, '101', NULL, NULL, 19, NULL, NULL, NULL, NULL, NULL, '56', NULL, NULL, NULL, NULL, NULL, 'M', NULL, NULL),
(55, 'ICT55', NULL, 'P(R) M 1.6GHZ / 512MB DDRAM / 60GB HDD', 8, 1, 2, '2005-05-06', '2006-05-06', 'NKM375S05C01816', 'ANT-INV/1072-ASIA', 'ghani', 8, NULL, 'P14797', 4490, 199, '192.9.200.81', 'PROCESSOR            : PENTIUM M 1.6 GHZ\r\nRAM                           : 512 MB\r\nHARDISK                   : 60 GB HDD                        \r\nVGA CARD                 : SIS 661+963L\r\nSOUND CARD           : BUILT IN	\r\nNETWORK CARD      : 10/100 Mbps LAN		\r\nMODEM                      : null\r\nFLOOPY A                   : EXTERNAL\r\nCD ROM                      : 24X COMBO DRIVE\r\nMOUSE                        : SB COMPATIBLE\r\nKEYBOARD                 : null\r\nIPADDRESS                : null', 55, 192, NULL, NULL, NULL, NULL, '2014-06-04', 5, 'LUPUS DENGAN KEBENARAN RUJUKAN DRDOK : 279100', 'M', NULL, NULL),
(56, 'ICT56', NULL, 'P4 1.60GHZ / 256MB DDR / 30GB HDD', 8, 1, 1, NULL, NULL, 'D3ZZ51S', NULL, NULL, 2, NULL, NULL, NULL, 199, NULL, NULL, NULL, 396, NULL, NULL, NULL, NULL, '2010-07-01', 4, NULL, 'M', NULL, NULL),
(57, 'ICT57', NULL, 'P4 2.40GHZ/512MB DDR/40GB HDD', 8, 1, 1, '2004-06-07', '2005-06-07', NULL, 'INV/00179', 'Shah', 9, '78', 'P6432', 4950, 10, NULL, NULL, NULL, NULL, NULL, '13', NULL, NULL, NULL, NULL, NULL, 'M', NULL, NULL),
(58, 'ICT58', NULL, 'P4 1.70GHZ/ 256MB DDR/ 40GB HDD', 8, 1, 1, '2002-10-11', '2003-10-11', '20666836', '1534', 'Zahariaton', 3, '80', 'P2110', 2027, 16, NULL, NULL, NULL, 361, NULL, '37', NULL, NULL, NULL, NULL, NULL, 'M', NULL, NULL),
(59, 'ICT59', NULL, 'P4 2.40GHZ/512 MB RAM/40GB HDD', 8, 1, 1, '2004-06-07', '2005-06-07', NULL, 'INV/00179', 'firdauS', 9, '97', 'P6432', 4950, 10, NULL, NULL, NULL, NULL, NULL, '11', NULL, NULL, NULL, NULL, NULL, 'M', NULL, NULL),
(60, 'ICT60', NULL, 'P(R) M 1.6GHZ / 512MB DDRAM / 60GB HDD', 8, 1, 2, NULL, NULL, 'nKM375S05C01812', NULL, NULL, 8, NULL, NULL, NULL, 3, NULL, NULL, NULL, 192, NULL, NULL, NULL, NULL, '2010-12-24', 3, NULL, 'M', NULL, NULL),
(61, 'ICT61', NULL, 'P4 1.60GHZ	', 8, 1, 1, NULL, NULL, '14ZZ51S', NULL, NULL, 2, NULL, NULL, NULL, 199, NULL, NULL, NULL, 396, NULL, NULL, NULL, NULL, '2010-07-01', 4, NULL, 'M', NULL, NULL),
(62, 'ICT62', NULL, 'P4 1.60GHZ/256MB DDR/20GB HDD', 8, 1, 1, NULL, NULL, '44ZZ51S', NULL, NULL, 2, NULL, NULL, NULL, 199, NULL, NULL, NULL, 396, NULL, NULL, NULL, NULL, '2010-07-01', 4, NULL, 'M', NULL, NULL),
(63, 'ICT63', NULL, 'P4 2.40 GHZ/512MB DDR/4OGB HHD', 8, 1, 1, '2004-03-01', '2005-03-01', '00501420030526M', NULL, 'kaunter2dz', 10, NULL, 'P6432', 3750, 23, NULL, NULL, NULL, NULL, NULL, '70', NULL, NULL, NULL, NULL, NULL, 'M', NULL, NULL),
(64, 'ICT64', NULL, 'P4 1.70GHZ/512MB DDR/40GB HDD', 8, 1, 1, '2002-10-11', '2003-10-11', '20666814', '1534', 'kuanter1dz', 3, NULL, 'P2110', 2027, 23, NULL, NULL, NULL, 361, NULL, '69', NULL, NULL, NULL, NULL, NULL, 'M', NULL, NULL),
(65, 'ICT65', NULL, 'P4 1.70GHZ/ 256MB DDR/ 40GB HDD', 8, 1, 1, '2002-10-11', '2003-10-11', '20666834', '1534', 'kaunter3dz', 3, NULL, 'P2110', 2027, 3, NULL, NULL, NULL, NULL, NULL, '2', NULL, NULL, NULL, NULL, NULL, 'M', NULL, NULL),
(66, 'ICT66', NULL, 'P4 2.40 GHZ/512MB RAM/40GB HDD', 8, 1, 1, NULL, NULL, 'BNC1602P090503', NULL, NULL, 1, NULL, NULL, NULL, 23, NULL, NULL, NULL, NULL, NULL, '73', NULL, NULL, '2010-07-01', 4, NULL, 'M', NULL, NULL),
(67, 'ICT67', NULL, 'P4 1.72 GHZ/256MB DDR/40GB HDD', 8, 1, 1, NULL, NULL, '20666669', NULL, 'kaunter1 labuan', 3, NULL, NULL, NULL, 23, NULL, NULL, NULL, NULL, NULL, '72', NULL, NULL, NULL, NULL, NULL, 'M', NULL, NULL),
(68, 'ICT68', NULL, 'P4 2.40GHZ/512MB DDR/40GB HDD', 8, 1, 1, NULL, NULL, 'BNC1602N090503', NULL, 'kaunter2labuan', 9, '114', NULL, NULL, 9, NULL, NULL, NULL, NULL, NULL, '57', NULL, NULL, NULL, NULL, NULL, 'M', NULL, NULL),
(69, 'ICT69', NULL, 'P4 3.00GHZ/256 MB RAM/40 GB HDD', 8, 1, 1, NULL, NULL, NULL, NULL, 'kaunter3 labuan', 9, '108', NULL, NULL, 9, NULL, NULL, NULL, NULL, NULL, '18', NULL, NULL, NULL, NULL, NULL, 'M', NULL, NULL),
(70, 'ICT70', NULL, 'PC	', 8, 1, 1, NULL, NULL, NULL, NULL, 'kaunter4labuan', 9, NULL, NULL, NULL, 28, NULL, NULL, NULL, NULL, NULL, NULL, NULL, NULL, NULL, NULL, NULL, 'M', NULL, NULL),
(71, 'ICT71', NULL, 'P4 2.40GHZ/512MB DDR/40GB HDD', 8, 1, 1, NULL, NULL, '00801Y2003526M', NULL, 'kaunter1 mn', 10, NULL, 'P6432', NULL, 25, NULL, NULL, NULL, 289, NULL, '78', NULL, NULL, NULL, NULL, NULL, 'M', NULL, NULL),
(72, 'ICT72', NULL, 'P4 2.40GHZ/512MB DDR/40GB HDD', 8, 1, 1, NULL, NULL, '00101Y20030526', NULL, 'kaunter2 mn', 10, NULL, 'P6432', NULL, 25, NULL, NULL, NULL, 289, NULL, '77', NULL, NULL, NULL, NULL, NULL, 'M', NULL, NULL),
(73, 'ICT73', NULL, 'P4 2.40GHZ/512MB DDR/40GB HDD', 8, 1, 1, NULL, NULL, '00801Y20030526', NULL, 'kaunter3 mn', 10, NULL, 'P6432', NULL, 25, NULL, NULL, NULL, 289, NULL, '80', NULL, NULL, NULL, NULL, NULL, 'M', NULL, NULL),
(74, 'ICT74', NULL, 'P4 2.40GHZ/512MB DDR/40GB HDD', 8, 1, 1, NULL, NULL, '00701Y20030526', NULL, 'kaunter4 mn', 10, NULL, 'P6432', NULL, 25, NULL, NULL, NULL, 289, NULL, '79', NULL, NULL, NULL, NULL, NULL, 'M', NULL, NULL),
(75, 'ICT75', NULL, 'P4 2.40GHZ/ 512MB DDR/ 20GB HDD', 8, 1, 1, NULL, NULL, NULL, NULL, 'kaunter5 mn', 1, NULL, 'P2108', NULL, 25, NULL, NULL, NULL, NULL, NULL, '81', NULL, NULL, NULL, NULL, NULL, 'M', NULL, NULL),
(76, 'ICT76', NULL, 'PC BLACK	', 8, 1, 1, NULL, NULL, NULL, NULL, 'CCTVPJ', 9, NULL, NULL, NULL, 26, NULL, NULL, NULL, NULL, NULL, NULL, NULL, NULL, NULL, NULL, NULL, 'M', NULL, NULL),
(77, 'ICT77', NULL, 'P4 2.40GHZ/512MB DDR/20GB HDD', 8, 1, 1, NULL, NULL, '1301420030526', NULL, 'kaunter1pj', 1, NULL, NULL, NULL, 23, NULL, NULL, NULL, NULL, NULL, '68', NULL, NULL, NULL, NULL, NULL, 'M', NULL, NULL),
(78, 'ICT78', NULL, 'P4 2.40GHZ/226MB DDR/40GB HDD', 8, 1, 1, '2004-03-01', '2005-03-01', '00901Y20030526M', NULL, 'kaunter2pj', 10, '32', 'P6432', 3750, 26, NULL, NULL, NULL, NULL, NULL, '108', NULL, NULL, NULL, NULL, NULL, 'M', NULL, NULL),
(79, 'ICT79', NULL, 'P4 2.40GHZ/512MB DDR/40GB HDD', 8, 1, 1, NULL, NULL, 'BNC1602K090503', NULL, 'kaunter1 wM', 1, NULL, 'P6432', NULL, 24, NULL, NULL, NULL, 303, NULL, '85', NULL, NULL, NULL, NULL, NULL, 'M', NULL, NULL),
(80, 'ICT80', NULL, 'P4 1.70GHZ/RAM 512MB/HDD 20GB', 8, 1, 1, NULL, NULL, '20666834', NULL, NULL, 3, NULL, NULL, NULL, 199, NULL, NULL, NULL, 361, NULL, NULL, NULL, NULL, '2010-07-01', 4, NULL, 'M', NULL, NULL),
(81, 'ICT81', NULL, 'P4 2.40GHZ/512MB DDR/40GB HDD', 8, 1, 1, NULL, NULL, NULL, NULL, 'kaunter3 wM', 10, NULL, 'P2108', NULL, 24, NULL, NULL, NULL, 289, NULL, '83', NULL, NULL, NULL, NULL, NULL, 'M', NULL, NULL),
(82, 'ICT82', NULL, 'P4 2.40GHZ/512MB DDR/40GB HDD', 8, 1, 1, NULL, NULL, '00101Y20030526M', NULL, 'kaunter4 wM', 10, NULL, 'P2108', NULL, 24, NULL, NULL, NULL, 289, NULL, '82', NULL, NULL, NULL, NULL, NULL, 'M', NULL, NULL),
(83, 'ICT83', NULL, 'P4 1.70GHZ/ 256MB DDR/ 40GB HDD', 8, 1, 1, NULL, NULL, '20666828', NULL, 'dialisis1', 3, '87', NULL, NULL, 31, NULL, NULL, NULL, 361, NULL, '58', NULL, NULL, NULL, NULL, NULL, 'M', NULL, NULL),
(84, 'ICT84', NULL, 'P4 2.40GHZ/512MB DDR/40GB HDD', 8, 1, 1, NULL, NULL, '01001Y20030305', NULL, 'dialisis2', 10, NULL, NULL, NULL, 31, NULL, NULL, NULL, 289, NULL, '107', NULL, NULL, NULL, NULL, NULL, 'M', NULL, NULL),
(85, 'ICT85', NULL, 'P4 2.40GHZ/256 MB RAM/40GB HDD', 8, 1, 1, NULL, NULL, NULL, NULL, '	azlan', 1, NULL, NULL, NULL, 23, NULL, NULL, NULL, NULL, NULL, '71', NULL, NULL, NULL, NULL, NULL, 'M', NULL, NULL),
(86, 'ICT86', NULL, '15.4 WXGA TFT', 8, 1, 3, NULL, NULL, NULL, NULL, NULL, 12, NULL, NULL, NULL, 199, NULL, NULL, NULL, NULL, NULL, NULL, NULL, NULL, '2010-12-21', 5, NULL, 'L', NULL, NULL),
(87, 'ICT87', NULL, '15.4 WXGA TFT', 8, 1, 3, NULL, NULL, NULL, NULL, NULL, 12, '63', NULL, NULL, 22, NULL, NULL, NULL, NULL, NULL, NULL, NULL, NULL, '2013-05-17', 5, NULL, 'L', NULL, NULL),
(88, 'ICT88', NULL, 'BENQ 15\'\' LCD FP547', 3, 1, 3, NULL, NULL, 'BNC1602B0905303', NULL, 'affrini', 4, '086', NULL, NULL, 249, NULL, NULL, 3, NULL, NULL, '20', NULL, NULL, NULL, NULL, NULL, 'L', NULL, NULL),
(89, 'ICT89', NULL, 'DELL 15', 3, 1, 3, NULL, NULL, NULL, NULL, 'noraini', 2, NULL, NULL, NULL, 249, NULL, NULL, 4, NULL, NULL, NULL, NULL, NULL, NULL, NULL, NULL, 'L', NULL, NULL),
(90, 'ICT90', NULL, 'BENQ 15\'\' FP547', 1, 1, 3, NULL, NULL, 'BNC1602A090503M', NULL, 'suhaini', 4, '085', NULL, NULL, 249, NULL, NULL, 5, NULL, NULL, '6', NULL, NULL, NULL, NULL, NULL, 'L', NULL, NULL),
(91, 'ICT91', NULL, 'BENQ 15\'\' FP557', 1, 1, 3, NULL, NULL, '99L467255723900106TP1557', NULL, 'WANENDUN', 4, '004', NULL, NULL, 249, NULL, NULL, 6, NULL, NULL, '33', NULL, NULL, NULL, NULL, NULL, 'L', NULL, NULL),
(92, 'ICT92', NULL, 'BENQ 15\'\' FP547', 8, 1, 3, NULL, NULL, 'BNC1602D090503M', NULL, 'fakhrur', 4, '089', NULL, NULL, 9, NULL, NULL, 7, NULL, NULL, '50', NULL, NULL, '2014-12-05', 5, 'TELAH DILUPUSKAN 2011', 'L', NULL, NULL),
(93, 'ICT93', NULL, 'BENQ 15\'\' LCD FP547', 8, 1, 3, NULL, NULL, '99L797242731300012TL8427', NULL, 'aniqah', 4, '107', NULL, NULL, 9, NULL, NULL, 8, NULL, NULL, '51', NULL, NULL, '2014-12-05', 5, 'TELAH DILUPUSKAN', 'L', NULL, NULL),
(94, 'ICT94', NULL, 'DELL 14" CRT', 7, 1, 3, NULL, NULL, 'MY-0749CW-46632-23B-826Z', NULL, 'suhaila', 2, NULL, NULL, NULL, 249, NULL, NULL, 9, NULL, NULL, NULL, NULL, NULL, NULL, NULL, NULL, 'L', NULL, NULL),
(95, 'ICT95', NULL, 'BENQ 15', 8, 1, 3, NULL, NULL, NULL, NULL, 'zaidi', 4, '098', NULL, NULL, 9, NULL, NULL, 10, NULL, NULL, NULL, NULL, NULL, '2014-12-03', 1, 'KELULUSAN MESYUARAT BOD HSB 116-18/7/2014', 'L', NULL, NULL),
(96, 'ICT96', NULL, 'BENQ 15\'\' FP547', 8, 1, 3, NULL, NULL, 'BNC1602J090503M', NULL, 'Saufi', 4, '077', NULL, NULL, 9, NULL, NULL, 11, NULL, NULL, '49', NULL, NULL, '2014-12-05', 5, 'TELAH DILUPUSKAN', 'L', NULL, NULL),
(97, 'ICT97', NULL, 'TIADA', 8, 1, 3, NULL, NULL, NULL, NULL, 'jasri', NULL, '090', NULL, NULL, 9, NULL, NULL, 12, NULL, NULL, NULL, NULL, NULL, '2014-12-05', 5, 'TELAH DILUPUSKAN', 'L', NULL, NULL),
(98, 'ICT98', NULL, '15.4 WXGA TFT', 1, 1, 3, NULL, NULL, NULL, NULL, 'khalid', 12, NULL, NULL, NULL, 249, NULL, NULL, NULL, NULL, NULL, NULL, NULL, NULL, NULL, NULL, NULL, 'L', NULL, NULL),
(99, 'ICT99', NULL, 'BENQ 15\'\' LCD FP547', 1, 1, 3, NULL, NULL, '99L797242731300756TL8427', NULL, 'aidaabas', 4, NULL, NULL, NULL, 249, NULL, NULL, 14, NULL, NULL, '79', NULL, NULL, NULL, NULL, NULL, 'L', NULL, NULL),
(100, 'ICT100', NULL, 'BENQ 15', 8, 1, 3, NULL, NULL, NULL, NULL, 'ahmad', 4, '074', NULL, NULL, 222, NULL, NULL, 15, NULL, NULL, NULL, NULL, NULL, '2014-12-03', 1, 'KELULUSAN MESYUARAT BOD HSB 116-18/7/2014', 'L', NULL, NULL),
(101, 'ICT101', NULL, 'BENQ 15', 1, 1, 3, NULL, NULL, NULL, NULL, 'suhaimi', 4, '096', NULL, NULL, 249, NULL, NULL, 16, NULL, NULL, NULL, NULL, NULL, NULL, NULL, NULL, 'L', NULL, NULL),
(102, 'ICT102', NULL, 'DELL 14" CRT', 7, 1, 3, NULL, NULL, NULL, NULL, 'AIDA', 2, NULL, NULL, NULL, 249, NULL, NULL, 17, NULL, NULL, NULL, NULL, NULL, NULL, NULL, NULL, 'L', NULL, NULL),
(103, 'ICT103', NULL, '15.4 WXGA TFT', 1, 1, 3, NULL, NULL, NULL, NULL, 'norman', 12, '070', NULL, NULL, 249, NULL, NULL, NULL, NULL, NULL, NULL, NULL, NULL, NULL, NULL, NULL, 'L', NULL, NULL),
(104, 'ICT104', NULL, 'BENQ 15" FP557', 8, 1, 3, NULL, NULL, '120TP1557', NULL, 'norman', 4, NULL, NULL, NULL, 199, NULL, NULL, NULL, NULL, NULL, NULL, NULL, NULL, NULL, NULL, NULL, 'L', NULL, NULL),
(105, 'ICT105', NULL, 'BENQ 15" LCD FP557', 8, 1, 3, NULL, NULL, '99L467255723900054TP1557', NULL, 'azizah', 4, '087', NULL, NULL, 31, NULL, NULL, 83, 363, NULL, '58', NULL, NULL, '2014-06-04', 5, 'LUPUS DENGAN KEBENARAN RUJUKAN DRDOK : 279100', 'L', NULL, NULL),
(106, 'ICT106', NULL, '15.4 WXGA TFT', 1, 1, 3, NULL, NULL, NULL, NULL, 'saruji', 12, '029', NULL, NULL, 249, NULL, NULL, NULL, NULL, NULL, NULL, NULL, NULL, NULL, NULL, NULL, 'L', NULL, NULL),
(107, 'ICT107', NULL, 'BENQ 15\'\' FP 557', 1, 1, 3, NULL, NULL, '99L467255723900126TP1557', NULL, 'sakinah', 4, '017', NULL, NULL, 249, NULL, NULL, 22, NULL, NULL, '34', NULL, NULL, NULL, NULL, NULL, 'L', NULL, NULL),
(108, 'ICT108', NULL, '15.4 WXGA TFT', 1, 1, 3, NULL, NULL, NULL, NULL, 'azhan', 12, '071', NULL, NULL, 249, NULL, NULL, NULL, NULL, NULL, NULL, NULL, NULL, NULL, NULL, NULL, 'L', NULL, NULL),
(109, 'ICT109', NULL, '15.4 WXGA TFT', 8, 1, 3, NULL, NULL, NULL, NULL, 'azlan', 12, '051', NULL, NULL, 11, NULL, NULL, NULL, NULL, NULL, NULL, NULL, NULL, '2014-12-05', 5, 'TELAH DILUPUSKAN', 'L', NULL, NULL),
(110, 'ICT110', NULL, 'BENQ 15" LCD FP557', 8, 1, 3, NULL, NULL, '900103TP1557', NULL, 'dewi', 4, '106', NULL, NULL, 30, NULL, NULL, 25, 363, NULL, '54', NULL, NULL, '2014-06-04', 5, 'LUPUS DENGAN KEBENARAN RUJUKAN DRDOK : 279100', 'L', NULL, NULL),
(111, 'ICT111', NULL, '15.4 WXGA TFT', 1, 1, 3, NULL, NULL, NULL, NULL, 'hakim', 12, '012', NULL, NULL, 249, NULL, NULL, NULL, NULL, NULL, NULL, NULL, NULL, NULL, NULL, NULL, 'L', NULL, NULL),
(112, 'ICT112', NULL, 'DELL 15', 7, 1, 3, NULL, NULL, 'MY-0749CW-46632-23B-826Q', NULL, 'muhsini', 2, NULL, NULL, NULL, 249, NULL, NULL, 56, NULL, NULL, NULL, NULL, NULL, NULL, NULL, NULL, 'L', NULL, NULL),
(113, 'ICT113', NULL, 'DELL 14" CRT', 7, 1, 3, NULL, NULL, 'MY-0749CW-46632-23B-826T', NULL, 'masyitah', 2, NULL, NULL, NULL, 249, NULL, NULL, 28, NULL, NULL, NULL, NULL, NULL, NULL, NULL, NULL, 'L', NULL, NULL),
(114, 'ICT114', NULL, 'BENQ 15" LCD FP557', 8, 1, 3, NULL, NULL, NULL, NULL, 'cctv', 4, '083', NULL, NULL, 212, NULL, NULL, 29, 363, NULL, '8', NULL, NULL, '2014-06-04', 5, 'LUPUS DENGAN KEBENARAN RUJUKAN DRDOK : 279100', 'L', NULL, NULL),
(115, 'ICT115', NULL, 'BENQ 15\'\' FP531', 1, 1, 3, NULL, NULL, '99L0872ASM43900032TAPASM', NULL, 'farah', 4, '094', NULL, NULL, 249, NULL, NULL, 507, NULL, NULL, '32', NULL, NULL, NULL, NULL, NULL, 'L', NULL, NULL),
(116, 'ICT116', NULL, '	LG 15" LCD L1510S', 8, 1, 3, NULL, NULL, NULL, NULL, 'ASFA', 11, NULL, NULL, NULL, 199, NULL, NULL, NULL, NULL, NULL, NULL, NULL, NULL, NULL, NULL, NULL, 'L', NULL, NULL),
(117, 'ICT117', NULL, 'TIADA', 1, 1, 3, NULL, NULL, NULL, NULL, 'rafidah', NULL, NULL, NULL, NULL, 249, NULL, NULL, 32, NULL, NULL, NULL, NULL, NULL, NULL, NULL, NULL, 'L', NULL, NULL),
(118, 'ICT118', NULL, 'BENQ 15\' LCD FP553', 8, 1, 3, NULL, NULL, '99L2972B50', NULL, NULL, 4, 'LP001', NULL, NULL, 212, NULL, NULL, NULL, NULL, NULL, '64', NULL, NULL, '2013-05-13', 3, NULL, 'L', NULL, NULL),
(119, 'ICT119', NULL, '15.4 WXGA TFT', 1, 1, 3, NULL, NULL, NULL, NULL, 'azrin', 12, '035', NULL, NULL, 249, NULL, NULL, NULL, NULL, NULL, NULL, NULL, NULL, NULL, NULL, NULL, 'L', NULL, NULL),
(120, 'ICT120', NULL, 'BENQ 15\'\' FP547', 1, 1, 3, NULL, NULL, 'BNC1602L090503', NULL, 'razali', 4, '009', NULL, NULL, 249, NULL, NULL, 35, NULL, NULL, '53', NULL, NULL, NULL, NULL, NULL, 'L', NULL, NULL),
(121, 'ICT121', NULL, 'DELL 15', 1, 1, 3, NULL, NULL, NULL, NULL, 'niza', 2, '106', NULL, NULL, 249, NULL, NULL, 36, NULL, NULL, NULL, NULL, NULL, NULL, NULL, NULL, 'L', NULL, NULL),
(122, 'ICT122', NULL, 'BENQ 15" LCD FP557', 8, 1, 3, NULL, NULL, '900114TP1557', NULL, NULL, 4, '56', NULL, NULL, 12, NULL, NULL, NULL, 363, NULL, '45', NULL, NULL, '2013-05-31', 3, NULL, 'L', NULL, NULL),
(123, 'ICT123', NULL, 'BENQ 15\'\' LCD FP547', 1, 1, 3, NULL, NULL, '99L797262741700015TL8627', NULL, 'zulina', 4, '066', NULL, NULL, 249, NULL, NULL, 38, NULL, NULL, '41', NULL, NULL, NULL, NULL, NULL, 'L', NULL, NULL),
(124, 'ICT124', NULL, 'BENQ 15\'\' LCD FP547', 1, 1, 3, NULL, NULL, '99L797262741700039TL8627', NULL, 'azri', 4, '092', NULL, NULL, 249, NULL, NULL, 39, NULL, NULL, '46', NULL, NULL, NULL, NULL, NULL, 'L', NULL, NULL),
(125, 'ICT125', NULL, 'BENQ 15\'\' LCD FP547', 1, 1, 3, NULL, NULL, '99L797262741700016TL8627', NULL, 'missabah', 4, '028', NULL, NULL, 249, NULL, NULL, 40, NULL, NULL, '40', NULL, NULL, NULL, NULL, NULL, 'L', NULL, NULL),
(126, 'ICT126', NULL, 'BENQ 15\'\' LCD FP547', 1, 1, 3, NULL, NULL, '99L797262741700007TL8627', NULL, 'azreena', 4, '069', NULL, NULL, 249, NULL, NULL, 41, NULL, NULL, '42', NULL, NULL, NULL, NULL, NULL, 'L', NULL, NULL),
(127, 'ICT127', NULL, 'BENQ 15\'\' LCD FP547', 1, 1, 3, NULL, NULL, '99L797262741700053TL8627', NULL, 'Sabri', 4, '060', NULL, NULL, 249, NULL, NULL, 42, NULL, NULL, '44', NULL, NULL, NULL, NULL, NULL, 'L', NULL, NULL),
(128, 'ICT128', NULL, 'BENQ 15\'\' LCD FP547', 1, 1, 3, NULL, NULL, '99L797262741700054TL8627', NULL, 'norlaila', 4, '047', NULL, NULL, 249, NULL, NULL, 43, NULL, NULL, '43', NULL, NULL, NULL, NULL, NULL, 'L', NULL, NULL),
(129, 'ICT129', NULL, 'BENQ 15\'\' LCD FP547', 1, 1, 3, NULL, NULL, '41700026TL', NULL, 'rozy', 4, '028', NULL, NULL, 249, NULL, NULL, 44, NULL, NULL, '40', NULL, NULL, NULL, NULL, NULL, 'L', NULL, NULL),
(130, 'ICT130', NULL, '15.4 WXGA TFT', 1, 1, 3, NULL, NULL, NULL, NULL, 'mohd', 12, '038', NULL, NULL, 249, NULL, NULL, NULL, NULL, NULL, NULL, NULL, NULL, NULL, NULL, NULL, 'L', NULL, NULL),
(131, 'ICT131', NULL, 'BENQ 15', 1, 1, 3, NULL, NULL, NULL, NULL, 'Nurul', 4, '111', NULL, NULL, 249, NULL, NULL, 46, NULL, NULL, NULL, NULL, NULL, NULL, NULL, NULL, 'L', NULL, NULL),
(132, 'ICT132', NULL, 'DELL 14" CRT', 1, 1, 3, NULL, NULL, 'MY-0749CW-46632-23B-826Y', NULL, 'Nuzul', 2, 'P028', NULL, NULL, 249, NULL, NULL, 501, NULL, NULL, '14', NULL, NULL, NULL, NULL, NULL, 'L', NULL, NULL),
(133, 'ICT133', NULL, 'DELL 15', 1, 1, 3, NULL, NULL, NULL, NULL, 'husni', 2, '114', NULL, NULL, 249, NULL, NULL, 48, NULL, NULL, NULL, NULL, NULL, NULL, NULL, NULL, 'L', NULL, NULL),
(134, 'ICT134', NULL, 'BENQ 15', 1, 1, 3, NULL, NULL, NULL, NULL, 'EMMA', 4, '081', NULL, NULL, 249, NULL, NULL, 49, NULL, NULL, NULL, NULL, NULL, NULL, NULL, NULL, 'L', NULL, NULL),
(135, 'ICT135', NULL, '15.4 WXGA TFT', 1, 1, 3, NULL, NULL, NULL, NULL, 'hakemal', 12, '059', NULL, NULL, 249, NULL, NULL, NULL, NULL, NULL, NULL, NULL, NULL, NULL, NULL, NULL, 'L', NULL, NULL),
(136, 'ICT136', NULL, 'BENQ 15" LCD FP557', 8, 1, 3, NULL, NULL, '110TP1557', NULL, 'AMRAN', 4, '068', NULL, NULL, 21, NULL, NULL, 51, 363, NULL, '63', NULL, NULL, '2014-06-04', 5, 'LUPUS DENGAN KEBENARAN RUJUKAN DRDOK : 279100', 'L', NULL, NULL),
(137, 'ICT137', NULL, 'BENQ 15" LCD FP557', 8, 1, 3, NULL, NULL, '900097TP1557', NULL, 'ashukri', 4, '112', NULL, NULL, 225, NULL, NULL, 52, 363, NULL, '21', NULL, NULL, '2014-06-04', 5, 'LUPUS DENGAN KEBENARAN RUJUKAN DRDOK : 279100', 'L', NULL, NULL),
(138, 'ICT138', NULL, 'BENQ 15\'\' FP547', 1, 1, 3, NULL, NULL, 'BNC1602Q090503M', NULL, 'Fahmi', 4, '076', NULL, NULL, 249, NULL, NULL, 68, NULL, NULL, '55', NULL, NULL, NULL, NULL, NULL, 'L', NULL, NULL),
(139, 'ICT139', NULL, 'BENQ 15\'\' FP547', 1, 1, 3, NULL, NULL, 'BNC16020090503M', NULL, 'fairus', 4, '101', NULL, NULL, 249, NULL, NULL, 54, NULL, NULL, '56', NULL, NULL, NULL, NULL, NULL, 'L', NULL, NULL),
(140, 'ICT140', NULL, '15.4 WXGA TFT', 1, 1, 3, NULL, NULL, NULL, NULL, 'ghani', 12, NULL, NULL, NULL, 249, NULL, NULL, NULL, NULL, NULL, NULL, NULL, NULL, NULL, NULL, NULL, 'L', NULL, NULL),
(141, 'ICT141', NULL, 'DELL 15', 1, 1, 3, NULL, NULL, NULL, NULL, 'shaheezam', 2, '115', NULL, NULL, 249, NULL, NULL, 56, NULL, NULL, NULL, NULL, NULL, NULL, NULL, NULL, 'L', NULL, NULL),
(142, 'ICT142', NULL, 'BENQ 15\'\' LCD FP547', 8, 1, 3, NULL, NULL, 'BNC162P090503M', NULL, 'shah', 4, '078', NULL, NULL, 16, NULL, NULL, 57, 303, NULL, '13', NULL, NULL, '2014-06-04', 5, 'LUPUS DENGAN KEBENARAN RUJUKAN DRDOK : 279100', 'L', NULL, NULL),
(143, 'ICT143', NULL, 'BENQ 15\'\' FP557', 1, 1, 3, NULL, NULL, '99L467255723900143TP1557', NULL, 'Zahariaton', 4, '080', NULL, NULL, 249, NULL, NULL, 58, NULL, NULL, '37', NULL, NULL, NULL, NULL, NULL, 'L', NULL, NULL),
(144, 'ICT144', NULL, 'BENQ 15', 1, 1, 3, NULL, NULL, '99L797242731300071TL8427', NULL, 'firdaus', 4, '097', NULL, NULL, 249, NULL, NULL, 59, NULL, NULL, '11', NULL, NULL, NULL, NULL, NULL, 'L', NULL, NULL),
(145, 'ICT145', NULL, '15.4 WXGA TFT', 1, 1, 3, NULL, NULL, NULL, NULL, 'khairul', 12, '079', NULL, NULL, 249, NULL, NULL, NULL, NULL, NULL, NULL, NULL, NULL, NULL, NULL, NULL, 'L', NULL, NULL),
(146, 'ICT146', NULL, 'DELL 15', 1, 1, 3, NULL, NULL, NULL, NULL, 'training08', 2, NULL, NULL, NULL, 249, NULL, NULL, 61, NULL, NULL, NULL, NULL, NULL, NULL, NULL, NULL, 'L', NULL, NULL),
(147, 'ICT147', NULL, 'DELL 14" CRT', 7, 1, 3, NULL, NULL, NULL, NULL, 'traning07', 2, NULL, NULL, NULL, 249, NULL, NULL, 62, NULL, NULL, NULL, NULL, NULL, NULL, NULL, NULL, 'L', NULL, NULL),
(148, 'ICT148', NULL, 'BENQ 15" LCD FP557', 8, 1, 3, NULL, NULL, '99L467255723900101TP1557', NULL, 'kaunter2dz', 4, '108', NULL, NULL, 9, NULL, NULL, 63, NULL, NULL, '18', NULL, NULL, '2014-12-05', 5, 'TELAH DILUPUSKAN', 'L', NULL, NULL),
(149, 'ICT149', NULL, 'BENQ 15\'\' LCD FP547', 1, 1, 3, NULL, NULL, 'BNC1602F090503', NULL, 'kuanter1dz', 4, NULL, NULL, NULL, 249, NULL, NULL, 64, NULL, NULL, '73', NULL, NULL, NULL, NULL, NULL, 'L', NULL, NULL),
(150, 'ICT150', NULL, 'BENQ 15" LCD FP557', 1, 1, 3, NULL, NULL, '99L467255723900141TP1557', NULL, 'kaunter3dz', 4, NULL, NULL, NULL, 249, NULL, NULL, 65, NULL, NULL, '69', NULL, NULL, NULL, NULL, NULL, 'L', NULL, NULL),
(151, 'ICT151', NULL, 'ACER 17" X173W LCD MONITOR', 9, 1, 3, NULL, NULL, '882500F284200', NULL, 'call center', 27, NULL, NULL, NULL, 263, NULL, NULL, NULL, NULL, NULL, NULL, NULL, NULL, NULL, NULL, NULL, 'L', NULL, NULL),
(152, 'ICT152', NULL, 'ACER 17" X173W LCD MONITOR', 9, 1, 3, NULL, NULL, '88091EDB64200', NULL, 'kaunter1labuan', 27, NULL, NULL, NULL, 263, NULL, NULL, NULL, NULL, NULL, NULL, NULL, NULL, NULL, NULL, NULL, 'L', NULL, NULL),
(153, 'ICT153', NULL, 'ACER 17" X173W LCD MONITOR', 9, 1, 3, NULL, NULL, '88091ED834200', NULL, 'kaunter2labuan', 27, NULL, NULL, NULL, 263, NULL, NULL, NULL, NULL, NULL, NULL, NULL, NULL, NULL, NULL, NULL, 'L', NULL, NULL),
(154, 'ICT154', NULL, 'TIADA', 9, 1, 3, NULL, NULL, '88091EDBB4200', NULL, 'kaunter3labuan', 27, NULL, NULL, NULL, 263, NULL, NULL, NULL, NULL, NULL, NULL, NULL, NULL, NULL, NULL, NULL, 'L', NULL, NULL),
(155, 'ICT155', NULL, 'ACER 19" X193HQ LCD MONITOR', 9, 1, 3, NULL, NULL, '491304F7D4233', NULL, 'kaunter4labuan', 27, NULL, NULL, NULL, 263, NULL, NULL, NULL, NULL, NULL, NULL, NULL, NULL, NULL, NULL, NULL, 'L', NULL, NULL),
(156, 'ICT156', NULL, 'BENQ 15\'\' LCD FP547', 1, 1, 3, NULL, NULL, '99L797242731300721TL8427', NULL, 'kaunter1mn', 4, NULL, NULL, NULL, 249, NULL, NULL, NULL, NULL, NULL, '77', NULL, NULL, NULL, NULL, NULL, 'L', NULL, NULL),
(157, 'ICT157', NULL, 'BENQ 15\'\' LCD FP547', 1, 1, 3, NULL, NULL, '99L797242731300709TL8427', NULL, 'kaunter2mn', 4, NULL, NULL, NULL, 249, NULL, NULL, NULL, NULL, NULL, '80', NULL, NULL, NULL, NULL, NULL, 'L', NULL, NULL),
(158, 'ICT158', NULL, 'BENQ 15\'\' LCD FP547', 1, 1, 3, NULL, NULL, '99L797242731300144TL8427', NULL, 'kaunter3mn', 4, NULL, NULL, NULL, 249, NULL, NULL, NULL, NULL, NULL, '81', NULL, NULL, NULL, NULL, NULL, 'L', NULL, NULL),
(159, 'ICT159', NULL, 'ACER 17" AL1716W LCD MONITOR', 9, 1, 3, NULL, NULL, '82800ACA4314', NULL, 'kaunter4mn', 27, NULL, NULL, NULL, 263, NULL, NULL, NULL, NULL, NULL, NULL, NULL, NULL, NULL, NULL, NULL, 'L', NULL, NULL),
(160, 'ICT160', NULL, 'BENQ 15\'\' LCD FP547', 1, 1, 3, NULL, NULL, '99L797242731300701TL8427', NULL, 'kaunter5mn', 4, NULL, NULL, NULL, 249, NULL, NULL, NULL, NULL, NULL, '78', NULL, NULL, NULL, NULL, NULL, 'L', NULL, NULL),
(161, 'ICT161', NULL, 'kDS 14" CRT VS570I	', 8, 1, 3, NULL, NULL, '305007804', NULL, 'CCTVPJ', 13, NULL, NULL, NULL, 199, NULL, NULL, NULL, NULL, NULL, NULL, NULL, NULL, NULL, NULL, NULL, 'L', NULL, NULL),
(162, 'ICT162', NULL, 'BENQ 15', 1, 1, 3, NULL, NULL, NULL, NULL, 'kaunter1pj', 4, NULL, NULL, NULL, 249, NULL, NULL, 77, NULL, NULL, NULL, NULL, NULL, NULL, NULL, NULL, 'L', NULL, NULL),
(163, 'ICT163', NULL, 'BENQ 15', 1, 1, 3, NULL, NULL, NULL, NULL, 'kaunter2pj', 4, NULL, NULL, NULL, 249, NULL, NULL, 78, NULL, NULL, NULL, NULL, NULL, NULL, NULL, NULL, 'L', NULL, NULL),
(164, 'ICT164', NULL, 'BENQ 15\'\' LCD FP547', 8, 1, 3, NULL, NULL, '1300149TL8427', NULL, 'kaunter1wm', 4, NULL, NULL, NULL, 237, NULL, NULL, 82, 289, NULL, '82', NULL, NULL, '2014-06-04', 5, 'LUPUS DENGAN KEBENARAN RUJUKAN DRDOK : 279100', 'L', NULL, NULL),
(165, 'ICT165', NULL, 'BENQ 15\'\' LCD FP547', 1, 1, 3, NULL, NULL, '300151TL8427', NULL, 'kaunter2wm', 4, NULL, NULL, NULL, 249, NULL, NULL, NULL, NULL, NULL, '85', NULL, NULL, NULL, NULL, NULL, 'L', NULL, NULL),
(166, 'ICT166', NULL, 'BENQ 15\'\' LCD FP547', 8, 1, 3, NULL, NULL, '300090TL8427', NULL, 'kaunter3wm', 4, NULL, NULL, NULL, 237, NULL, NULL, 81, 289, NULL, '83', NULL, NULL, '2014-06-04', 5, 'LUPUS DENGAN KEBENARAN RUJUKAN DRDOK : 279100', 'L', NULL, NULL),
(167, 'ICT167', NULL, 'BENQ 15\'\' LCD FP547', 8, 1, 3, NULL, NULL, 'BNC1602G090503M', NULL, 'kaunter4wm', 4, NULL, NULL, NULL, 237, NULL, NULL, NULL, 303, NULL, '84', NULL, NULL, '2014-06-04', 5, 'LUPUS DENGAN KEBENARAN RUJUKAN DRDOK : 279100', 'L', NULL, NULL),
(168, 'ICT168', NULL, 'BENQ 15\'\' LCD FP547', 1, 1, 3, NULL, NULL, '1300707TL8427', NULL, 'dialisis1', 4, NULL, NULL, NULL, 249, NULL, NULL, NULL, NULL, NULL, '107', NULL, NULL, NULL, NULL, NULL, 'L', NULL, NULL),
(169, 'ICT169', NULL, 'TIADA', 8, 1, 3, NULL, NULL, NULL, NULL, 'dialisis2', NULL, NULL, NULL, NULL, 31, NULL, NULL, NULL, NULL, NULL, NULL, NULL, NULL, '2013-05-31', 3, NULL, 'L', NULL, NULL),
(170, 'ICT170', NULL, 'BENQ 15" LCD FP557', 1, 1, 3, NULL, NULL, '99L467255723900140TP1557', NULL, 'azlan', 4, NULL, NULL, NULL, 249, NULL, NULL, NULL, NULL, NULL, '71', NULL, NULL, NULL, NULL, NULL, 'L', NULL, NULL),
(171, 'ICT171', NULL, 'WINXP PRO', 1, 2, 1, '2005-05-06', '2006-05-06', NULL, 'INV/1072', 'rais', 15, '011', 'P14797', NULL, 201, NULL, NULL, 1, NULL, NULL, NULL, NULL, NULL, NULL, NULL, NULL, 'M', NULL, NULL),
(172, 'ICT172', NULL, 'WINXP PRO', 1, 2, 1, NULL, NULL, '55274-OEM-0014324-86072', NULL, 'mukshar', 15, '063', NULL, NULL, 22, NULL, NULL, 2, NULL, NULL, '98', NULL, NULL, NULL, NULL, NULL, 'M', NULL, NULL),
(173, 'ICT173', NULL, 'WINXP PRO', 1, 2, 1, NULL, NULL, 'RVF67-MJWY6-RBMTF-4P4YF-FXJMT', NULL, 'affrini', 15, '086', NULL, NULL, 219, NULL, NULL, 3, NULL, NULL, '20', 'YES', NULL, NULL, NULL, NULL, 'M', NULL, NULL),
(174, 'ICT174', NULL, 'WINXP PRO', 1, 2, 1, NULL, NULL, 'TBHYC-WTHVC-2B7GK-9F4WH-99D4Y', NULL, 'noraini', 15, '064', NULL, NULL, 219, NULL, NULL, 4, NULL, NULL, '15', 'YES', NULL, NULL, NULL, NULL, 'M', NULL, NULL),
(175, 'ICT175', NULL, 'WINXP PRO', 1, 2, 1, NULL, NULL, 'KBFRJ-2QWH9-PPRHM-QFMKQ-42YFY', NULL, 'suhaini', 15, '085', NULL, NULL, 219, NULL, NULL, 5, NULL, NULL, '6', 'YES', NULL, NULL, NULL, NULL, 'M', NULL, NULL),
(176, 'ICT176', NULL, 'WINXP PRO', 1, 2, 1, NULL, NULL, 'FH3X4-VVQQC-GP88W-V7XWD-RWONG', NULL, 'WANENDUN', 15, '004', NULL, NULL, 219, NULL, NULL, 6, 362, NULL, '33', 'YES', NULL, NULL, NULL, NULL, 'M', NULL, NULL),
(177, 'ICT177', NULL, 'WINXP PRO', 1, 2, 1, NULL, NULL, NULL, NULL, 'fakhrur', 15, '089', NULL, NULL, 9, NULL, NULL, 7, NULL, NULL, NULL, NULL, NULL, NULL, NULL, NULL, 'M', NULL, NULL),
(178, 'ICT178', NULL, 'WINXP PRO', 1, 2, 1, NULL, NULL, 'PZY9C-V9TTY-7D8BM-P6YCY-M4Y6W', NULL, 'aniqah', 15, '107', NULL, NULL, 9, NULL, NULL, 8, NULL, NULL, '51', 'YES', NULL, NULL, NULL, NULL, 'M', NULL, NULL),
(179, 'ICT179', NULL, 'WINXP PRO', 1, 2, 1, NULL, NULL, 'CW3HV-394RT-Y246V-KYQ6W-QPXDB', NULL, 'suhaila', 15, '099', NULL, NULL, 9, NULL, NULL, 9, NULL, NULL, '48', 'YES', NULL, NULL, NULL, NULL, 'M', NULL, NULL),
(180, 'ICT180', NULL, 'WINXP PRO', 1, 2, 1, NULL, NULL, 'J2WY9-VWDYM-9T23W-GT3PQ-6JX9T', NULL, 'zaidi', 15, '098', NULL, NULL, 9, NULL, NULL, 10, NULL, NULL, '52', 'YES', NULL, NULL, NULL, NULL, 'M', NULL, NULL),
(181, 'ICT181', NULL, 'WINXP PRO', 1, 2, 1, NULL, NULL, 'VM44P-GD76Q-8MTKY-TFR7F-H4X38', NULL, 'Saufi', 15, '077', NULL, NULL, 9, NULL, NULL, 11, NULL, NULL, '49', 'YES', NULL, NULL, NULL, NULL, 'M', NULL, NULL),
(182, 'ICT182', NULL, 'WINXP PRO', 1, 2, 1, NULL, NULL, 'VBVX7-BPW7B-DWMPG-2PYMC-V2CWG', NULL, 'jasri', 15, '090', NULL, NULL, 9, NULL, NULL, 12, NULL, NULL, '96', 'YES', NULL, NULL, NULL, NULL, 'M', NULL, NULL),
(183, 'ICT183', NULL, 'WINXP PRO', 1, 2, 1, NULL, NULL, 'XDYWQ-2PFKH-FXGX3-9HFYB-FKY98', NULL, 'khalid', 15, '078', NULL, NULL, 4, NULL, NULL, 13, NULL, NULL, '13', 'YES', NULL, NULL, NULL, NULL, 'M', NULL, NULL),
(184, 'ICT184', NULL, 'WINXP PRO', 1, 2, 1, NULL, NULL, 'GBP2W-HGFRK-6JVXG-MB749-QDTPW', NULL, 'aidaabas', 15, 'P027', NULL, NULL, 222, NULL, NULL, 14, NULL, NULL, '106', 'YES', NULL, NULL, NULL, NULL, 'M', NULL, NULL),
(185, 'ICT185', NULL, 'WINXP PRO', 1, 2, 1, NULL, NULL, NULL, NULL, 'ahmad', 15, '074', NULL, NULL, 222, NULL, NULL, 15, NULL, NULL, NULL, NULL, NULL, NULL, NULL, NULL, 'M', NULL, NULL),
(186, 'ICT186', NULL, 'WINXP PRO', 1, 2, 1, NULL, NULL, 'TH73Y-W9XR9-6JP4M-J2B8V-RJ736', NULL, 'suhaimi', 15, NULL, NULL, NULL, 222, NULL, NULL, 16, NULL, NULL, NULL, NULL, NULL, NULL, NULL, NULL, 'M', NULL, NULL),
(187, 'ICT187', NULL, 'WINDOWS 2000 PRO', 1, 2, 15, NULL, NULL, 'QVR7M-PQR68-T34BJ-B3RWG-36CV3', NULL, 'AIDA', 15, NULL, NULL, NULL, 222, NULL, NULL, 17, 23, NULL, NULL, 'YES', NULL, NULL, NULL, NULL, 'L', NULL, NULL),
(188, 'ICT188', NULL, 'WINXP PRO', 1, 2, 1, NULL, NULL, NULL, NULL, 'norman', 15, '070', NULL, NULL, 222, NULL, NULL, 18, NULL, NULL, NULL, NULL, NULL, NULL, NULL, NULL, 'M', NULL, NULL),
(189, 'ICT189', NULL, 'WINXP PRO', 1, 2, 1, NULL, NULL, 'GKKB3-MYHWV-73R76-7F464-YCDCW', NULL, 'norman', 15, '083', NULL, NULL, 222, NULL, NULL, 48, 362, NULL, '8', 'YES', NULL, NULL, NULL, NULL, 'M', NULL, NULL),
(190, 'ICT190', NULL, 'WINXP PRO', 1, 2, 1, NULL, NULL, 'HRG7F-BPM6D-QPHT7-JBMG6-RBHBD', NULL, 'azizah', 15, '087', NULL, NULL, 31, NULL, NULL, 20, 362, NULL, '58', 'YES', NULL, NULL, NULL, NULL, 'M', NULL, NULL),
(191, 'ICT191', NULL, 'WINXP PRO', 1, 2, 1, NULL, NULL, NULL, NULL, 'saruji', 15, NULL, NULL, NULL, 236, NULL, NULL, 21, NULL, NULL, '81', 'YES', NULL, NULL, NULL, NULL, 'M', NULL, NULL),
(192, 'ICT192', NULL, 'WINXP PRO', 1, 2, 1, NULL, NULL, 'DRFQB-X9XQR-6GBWF-2PDCK-6W9R3', NULL, 'sakinah', 15, '017', NULL, NULL, 219, NULL, NULL, 22, NULL, NULL, '34', 'YES', NULL, NULL, NULL, NULL, 'M', NULL, NULL),
(193, 'ICT193', NULL, 'WINXP PRO', 1, 2, 1, NULL, NULL, NULL, NULL, 'azhan', 15, '071', NULL, NULL, 219, NULL, NULL, 23, NULL, NULL, NULL, NULL, NULL, NULL, NULL, NULL, 'M', NULL, NULL),
(194, 'ICT194', NULL, 'WINXP PRO', 1, 2, 1, NULL, NULL, NULL, NULL, 'azlan', 15, '051', NULL, NULL, 11, NULL, NULL, 24, NULL, NULL, NULL, NULL, NULL, NULL, NULL, NULL, 'M', NULL, NULL),
(195, 'ICT195', NULL, 'WINXP PRO', 1, 2, 1, NULL, NULL, NULL, NULL, 'dewi', 15, NULL, NULL, NULL, 236, NULL, NULL, 25, NULL, NULL, '78', 'YES', NULL, NULL, NULL, NULL, 'M', NULL, NULL),
(196, 'ICT196', NULL, 'WINXP PRO', 1, 2, 1, NULL, NULL, NULL, NULL, 'hakim', 15, '012', NULL, NULL, 30, NULL, NULL, 26, NULL, NULL, NULL, NULL, NULL, NULL, NULL, NULL, 'M', NULL, NULL),
(197, 'ICT197', NULL, 'WINXP PRO', 1, 2, 1, NULL, NULL, 'DDT4F-PT8PR-PGVKW-B74T4-TYVT3', NULL, 'muhsini', 15, '032', NULL, NULL, 212, NULL, NULL, 78, NULL, NULL, '108', 'YES', NULL, NULL, NULL, NULL, 'M', NULL, NULL),
(198, 'ICT198', NULL, 'WINXP PRO', 1, 2, 1, NULL, NULL, NULL, NULL, 'masyitah', 15, NULL, NULL, NULL, 212, NULL, NULL, 28, NULL, NULL, NULL, NULL, NULL, NULL, NULL, NULL, 'M', NULL, NULL),
(199, 'ICT199', NULL, 'WINXP PRO', 1, 2, 1, NULL, NULL, 'Q68G6-8PMAX-VWHCR-7PBXP-WJC3T', NULL, 'cctv', 15, '119', NULL, NULL, 212, NULL, NULL, 56, NULL, NULL, '12', 'YES', NULL, NULL, NULL, NULL, 'M', NULL, NULL),
(200, 'ICT200', NULL, 'WINXP PRO', 1, 2, 1, NULL, NULL, 'KTFXV-DXHT7-MB69R-F6WB2-3HHW3', NULL, 'farah', 15, '094', NULL, NULL, 212, NULL, NULL, 507, NULL, NULL, '32', 'YES', NULL, NULL, NULL, NULL, 'M', NULL, NULL),
(201, 'ICT201', NULL, 'WINXP PRO', 1, 2, 1, NULL, NULL, 'JR729-R7YKY-J894H-G9WX9-H6JTY', NULL, 'ASFA', 15, '037', NULL, NULL, 212, NULL, NULL, 425, NULL, NULL, '28', 'YES', NULL, NULL, NULL, NULL, 'M', NULL, NULL),
(202, 'ICT202', NULL, 'WINXP PRO', 1, 2, 1, NULL, NULL, 'KR233-M433K-486PQ-W4JTV-9TJH6', NULL, 'rafidah', 15, '108', NULL, NULL, 212, NULL, NULL, 32, NULL, NULL, '18', 'YES', NULL, NULL, NULL, NULL, 'M', NULL, NULL),
(203, 'ICT203', NULL, 'WINXP PRO', 1, 2, 1, NULL, NULL, 'FDT47-26P2Q-GHQGK-3647X-GV3XD', NULL, 'dp', 15, NULL, NULL, NULL, 219, NULL, NULL, 500, NULL, NULL, '104', 'YES', NULL, NULL, NULL, NULL, 'M', NULL, NULL),
(204, 'ICT204', NULL, 'WINXP PRO', 1, 2, 1, NULL, NULL, 'FHJ9X-BP4QB-QCHCX-4RVHP-M2YKB', NULL, 'azrin', 15, '035', NULL, NULL, 212, NULL, NULL, 505, NULL, NULL, '17', 'YES', NULL, NULL, NULL, NULL, 'M', NULL, NULL),
(205, 'ICT205', NULL, 'WINXP PRO', 1, 2, 1, NULL, NULL, 'CBTMK-CTYFC-8W2JF-478QT-B33RY', NULL, 'razali', 15, '009', NULL, NULL, 13, NULL, NULL, 35, NULL, NULL, '53', 'YES', 1, NULL, NULL, NULL, 'M', NULL, NULL),
(206, 'ICT206', NULL, 'WINXP PRO', 1, 2, 1, NULL, NULL, NULL, NULL, 'niza', 15, NULL, NULL, NULL, 236, NULL, NULL, 36, NULL, NULL, '80', 'YES', NULL, NULL, NULL, NULL, 'M', NULL, NULL),
(207, 'ICT207', NULL, 'WINXP PRO', 1, 2, 1, NULL, NULL, 'VXG3H-WFQMT-GXFRY-QRXXY-P43B6', NULL, 'fatimah', 15, '056', NULL, NULL, 12, NULL, NULL, 37, 362, NULL, '45', 'YES', NULL, NULL, NULL, NULL, 'M', NULL, NULL),
(208, 'ICT208', NULL, 'WINXP PRO', 1, 2, 1, NULL, NULL, 'D2HFH-4KGDB-RD7W9-RV74B-V8MBQ', NULL, 'zulina', 15, '066', NULL, NULL, 12, NULL, NULL, 38, NULL, NULL, '41', 'YES', NULL, NULL, NULL, NULL, 'M', NULL, NULL),
(209, 'ICT209', NULL, 'WINXP PRO', 1, 2, 1, NULL, NULL, 'HX67F-WM4WW-8R4FF-QT7B4-BVV73', NULL, 'azri', 15, '092', NULL, NULL, 12, NULL, NULL, 39, NULL, NULL, '46', 'YES', NULL, NULL, NULL, NULL, 'M', NULL, NULL),
(210, 'ICT210', NULL, 'WINXP PRO', 1, 2, 1, NULL, NULL, 'DGQYV-M6KJ7-GW37D-QF4V4-233WB', NULL, 'missabah', 15, '028', NULL, NULL, 12, NULL, NULL, 40, NULL, NULL, '40', 'YES', NULL, NULL, NULL, NULL, 'M', NULL, NULL),
(211, 'ICT211', NULL, 'WINXP PRO', 1, 2, 1, NULL, NULL, NULL, NULL, 'azreena', 15, NULL, NULL, NULL, 199, NULL, NULL, 41, NULL, NULL, NULL, NULL, NULL, NULL, NULL, NULL, 'M', NULL, NULL),
(212, 'ICT212', NULL, 'WINXP PRO', 1, 2, 1, NULL, NULL, 'XD82G-FMPX6-HDTDB-G24MP-DV24M', NULL, 'Sabri', 15, '060', NULL, NULL, 12, NULL, NULL, 42, NULL, NULL, '44', 'YES', NULL, NULL, NULL, NULL, 'M', NULL, NULL),
(213, 'ICT213', NULL, 'WINXP PRO', 1, 2, 1, NULL, NULL, 'GRPBB-MVKVK-WW73H-B62HV-F3G06', NULL, 'norlaila', 15, '047', NULL, NULL, 12, NULL, NULL, 43, NULL, NULL, '43', 'YES', NULL, NULL, NULL, NULL, 'M', NULL, NULL),
(214, 'ICT214', NULL, 'WINXP PRO', 1, 2, 1, NULL, NULL, 'H3V6R-8VTBH-FGP3R-G286X-43GRT', NULL, 'rozy', 15, '100', NULL, NULL, 12, NULL, NULL, 44, NULL, NULL, '10', 'YES', NULL, NULL, NULL, NULL, 'M', NULL, NULL),
(215, 'ICT215', NULL, 'WINXP PRO', 1, 2, 1, NULL, NULL, 'JY732-2C7DQ-6J6HY-FTKJB-XMR6Y', NULL, 'mohd', 15, NULL, NULL, NULL, 235, NULL, NULL, 45, 362, NULL, '69', 'YES', NULL, NULL, NULL, NULL, 'M', NULL, NULL),
(216, 'ICT216', NULL, 'WINXP PRO', 1, 2, 1, NULL, NULL, NULL, NULL, 'Nurul', 15, '111', NULL, NULL, 212, NULL, NULL, 46, NULL, NULL, NULL, NULL, NULL, NULL, NULL, NULL, 'M', NULL, NULL),
(217, 'ICT217', NULL, 'WINXP PRO', 1, 2, 1, NULL, NULL, 'B8MK4-733M7-XV44D-M23PG-HRWMW', NULL, 'Nuzul', 15, '112', NULL, NULL, 225, NULL, NULL, 47, 362, NULL, '21', 'YES', NULL, NULL, NULL, NULL, 'M', NULL, NULL),
(218, 'ICT218', NULL, 'WINXP PRO', 1, 2, 1, NULL, NULL, 'CBHB9-RWVRJ-687RM-R6KV4-KPWBG', NULL, 'husni', 15, '114', NULL, NULL, 9, NULL, NULL, 68, NULL, NULL, '57', 'YES', NULL, NULL, NULL, NULL, 'M', NULL, NULL),
(219, 'ICT219', NULL, 'WINXP PRO', 1, 2, 1, NULL, NULL, 'TCKF6-WO204-776X7-D2VTN-FKKP3', NULL, 'EMMA', 15, '081', NULL, NULL, 17, NULL, NULL, 49, 362, NULL, '97', 'YES', NULL, NULL, NULL, NULL, 'M', NULL, NULL),
(220, 'ICT220', NULL, 'WINXP PRO', 1, 2, 1, NULL, NULL, NULL, NULL, 'hakemal', 15, '059', NULL, NULL, 11, NULL, NULL, 50, NULL, NULL, NULL, NULL, NULL, NULL, NULL, NULL, 'M', NULL, NULL),
(221, 'ICT221', NULL, 'WINXP PRO', 1, 2, 1, NULL, NULL, 'MK6BQ-32WY7-JBH98-QMF6G-8CYKJ', NULL, 'AMRAN', 15, '068', NULL, NULL, 21, NULL, NULL, 51, 362, NULL, '63', 'YES', NULL, NULL, NULL, NULL, 'M', NULL, NULL),
(222, 'ICT222', NULL, 'WINXP PRO', 1, 2, 1, NULL, NULL, '76487-OEM-0015325-79827', NULL, 'ashukri', 15, '054', NULL, NULL, 17, NULL, NULL, 52, NULL, NULL, '99', NULL, NULL, NULL, NULL, NULL, 'M', NULL, NULL),
(223, 'ICT223', NULL, 'WINXP PRO', 1, 2, 1, NULL, NULL, 'BRVJW-MH6GT-BJVK6-76Y9B-8TBPJ', NULL, 'Fahmi', 15, '076', NULL, NULL, 19, NULL, NULL, 53, NULL, NULL, '55', 'YES', NULL, NULL, NULL, NULL, 'M', NULL, NULL),
(224, 'ICT224', NULL, 'WINXP PRO', 1, 2, 1, NULL, NULL, 'RD6BF-QPYHC-WHKGM-F2TPF-9RRYT', NULL, 'fairus', 15, '101', NULL, NULL, 19, NULL, NULL, 54, NULL, NULL, '56', 'YES', NULL, NULL, NULL, NULL, 'M', NULL, NULL),
(225, 'ICT225', NULL, 'WINXP PRO', 1, 2, 1, NULL, NULL, 'WBXT7-94YH4-HQ4KV-HR9BB-THZWQ', NULL, 'ghani', 15, '069', NULL, NULL, 12, NULL, NULL, 55, NULL, NULL, '42', 'YES', NULL, NULL, NULL, NULL, 'M', NULL, NULL),
(226, 'ICT226', NULL, 'WINXP PRO', 1, 2, 1, NULL, NULL, 'V6868-PBYQB-9P9JX-7TFVT-376DB', NULL, 'shaheezam', 15, 'LP001', NULL, NULL, 235, NULL, NULL, 499, NULL, NULL, '64', 'YES', NULL, NULL, NULL, NULL, 'M', NULL, NULL),
(227, 'ICT227', NULL, 'WINXP PRO', 1, 2, 1, NULL, NULL, NULL, NULL, 'shah', 15, '078', NULL, NULL, 225, NULL, NULL, 57, NULL, NULL, NULL, NULL, NULL, NULL, NULL, NULL, 'M', NULL, NULL),
(228, 'ICT228', NULL, 'WINXP PRO', 1, 2, 1, NULL, NULL, 'DF4HG-Y446H-8HDW2-CCPQ9-F4F4W', NULL, 'Zahariaton', 15, '080', NULL, NULL, 16, NULL, NULL, 58, 362, NULL, '37', 'YES', NULL, NULL, NULL, NULL, 'M', NULL, NULL),
(229, 'ICT229', NULL, 'WINXP PRO', 1, 2, 1, NULL, NULL, 'KQFR8-24981-Q2MFX-XXYR3-CVR7D', NULL, 'firdaus', 15, '097', NULL, NULL, 225, NULL, NULL, 59, NULL, NULL, '11', 'YES', NULL, NULL, NULL, NULL, 'M', NULL, NULL);
INSERT INTO `assets` (`asset_id`, `ict_id`, `harta_id`, `butiran`, `status`, `kod_kategori`, `kod_sub_kategori`, `tkh_beli`, `tkh_jaminan`, `no_siri`, `no_invoice`, `no_rujukan`, `jenama`, `emp_id`, `kod_pembekal`, `harga_beli`, `lokasi_id`, `ipaddress`, `catatan`, `ict_no_master`, `pembelian_id`, `kod_pinjam`, `pengguna_id`, `kod_lesen`, `kod_auditict`, `tkh_disposed`, `kod_alasan_disp`, `catat_disp`, `kod_tahaprisiko`, `created_at`, `updated_at`) VALUES
(230, 'ICT230', NULL, 'WINXP PRO', 1, 2, 1, NULL, NULL, NULL, NULL, 'khairul', 15, '079', NULL, NULL, 225, NULL, NULL, 60, NULL, NULL, NULL, NULL, NULL, NULL, NULL, NULL, 'M', NULL, NULL),
(231, 'ICT231', NULL, 'WINXP PRO', 1, 2, 1, NULL, NULL, 'JFMBD-V4CGY-FXGGX-TVYCP-QH6H6', NULL, 'training08', 15, NULL, NULL, NULL, 26, NULL, NULL, 61, NULL, NULL, '94', 'YES', NULL, NULL, NULL, NULL, 'M', NULL, NULL),
(232, 'ICT232', NULL, 'WINXP PRO', 1, 2, 1, NULL, NULL, 'KM23Y-CRTFK-KDWRQ-FFHCP-7YTD6', NULL, 'traning07', 15, NULL, NULL, NULL, 222, NULL, NULL, 62, NULL, NULL, '100', 'YES', NULL, NULL, NULL, NULL, 'M', NULL, NULL),
(233, 'ICT233', NULL, 'WINXP PRO', 1, 2, 1, NULL, NULL, 'VDQDV-24F8W-2HYPJ-VGW84-BJ8BQ', NULL, 'kaunter2dz', 15, NULL, NULL, NULL, 235, NULL, NULL, 66, NULL, NULL, '73', 'YES', NULL, NULL, NULL, NULL, 'M', NULL, NULL),
(234, 'ICT234', NULL, 'WINXP PRO', 1, 2, 1, NULL, NULL, 'CM46F-R7P6T-9MHBX-JXV76-W9KYT', NULL, 'kuanter1dz', 15, NULL, NULL, NULL, 235, NULL, NULL, 64, NULL, NULL, '72', 'YES', NULL, NULL, NULL, NULL, 'M', NULL, NULL),
(235, 'ICT235', NULL, 'WINXP PRO', 1, 2, 1, NULL, NULL, NULL, NULL, 'kaunter3dz', 15, NULL, NULL, NULL, 199, NULL, NULL, 65, NULL, NULL, NULL, NULL, NULL, NULL, NULL, NULL, 'M', NULL, NULL),
(236, 'ICT236', NULL, 'WINXP PRO', 1, 2, 1, NULL, NULL, 'QV368-87YW3-XCR43-FZCWY-9V7BM', NULL, 'call center', 15, NULL, NULL, NULL, 235, NULL, NULL, 66, NULL, NULL, '70', 'YES', NULL, NULL, NULL, NULL, 'M', NULL, NULL),
(237, 'ICT237', NULL, 'WINXP PRO', 1, 2, 1, NULL, NULL, NULL, NULL, 'kaunter1labuan', 15, NULL, NULL, NULL, 28, NULL, NULL, 67, NULL, NULL, NULL, NULL, NULL, NULL, NULL, NULL, 'M', NULL, NULL),
(238, 'ICT238', NULL, 'WINXP PRO', 1, 2, 1, NULL, NULL, NULL, NULL, 'kaunter2labuan', 15, NULL, NULL, NULL, 28, NULL, NULL, 68, NULL, NULL, NULL, NULL, NULL, NULL, NULL, NULL, 'M', NULL, NULL),
(239, 'ICT239', NULL, 'WINXP PRO', 1, 2, 1, NULL, NULL, 'KR233-M433F-486PQ-W4JTV-9TJH6', NULL, 'kaunter3labuan', 15, '108', NULL, NULL, 9, NULL, NULL, 69, NULL, NULL, '18', 'YES', NULL, NULL, NULL, NULL, 'M', NULL, NULL),
(240, 'ICT240', NULL, 'WINXP PRO', 1, 2, 1, NULL, NULL, NULL, NULL, 'kaunter4labuan', 15, NULL, NULL, NULL, 236, NULL, NULL, 70, NULL, NULL, '79', 'YES', NULL, NULL, NULL, NULL, 'M', NULL, NULL),
(241, 'ICT241', NULL, 'WINXP PRO', 1, 2, 1, NULL, NULL, 'VCJXQ-VV2BQ-43TFR-DMBDF-QR99G', NULL, 'kaunter1mn', 15, '117', NULL, NULL, 22, NULL, NULL, 71, NULL, NULL, '39', 'YES', NULL, NULL, NULL, NULL, 'M', NULL, NULL),
(242, 'ICT242', NULL, 'WINXP PRO', 1, 2, 1, NULL, NULL, 'DWVD9-BX2TW-WGJR8-WT72T-QG7KY', NULL, 'kaunter2mn', 15, '118', NULL, NULL, 225, NULL, NULL, 72, NULL, NULL, '38', 'YES', NULL, NULL, NULL, NULL, 'M', NULL, NULL),
(243, 'ICT243', NULL, 'WINXP PRO', 1, 2, 1, NULL, NULL, NULL, NULL, 'kaunter3mn', 15, NULL, NULL, NULL, 236, NULL, NULL, 73, NULL, NULL, '77', 'YES', NULL, NULL, NULL, NULL, 'M', NULL, NULL),
(244, 'ICT244', NULL, 'WINXP PRO', 1, 2, 1, NULL, NULL, 'JBTMQ-PQMWM-QQHQR-RRP82-R7T26', NULL, 'kaunter4mn', 15, NULL, NULL, NULL, 212, NULL, NULL, 74, NULL, NULL, '31', 'YES', NULL, NULL, NULL, NULL, 'M', NULL, NULL),
(245, 'ICT245', NULL, 'WINXP PRO', 1, 2, 1, NULL, NULL, 'KJ9GH-G2828-M42FR-GGYQW-X94MM', NULL, 'kaunter5mn', 15, '106', NULL, NULL, 225, NULL, NULL, 75, NULL, NULL, '54', 'YES', NULL, NULL, NULL, NULL, 'M', NULL, NULL),
(246, 'ICT246', NULL, 'WIN98 SE', 1, 2, 14, NULL, NULL, '11203-OEM-0092253-44835', NULL, 'CCTVPJ', 15, NULL, NULL, NULL, 26, NULL, NULL, 76, NULL, NULL, '74', 'YES', NULL, NULL, NULL, NULL, 'L', NULL, NULL),
(247, 'ICT247', NULL, 'WINXP PRO', 1, 2, 1, NULL, NULL, 'XD3WM-2HR8C-KKQXX-DQ9JP-CXBJ6', NULL, 'kaunter1pj', 15, NULL, NULL, NULL, 26, NULL, NULL, 77, 362, NULL, '95', 'YES', NULL, NULL, NULL, NULL, 'M', NULL, NULL),
(248, 'ICT248', NULL, 'WINXP PRO', 1, 2, 1, NULL, NULL, 'HCCYF-X7QPH-7PH4V-7TWB3-CHHGT', NULL, 'kaunter2pj', 15, NULL, NULL, NULL, 26, NULL, NULL, 78, NULL, NULL, '93', 'YES', NULL, NULL, NULL, NULL, 'M', NULL, NULL),
(249, 'ICT249', NULL, 'WINXP PRO', 1, 2, 1, NULL, NULL, 'JKXQ4-3R76B-XBD99-GP9HC-RO2BQ', NULL, 'kaunter1wm', 15, NULL, NULL, NULL, 222, NULL, NULL, 79, NULL, NULL, '2', 'YES', NULL, NULL, NULL, NULL, 'M', NULL, NULL),
(250, 'ICT250', NULL, 'WINXP PRO', 1, 2, 1, NULL, NULL, NULL, NULL, 'kaunter2wm', 15, NULL, NULL, NULL, 237, NULL, NULL, 80, NULL, NULL, NULL, NULL, NULL, NULL, NULL, NULL, 'M', NULL, NULL),
(251, 'ICT251', NULL, 'WINXP PRO', 1, 2, 1, NULL, NULL, 'VVTMF-7WCJW-7WFH4-HRQMW-23JBB', NULL, 'kaunter3wm', 15, NULL, NULL, NULL, 237, NULL, NULL, 81, NULL, NULL, '85', 'YES', NULL, NULL, NULL, NULL, 'M', NULL, NULL),
(252, 'ICT252', NULL, 'WINXP PRO', 1, 2, 1, NULL, NULL, 'JKXQ4-3R76B-X8D99-GP9HC-TD2BQ', NULL, 'kaunter4wm', 15, NULL, NULL, NULL, 237, NULL, NULL, 82, 362, NULL, '84', 'YES', NULL, NULL, NULL, NULL, 'M', NULL, NULL),
(253, 'ICT253', NULL, 'WINXP PRO', 1, 2, 1, NULL, NULL, 'M3HHW-W2MX6-3JDFK-72BW6-X29PB', NULL, 'dialisis1', 15, NULL, NULL, NULL, 199, NULL, NULL, 83, 362, NULL, '91', 'YES', NULL, NULL, NULL, NULL, 'M', NULL, NULL),
(254, 'ICT254', NULL, 'WINXP PRO', 1, 2, 1, NULL, NULL, 'VWBWR-W7R3P-MMVKR-X4BDX-WYKGY', NULL, 'dialisis2', 15, NULL, NULL, NULL, 199, NULL, NULL, 84, NULL, NULL, '92', 'YES', NULL, NULL, NULL, NULL, 'M', NULL, NULL),
(255, 'ICT255', NULL, 'WINXP PRO', 1, 2, 1, NULL, NULL, 'M7RCJ-WTJ7M-7XV36-6TPW9-HWYKY', NULL, 'azlan', 15, NULL, NULL, NULL, 235, NULL, NULL, 85, NULL, NULL, '71', 'YES', NULL, NULL, NULL, NULL, 'M', NULL, NULL),
(256, 'ICT256', NULL, 'ADOBE PAGEMAKER 6.5', 1, 2, 4, NULL, NULL, '03W651R7100416-005-134', NULL, 'noraini', 16, '064', NULL, NULL, 219, NULL, NULL, 4, NULL, NULL, '15', 'YES', NULL, NULL, NULL, NULL, 'L', NULL, NULL),
(257, 'ICT257', NULL, 'ADOBE PAGEMAKER', 1, 2, 4, NULL, NULL, NULL, NULL, 'fakhrur', 16, '089', NULL, NULL, 9, NULL, NULL, 7, NULL, NULL, NULL, NULL, NULL, NULL, NULL, NULL, 'L', NULL, NULL),
(258, 'ICT258', NULL, 'ADOBE PAGEMAKER', 1, 2, 4, NULL, NULL, NULL, NULL, 'aidaabas', 16, 'P018', NULL, NULL, 222, NULL, NULL, 17, NULL, NULL, NULL, NULL, NULL, NULL, NULL, NULL, 'L', NULL, NULL),
(259, 'ICT259', NULL, 'ADOBE PAGEMAKER', 1, 2, 4, NULL, NULL, NULL, NULL, 'norman', 16, '070', NULL, NULL, 222, NULL, NULL, 19, NULL, NULL, NULL, NULL, NULL, NULL, NULL, NULL, 'L', NULL, NULL),
(260, 'ICT260', NULL, 'ADOBE PAGEMAKER 6.5', 1, 2, 4, NULL, NULL, '03W651R7100416-005-134', NULL, 'azizah', 16, '087', NULL, NULL, 21, NULL, NULL, 20, NULL, NULL, '58', 'YES', NULL, NULL, NULL, NULL, 'L', NULL, NULL),
(261, 'ICT261', NULL, 'ADOBE PAGEMAKER 7.0', 1, 2, 4, NULL, NULL, '1045-1201-8688-7611-8024-7727', NULL, 'muhsini', 16, '027', NULL, NULL, 212, NULL, NULL, 27, NULL, NULL, '27', 'YES', NULL, NULL, NULL, NULL, 'L', NULL, NULL),
(262, 'ICT262', NULL, 'ADOBE PHOTOSHOP 7.0', 1, 2, 17, NULL, NULL, '1045-1201-8688-7611-8024-7727', NULL, 'masyitah', 16, '109', NULL, NULL, 212, NULL, NULL, 28, NULL, NULL, '30', 'YES', NULL, NULL, NULL, NULL, 'L', NULL, NULL),
(263, 'ICT263', NULL, 'ADOBE PAGEMAKER', 1, 2, 4, NULL, NULL, NULL, NULL, 'farah', 16, NULL, NULL, NULL, 199, NULL, NULL, NULL, NULL, NULL, NULL, NULL, NULL, NULL, NULL, NULL, 'L', NULL, NULL),
(264, 'ICT264', NULL, 'ADOBE PHOTOSHOP 7.0', 1, 2, 17, NULL, NULL, '1045-1201-8688-7611-8024-7727', NULL, 'ASFA', 16, '037', NULL, NULL, 222, NULL, NULL, 31, NULL, NULL, '5', 'YES', NULL, NULL, NULL, NULL, 'L', NULL, NULL),
(265, 'ICT265', NULL, 'ADOBE PAGEMAKER 7.0', 1, 2, 4, NULL, NULL, '1045-1201-8688-7611-8024-7727', NULL, 'rafidah', 16, '108', NULL, NULL, 9, NULL, NULL, 32, NULL, NULL, '18', 'YES', NULL, NULL, NULL, NULL, 'L', NULL, NULL),
(266, 'ICT266', NULL, 'ADOBE PAGEMAKER', 1, 2, 4, NULL, NULL, '1039-1200-9031-7491-1399-2591', NULL, 'dp', 16, '097', NULL, NULL, 225, NULL, NULL, 33, NULL, NULL, '11', NULL, NULL, NULL, NULL, NULL, 'L', NULL, NULL),
(267, 'ICT267', NULL, 'ADOBE PAGEMAKER 7.0', 1, 2, 4, NULL, NULL, '1045-1201-8688-7611-8024-7727', NULL, 'fatimah', 16, '056', NULL, NULL, 12, NULL, NULL, 37, NULL, NULL, '45', 'YES', NULL, NULL, NULL, NULL, 'L', NULL, NULL),
(268, 'ICT268', NULL, 'ADOBE PAGEMAKER', 1, 2, 4, NULL, NULL, NULL, NULL, 'azreena', 16, NULL, NULL, NULL, 199, NULL, NULL, NULL, NULL, NULL, NULL, NULL, NULL, NULL, NULL, NULL, 'L', NULL, NULL),
(269, 'ICT269', NULL, 'ADOBE PAGEMAKER', 1, 2, 4, NULL, NULL, NULL, NULL, 'Nurul', 16, NULL, NULL, NULL, 199, NULL, NULL, NULL, NULL, NULL, NULL, NULL, NULL, NULL, NULL, NULL, 'L', NULL, NULL),
(270, 'ICT270', NULL, 'ADOBE PAGEMAKER 6.5', 1, 2, 4, NULL, NULL, '03W651R7100416-005-134', NULL, 'Nuzul', 16, '112', NULL, NULL, 14, NULL, NULL, 47, NULL, NULL, '21', 'YES', NULL, NULL, NULL, NULL, 'L', NULL, NULL),
(271, 'ICT271', NULL, 'ADOBE PAGEMAKER 6.5', 1, 2, 4, NULL, NULL, '03W651R7100416-005-134', NULL, 'EMMA', 16, '081', NULL, NULL, 22, NULL, NULL, 49, NULL, NULL, '97', 'YES', NULL, NULL, NULL, NULL, 'L', NULL, NULL),
(272, 'ICT272', NULL, 'ADOBE PAGEMAKER', 1, 2, 4, NULL, NULL, NULL, NULL, 'AMRAN', 16, '068', NULL, NULL, 21, NULL, NULL, 51, NULL, NULL, NULL, NULL, NULL, NULL, NULL, NULL, 'L', NULL, NULL),
(273, 'ICT273', NULL, 'ADOBE PAGEMAKER 7.0', 1, 2, 4, NULL, NULL, '1045-1201-8688-7611-8024-7727', NULL, 'ashukri', 16, '037', NULL, NULL, 30, NULL, NULL, 52, NULL, NULL, '28', 'YES', NULL, NULL, NULL, NULL, 'L', NULL, NULL),
(274, 'ICT274', NULL, 'ADOBE PAGEMAKER', 1, 2, 4, NULL, NULL, NULL, NULL, 'Fahmi', 16, '076', NULL, NULL, 19, NULL, NULL, 53, NULL, NULL, NULL, NULL, NULL, NULL, NULL, NULL, 'L', NULL, NULL),
(275, 'ICT275', NULL, 'ADOBE PAGEMAKER 6.5', 1, 2, 4, NULL, NULL, '03W651R7100416-005-134', NULL, 'Zahariaton', 16, '080', NULL, NULL, 4, NULL, NULL, 58, NULL, NULL, '37', 'YES', NULL, NULL, NULL, NULL, 'L', NULL, NULL),
(276, 'ICT276', NULL, 'HP LASERJET 2420', 1, 1, 4, '2005-02-17', '2006-02-17', 'CNFJD39290', 'EGS-INV/00237', 'AMRAN', 17, '083', 'P10242', 3250, 249, NULL, NULL, NULL, NULL, NULL, '8', NULL, NULL, NULL, NULL, NULL, 'L', NULL, NULL),
(277, 'ICT277', NULL, 'HP DESKJET 950C', 1, 1, 4, NULL, NULL, 'CN96J1A2C1PN', NULL, 'SUHAIMI', 17, NULL, NULL, NULL, 249, NULL, NULL, 16, NULL, NULL, NULL, NULL, NULL, NULL, NULL, NULL, 'L', NULL, NULL),
(278, 'ICT278', NULL, 'HP LASERJET 4', 8, 1, 4, NULL, NULL, 'JPBS048888', NULL, NULL, 17, 'LP001', NULL, NULL, 3, NULL, NULL, NULL, NULL, NULL, '64', NULL, NULL, '2012-03-05', 1, NULL, 'L', NULL, NULL),
(279, 'ICT279', NULL, 'TALLY T5023', 9, 1, 4, NULL, NULL, NULL, NULL, NULL, 19, NULL, NULL, NULL, 249, NULL, NULL, NULL, NULL, NULL, NULL, NULL, NULL, NULL, NULL, NULL, 'L', NULL, NULL),
(280, 'ICT280', NULL, 'OKI MICROLINE 590', 9, 1, 4, NULL, NULL, '207D400D088', NULL, 'SUHAILI', 20, NULL, NULL, NULL, 249, NULL, NULL, 5, NULL, NULL, NULL, NULL, NULL, NULL, NULL, NULL, 'L', NULL, NULL),
(281, 'ICT281', NULL, 'CANON LBP-810', 9, 1, 4, NULL, NULL, 'L10576E', NULL, 'DP', 18, NULL, NULL, NULL, 249, NULL, NULL, 33, NULL, NULL, NULL, NULL, NULL, NULL, NULL, NULL, 'L', NULL, NULL),
(282, 'ICT282', NULL, 'EPSONSTYLUS CX3100', 1, 1, 4, NULL, NULL, 'ENQK006366K', NULL, 'DP', 22, NULL, NULL, NULL, 233, NULL, NULL, NULL, NULL, NULL, '31', NULL, NULL, NULL, NULL, NULL, 'L', NULL, NULL),
(283, 'ICT283', NULL, 'RICOH COLOR LASER AP206', 9, 1, 4, NULL, NULL, 'ER90962043/P6930400308', NULL, 'ASFA', 21, NULL, NULL, NULL, 249, NULL, NULL, 31, NULL, NULL, '31', NULL, NULL, NULL, NULL, NULL, 'L', NULL, NULL),
(284, 'ICT284', NULL, 'OKI MICROLINE 590', 9, 1, 4, NULL, NULL, '206A1001606', NULL, 'SABRI', 20, NULL, NULL, NULL, 249, NULL, NULL, 42, NULL, NULL, NULL, NULL, NULL, NULL, NULL, NULL, 'L', NULL, NULL),
(285, 'ICT285', NULL, 'OKI MICROLINE 790', 8, 1, 4, NULL, NULL, '305BB2000075', NULL, 'AZRI', 20, NULL, NULL, NULL, 222, NULL, NULL, 39, 300, NULL, NULL, NULL, NULL, '2014-06-04', 5, 'LUPUS DENGAN KEBENARAN RUJUKAN DRDOK : 279100', 'L', NULL, NULL),
(286, 'ICT286', NULL, 'OKI MICROLINE 590', 8, 1, 4, NULL, NULL, '910A0037028', NULL, 'MISSABAH', 20, NULL, NULL, NULL, 199, NULL, NULL, NULL, NULL, NULL, NULL, NULL, NULL, NULL, NULL, NULL, 'L', NULL, NULL),
(287, 'ICT287', NULL, 'OKI MICROLINE 590', 8, 1, 4, NULL, NULL, '910A0037200', NULL, 'AZRI', 20, NULL, NULL, NULL, 222, NULL, NULL, 39, 379, NULL, NULL, NULL, NULL, '2014-06-04', 5, 'LUPUS DENGAN KEBENARAN RUJUKAN DRDOK : 279100', 'L', NULL, NULL),
(288, 'ICT288', NULL, 'HP LASERJET 2420', 8, 1, 4, '2005-02-17', '2006-02-17', 'CNFJF39113', 'EGS-INV/00237', 'MOHAMMED', 17, NULL, 'P10242', 3250, 199, NULL, NULL, NULL, NULL, NULL, NULL, NULL, NULL, '2013-05-31', 1, 'DISPOSED PADA 2011', 'L', NULL, NULL),
(289, 'ICT289', NULL, 'TALLY T6050', 8, 1, 4, NULL, NULL, 'A46J095376', NULL, 'ZULINA', 19, NULL, NULL, NULL, 199, NULL, NULL, NULL, NULL, NULL, NULL, NULL, NULL, '2013-05-31', 1, 'DISPOSED PADA 2011', 'L', NULL, NULL),
(290, 'ICT290', NULL, 'OKI MICROLINE 790', 8, 1, 4, NULL, NULL, '305BB2000165', NULL, 'DZ1', 20, NULL, NULL, NULL, 199, NULL, NULL, NULL, NULL, NULL, NULL, NULL, NULL, '2014-12-05', 5, 'SUDAH DILUPUSKAN 2011', 'L', NULL, NULL),
(291, 'ICT291', NULL, '0KI MICROLINE 790', 9, 1, 4, NULL, NULL, '401BB201326', NULL, 'DZ2', 20, NULL, NULL, NULL, 249, NULL, NULL, 63, NULL, NULL, '71', NULL, NULL, NULL, NULL, NULL, 'L', NULL, NULL),
(292, 'ICT292', NULL, 'TALLY T5023', 8, 1, 4, NULL, NULL, '5002025889', NULL, 'DZ3', 19, NULL, NULL, NULL, 263, NULL, NULL, NULL, NULL, NULL, NULL, NULL, 1, '2014-09-05', 5, 'TENDER 2 /2014', 'L', NULL, NULL),
(293, 'ICT293', NULL, 'OKI MICROLINE 590', 8, 1, 4, NULL, NULL, '910A0037035', NULL, 'DZ4', 20, NULL, NULL, NULL, 235, NULL, NULL, NULL, 380, NULL, NULL, NULL, NULL, '2014-06-04', 5, 'LUPUS DENGAN KEBENARAN RUJUKAN DRDOK : 279100', 'L', NULL, NULL),
(294, 'ICT294', NULL, 'HP LASERJET 1200', 9, 1, 4, NULL, NULL, 'CNCJP98565', NULL, 'DZ', 17, NULL, NULL, NULL, 249, NULL, NULL, NULL, NULL, NULL, NULL, NULL, NULL, NULL, NULL, NULL, 'L', NULL, NULL),
(295, 'ICT295', NULL, '	OKI MICROLINE 590', 8, 1, 4, NULL, NULL, '08AN4003601K	', NULL, '	AZHAn', 20, NULL, NULL, NULL, 199, NULL, NULL, NULL, NULL, NULL, NULL, NULL, NULL, NULL, NULL, NULL, 'L', NULL, NULL),
(296, 'ICT296', NULL, 'CANON LBP-810', 9, 1, 4, NULL, NULL, 'L10576E/CS7508N', NULL, 'NORAINI', 18, '064', NULL, NULL, 249, NULL, NULL, 4, NULL, NULL, '15', NULL, NULL, NULL, NULL, NULL, 'L', NULL, NULL),
(297, 'ICT297', NULL, 'TALLY T5023', 1, 1, 4, '2004-09-03', '2005-09-03', '5002021863', NULL, 'WANENDUN', 19, NULL, 'P10061', 4980, 249, NULL, NULL, 500, NULL, NULL, '104', NULL, NULL, NULL, NULL, NULL, 'L', NULL, NULL),
(298, 'ICT298', NULL, 'HP LASERJET 2200', 8, 1, 4, NULL, NULL, 'SGKGJ84850', NULL, 'FATIMAH', 17, NULL, NULL, NULL, 199, NULL, NULL, NULL, NULL, NULL, NULL, NULL, NULL, '2013-05-31', 1, 'DISPOSED PADA 2011', 'L', NULL, NULL),
(299, 'ICT299', NULL, 'HP LASERJET 1100', 9, 1, 4, NULL, NULL, 'SGGJ012848', NULL, 'HAKIM', 17, NULL, NULL, NULL, 249, NULL, NULL, NULL, NULL, NULL, NULL, NULL, NULL, NULL, NULL, NULL, 'L', NULL, NULL),
(300, 'ICT300', NULL, 'HP LASERJET 4 PLUS', 1, 1, 4, NULL, NULL, 'JPFQ049661', NULL, 'ASFA', 17, '087', NULL, NULL, 249, NULL, NULL, 31, NULL, NULL, '58', NULL, NULL, NULL, NULL, NULL, 'L', NULL, NULL),
(301, 'ICT301', NULL, 'HP LASERJET 2200D', 9, 1, 4, NULL, NULL, 'SGKGB93250', NULL, 'MUHSINI', 17, NULL, NULL, NULL, 249, NULL, NULL, NULL, NULL, NULL, NULL, NULL, NULL, NULL, NULL, NULL, 'L', NULL, NULL),
(302, 'ICT302', NULL, 'OKI MICROLINE 590', 8, 1, 4, NULL, NULL, '206A1001604', NULL, 'FARAH', 20, NULL, NULL, NULL, 199, NULL, NULL, 30, 375, NULL, NULL, NULL, NULL, '2014-06-04', 5, 'LUPUS DENGAN KEBENARAN RUJUKAN DRDOK : 279100', 'L', NULL, NULL),
(303, 'ICT303', NULL, 'HP LASERJET 2200D', 9, 1, 4, NULL, NULL, 'SGKGB93603', NULL, 'MASYITAH', 17, NULL, NULL, NULL, 249, NULL, NULL, NULL, NULL, NULL, NULL, NULL, NULL, NULL, NULL, NULL, 'L', NULL, NULL),
(304, 'ICT304', NULL, 'CANON LBP-810', 4, 1, 4, NULL, NULL, 'L10576E', NULL, 'SARUJI', 18, NULL, NULL, NULL, 249, NULL, NULL, 21, NULL, NULL, NULL, NULL, NULL, NULL, NULL, NULL, 'L', NULL, NULL),
(305, 'ICT305', NULL, 'HP LASERJET 2300', 1, 1, 4, NULL, NULL, 'SSGCDD30964', NULL, 'ZAHARIATON', 17, NULL, NULL, NULL, 249, NULL, NULL, NULL, NULL, NULL, NULL, NULL, NULL, NULL, NULL, NULL, 'L', NULL, NULL),
(306, 'ICT306', NULL, 'MS OFFICE 97 STANDARD', 1, 2, 8, NULL, NULL, '3134-0032952', NULL, NULL, 15, '064', NULL, NULL, 219, NULL, NULL, 4, 381, NULL, '15', 'YES', NULL, NULL, NULL, NULL, 'L', NULL, NULL),
(307, 'ICT307', NULL, 'MS OFFICE XP PRO OLP', 1, 2, 9, NULL, NULL, 'T2P83-QBHTV-K4T6M-DT7WM-WKXH3', NULL, NULL, 15, '083', NULL, NULL, 222, NULL, NULL, NULL, 366, NULL, '8', 'YES', NULL, NULL, NULL, NULL, 'H', NULL, NULL),
(308, 'ICT308', NULL, 'MS OFFICE 97 STANDARD', 1, 2, 8, NULL, NULL, '3134-0032952', NULL, NULL, 15, '004', NULL, NULL, 219, NULL, NULL, NULL, 381, NULL, '33', 'YES', NULL, NULL, NULL, NULL, 'L', NULL, NULL),
(325, 'ICT325', NULL, 'MS OFFICE 2003 SBE', 1, 2, 11, NULL, NULL, 'KTMXD-QF29W-73TVB-2FHP6-FH79M', NULL, NULL, 15, NULL, NULL, NULL, 28, NULL, NULL, NULL, 98, NULL, '90', 'YES', NULL, NULL, NULL, NULL, 'L', NULL, NULL),
(326, 'ICT326', NULL, 'MS OFFICE 97 STANDARD OEM', 1, 2, 2, NULL, NULL, '3134-0032952', NULL, NULL, 15, '086', NULL, NULL, 219, NULL, NULL, 3, 382, NULL, '20', 'YES', NULL, NULL, NULL, NULL, 'M', NULL, NULL),
(327, 'ICT327', NULL, 'MS OFFICE 97 STANDARD OEM', 1, 2, 2, NULL, NULL, '3134-0032952', NULL, NULL, 15, '011', NULL, NULL, 201, NULL, NULL, NULL, 382, NULL, '29', 'YES', NULL, NULL, NULL, NULL, 'M', NULL, NULL),
(328, 'ICT328', NULL, 'MS OFFICE 97 STANDARD OEM', 1, 2, 2, NULL, NULL, '3134-0032952', NULL, NULL, 15, '111', NULL, NULL, 14, NULL, NULL, 46, 382, NULL, '19', 'YES', NULL, NULL, NULL, NULL, 'M', NULL, NULL),
(329, 'ICT329', NULL, 'MS OFFICE 97 STANDARD OEM', 1, 2, 2, NULL, NULL, '3134-0032952', NULL, NULL, 15, '089', NULL, NULL, 9, NULL, NULL, NULL, 382, NULL, '50', 'YES', NULL, NULL, NULL, NULL, 'M', NULL, NULL),
(330, 'ICT330', NULL, 'MS OFFICE 97 STANDARD OEM', 1, 2, 2, NULL, NULL, '3134-0032952', NULL, NULL, 15, '107', NULL, NULL, 9, NULL, NULL, 8, 382, NULL, '51', 'YES', NULL, NULL, NULL, NULL, 'M', NULL, NULL),
(331, 'ICT331', NULL, 'MS OFFICE XP PRO OLP', 1, 2, 9, NULL, NULL, 'T2P83-QBHTV-K4T6M-DT7WM-WKXH3', NULL, NULL, 15, '070', NULL, NULL, 222, NULL, NULL, 19, 366, NULL, '22', 'YES', NULL, NULL, NULL, NULL, 'H', NULL, NULL),
(332, 'ICT332', NULL, 'MS OFFICE XP STANDARD OLP', 1, 2, 10, NULL, NULL, 'T2GMY-32PV8-48C9Y-4R6YY-FT68G', NULL, NULL, 15, '081', NULL, NULL, 222, NULL, NULL, NULL, 367, NULL, '97', 'YES', NULL, NULL, NULL, NULL, 'L', NULL, NULL),
(333, 'ICT333', NULL, 'MS OFFICE 97 STANDARD OEM', 1, 2, 2, NULL, NULL, '3134-0032952', NULL, NULL, 15, '071', NULL, NULL, 219, NULL, NULL, 23, 382, NULL, '1', 'YES', NULL, NULL, NULL, NULL, 'M', NULL, NULL),
(334, 'ICT334', NULL, 'MS OFFICE 2003 SBE', 1, 2, 11, NULL, NULL, 'J2VF9-3H97D-6TCJK-BGPCM-HBRMJ', NULL, NULL, 15, NULL, NULL, NULL, 28, NULL, NULL, 16, 98, NULL, '87', 'YES', NULL, NULL, NULL, NULL, 'L', NULL, NULL),
(335, 'ICT335', NULL, 'MS OFFICE XP STANDARD OLP', 1, 2, 10, NULL, NULL, 'T2GMY-32PV8-48C9Y-4R6YY-FT68G', NULL, NULL, 15, '012', NULL, NULL, 30, NULL, NULL, NULL, 367, NULL, '65', 'YES', NULL, NULL, NULL, NULL, 'L', NULL, NULL),
(336, 'ICT336', NULL, 'MS OFFICE 97 STANDARD OEM', 1, 2, 2, NULL, NULL, '3134-0032952', NULL, NULL, 15, '017', NULL, NULL, 219, NULL, NULL, 22, 382, NULL, '34', 'YES', NULL, NULL, NULL, NULL, 'M', NULL, NULL),
(337, 'ICT337', NULL, 'MS OFFICE 97 STANDARD', 1, 2, 8, NULL, NULL, '3134-0032952', NULL, NULL, 15, '094', NULL, NULL, 212, NULL, NULL, 30, 381, NULL, '32', 'YES', NULL, NULL, NULL, NULL, 'L', NULL, NULL),
(338, 'ICT338', NULL, 'MS OFFICE 97 STANDARD OEM', 1, 2, 2, NULL, NULL, '3134-0032952', NULL, NULL, 15, '027', NULL, NULL, 212, NULL, NULL, 27, 382, NULL, '27', 'YES', NULL, NULL, NULL, NULL, 'M', NULL, NULL),
(339, 'ICT339', NULL, 'MS OFFICE 97 STANDARD OEM', 1, 2, 2, NULL, NULL, '3134-0032952', NULL, NULL, 15, '077', NULL, NULL, 9, NULL, NULL, 11, 382, NULL, '49', 'YES', NULL, NULL, NULL, NULL, 'M', NULL, NULL),
(340, 'ICT340', NULL, 'MS OFFICE XP STANDARD OLP', 1, 2, 10, NULL, NULL, 'T2GMY-32PV8-48C9Y-4R6YY-FT68G', NULL, NULL, 15, '109', NULL, NULL, 212, NULL, NULL, 28, 367, NULL, '30', 'YES', NULL, NULL, NULL, NULL, 'L', NULL, NULL),
(341, 'ICT341', NULL, 'MS OFFICE XP STANDARD OLP', 1, 2, 10, NULL, NULL, 'T2GMY-32PV8-48C9Y-4R6YY-FT68G', NULL, NULL, 15, NULL, NULL, NULL, 225, NULL, NULL, NULL, 367, NULL, NULL, 'YES', NULL, NULL, NULL, NULL, 'L', NULL, NULL),
(342, 'ICT342', NULL, 'MS OFFICE 97 STANDARD OEM', 1, 2, 2, NULL, NULL, '3134-0032952', NULL, NULL, 15, '078', NULL, NULL, 16, NULL, NULL, 57, 382, NULL, '13', 'YES', NULL, NULL, NULL, NULL, 'M', NULL, NULL),
(343, 'ICT343', NULL, 'MS OFFICE XP STANDARD OLP', 1, 2, 10, NULL, NULL, 'T2GMY-32PV8-48C9Y-4R6YY-FT68G', NULL, NULL, 15, '114', NULL, NULL, 14, NULL, NULL, 48, 367, NULL, '57', 'YES', NULL, NULL, NULL, NULL, 'L', NULL, NULL),
(344, 'ICT344', NULL, 'MS OFFICE 97 STANDARD OEM', 1, 2, 2, NULL, NULL, '3134-0032952', NULL, NULL, 15, '098', NULL, NULL, 9, NULL, NULL, 10, 382, NULL, '52', 'YES', NULL, NULL, NULL, NULL, 'M', NULL, NULL),
(345, 'ICT345', NULL, 'MS OFFICE XP STANDARD OLP', 1, 2, 10, NULL, NULL, 'T2GMY-32PV8-48C9Y-4R6YY-FT68G', NULL, NULL, 15, '066', NULL, NULL, 12, NULL, NULL, 38, 367, NULL, NULL, 'YES', NULL, NULL, NULL, NULL, 'L', NULL, NULL),
(346, 'ICT346', NULL, 'MS OFFICE XP STANDARD OLP', 1, 2, 10, NULL, NULL, 'T2GMY-32PV8-48C9Y-4R6YY-FT68G', NULL, NULL, 15, '068', NULL, NULL, 21, NULL, NULL, 51, 367, NULL, '63', 'YES', NULL, NULL, NULL, NULL, 'L', NULL, NULL),
(347, 'ICT347', NULL, 'MS OFFICE 97', 1, 2, 2, NULL, NULL, '3134-0032952', NULL, NULL, NULL, '092', NULL, NULL, 12, NULL, NULL, 39, NULL, NULL, NULL, NULL, NULL, NULL, NULL, NULL, 'M', NULL, NULL),
(348, 'ICT348', NULL, 'MS OFFICE XP STANDARD OLP', 1, 2, 10, NULL, NULL, 'T2GMY-32PV8-48C9Y-4R6YY-FT68G', NULL, NULL, 15, '028', NULL, NULL, 12, NULL, NULL, NULL, 367, NULL, '40', 'YES', NULL, NULL, NULL, NULL, 'L', NULL, NULL),
(349, 'ICT349', NULL, 'MS OFFICE 97 STANDARD', 1, 2, 8, NULL, NULL, '3134-0032952', NULL, NULL, 15, 'P004', NULL, NULL, 9, NULL, NULL, 36, 381, NULL, '54', 'YES', NULL, NULL, NULL, NULL, 'L', NULL, NULL),
(350, 'ICT350', NULL, 'MS OFFICE 97 STANDARD', 1, 2, 2, NULL, NULL, '3134-0032952', NULL, NULL, 15, NULL, NULL, NULL, 212, NULL, NULL, 31, 381, NULL, NULL, NULL, NULL, NULL, NULL, NULL, 'M', NULL, NULL),
(351, 'ICT351', NULL, 'MS OFFICE XP PRO OLP', 1, 2, 9, NULL, NULL, 'T2P83-QBHTV-K4T6M-DT7WM-WKXH3', NULL, NULL, 15, '038', NULL, NULL, 12, NULL, NULL, 41, 366, NULL, '67', 'YES', NULL, NULL, NULL, NULL, 'H', NULL, NULL),
(352, 'ICT352', NULL, 'MS OFFICE XP STANDARD OLP', 1, 2, 10, NULL, NULL, 'T2GMY-32PV8-48C9Y-4R6YY-FT68G', NULL, NULL, 15, NULL, NULL, NULL, 199, NULL, NULL, NULL, 367, NULL, NULL, 'YES', NULL, NULL, NULL, NULL, 'L', NULL, NULL),
(353, 'ICT353', NULL, 'MS OFFICE 97 STANDARD', 1, 2, 8, NULL, NULL, '3134-0032952', NULL, NULL, 15, '112', NULL, NULL, 14, NULL, NULL, 47, 381, NULL, '21', 'YES', NULL, NULL, NULL, NULL, 'L', NULL, NULL),
(354, 'ICT354', NULL, 'MS OFFICE XP STANDARD OLP', 1, 2, 10, NULL, NULL, 'T2GMY-32PV8-48C9Y-4R6YY-FT68G', NULL, NULL, 15, NULL, NULL, NULL, 225, NULL, NULL, NULL, 367, NULL, NULL, 'YES', NULL, NULL, NULL, NULL, 'L', NULL, NULL),
(355, 'ICT355', NULL, 'MS OFFICE 97', 1, 2, 2, NULL, NULL, '3134-0032952', NULL, NULL, NULL, '056', NULL, NULL, 12, NULL, NULL, 37, NULL, NULL, NULL, NULL, NULL, NULL, NULL, NULL, 'M', NULL, NULL),
(356, 'ICT356', NULL, 'MS OFFICE 2003 SBE', 1, 2, 11, NULL, NULL, 'XGCC6-9HCTX-B9DY7-23D99-HQMXM', NULL, NULL, 15, NULL, NULL, NULL, 28, NULL, NULL, 49, 98, NULL, '86', 'YES', NULL, NULL, NULL, NULL, 'L', NULL, NULL),
(357, 'ICT357', NULL, 'MS OFFICE 97', 1, 2, 2, NULL, NULL, '3134-0032952', NULL, NULL, NULL, '060', NULL, NULL, 12, NULL, NULL, 42, NULL, NULL, NULL, NULL, NULL, NULL, NULL, NULL, 'M', NULL, NULL),
(358, 'ICT358', NULL, 'MS OFFICE 97 STANDARD OEM', 1, 2, 2, NULL, NULL, '3134-0032952', NULL, NULL, 15, '085', NULL, NULL, 219, NULL, NULL, 5, 382, NULL, '6', 'YES', NULL, NULL, NULL, NULL, 'M', NULL, NULL),
(359, 'ICT359', NULL, 'MS OFFICE 97', 1, 2, 2, NULL, NULL, '3134-0032952', NULL, NULL, NULL, '047', NULL, NULL, 12, NULL, NULL, 43, NULL, NULL, NULL, NULL, NULL, NULL, NULL, NULL, 'M', NULL, NULL),
(360, 'ICT360', NULL, 'MS OFFICE 97', 1, 2, 2, NULL, NULL, '3134-0032952', NULL, NULL, NULL, '100', NULL, NULL, 12, NULL, NULL, 44, NULL, NULL, NULL, NULL, NULL, NULL, NULL, NULL, 'M', NULL, NULL),
(361, 'ICT361', NULL, 'MS OFFICE 97', 1, 2, 2, NULL, NULL, '3134-0032952', NULL, NULL, NULL, NULL, NULL, NULL, 235, NULL, NULL, 64, NULL, NULL, NULL, NULL, NULL, NULL, NULL, NULL, 'M', NULL, NULL),
(362, 'ICT362', NULL, 'MS OFFICE 97', 1, 2, 2, NULL, NULL, '3134-0032952', NULL, NULL, NULL, '054', NULL, NULL, 17, NULL, NULL, 52, NULL, NULL, NULL, NULL, NULL, NULL, NULL, NULL, 'M', NULL, NULL),
(363, 'ICT363', NULL, 'MS OFFICE XP STANDARD OLP', 1, 2, 10, NULL, NULL, 'T2GMY-32PV8-48C9Y-4R6YY-FT68G', NULL, NULL, 15, '076', NULL, NULL, 19, NULL, NULL, NULL, 367, NULL, '55', 'YES', NULL, NULL, NULL, NULL, 'L', NULL, NULL),
(364, 'ICT364', NULL, 'MS OFFICE XP PRO OLP', 1, 2, 9, NULL, NULL, 'T2P83-QBHTV-K4T6M-DT7WM-WKXH3', NULL, NULL, 15, '100', NULL, NULL, 12, NULL, NULL, NULL, 366, NULL, '10', 'YES', NULL, NULL, NULL, NULL, 'H', NULL, NULL),
(365, 'ICT365', NULL, 'MS OFFICE XP STANDARD OLP', 1, 2, 10, NULL, NULL, 'T2GMY-32PV8-48C9Y-4R6YY-FT68G', NULL, NULL, 15, '087', NULL, NULL, 21, NULL, NULL, 20, 367, NULL, '58', 'YES', NULL, NULL, NULL, NULL, 'L', NULL, NULL),
(366, 'ICT366', NULL, 'MS OFFICE XP STANDARD OLP', 1, 2, 10, NULL, NULL, 'T2GMY-32PV8-48C9Y-4R6YY-FT68G', NULL, NULL, 15, '097', NULL, NULL, 225, NULL, NULL, 59, 367, NULL, '11', 'YES', NULL, NULL, NULL, NULL, 'L', NULL, NULL),
(367, 'ICT367', NULL, 'MS OFFICE 97 STANDARD', 1, 2, 8, NULL, NULL, '3134-0032952', NULL, NULL, 15, '108', NULL, NULL, 212, NULL, NULL, 32, 381, NULL, '18', 'YES', NULL, NULL, NULL, NULL, 'L', NULL, NULL),
(368, 'ICT368', NULL, 'MS OFFICE XP STANDARD OLP', 1, 2, 10, NULL, NULL, 'T2GMY-32PV8-48C9Y-4R6YY-FT68G', NULL, NULL, 15, NULL, NULL, NULL, 199, NULL, NULL, NULL, 367, NULL, NULL, 'YES', NULL, NULL, NULL, NULL, 'L', NULL, NULL),
(369, 'ICT369', NULL, 'MS OFFICE 2003 SBE', 1, 2, 11, NULL, NULL, 'RVG2-QVVJ7-KHXJM-V7FM2-G7RKM', NULL, NULL, 15, NULL, NULL, NULL, 28, NULL, NULL, NULL, 98, NULL, '89', 'YES', NULL, NULL, NULL, NULL, 'L', NULL, NULL),
(370, 'ICT370', NULL, 'MS OFFICE 97', 1, 2, 2, NULL, NULL, '3134-0032952', NULL, NULL, NULL, NULL, NULL, NULL, 212, NULL, NULL, 33, NULL, NULL, NULL, NULL, NULL, NULL, NULL, NULL, 'M', NULL, NULL),
(371, 'ICT371', NULL, 'MS OFFICE 97', 1, 2, 2, NULL, NULL, '3134-0032952', NULL, NULL, NULL, '063', NULL, NULL, 22, NULL, NULL, 2, NULL, NULL, NULL, NULL, NULL, NULL, NULL, NULL, 'M', NULL, NULL),
(372, 'ICT372', NULL, 'MS OFFICE 97 STANDARD OEM', 1, 2, 2, NULL, NULL, '3134-0032952', NULL, NULL, 15, '015', NULL, NULL, 9, NULL, NULL, 13, 382, NULL, '47', 'YES', NULL, NULL, NULL, NULL, 'M', NULL, NULL),
(373, 'ICT373', NULL, 'MS OFFICE 97', 1, 2, 2, NULL, NULL, '3134-0032952', NULL, NULL, NULL, NULL, NULL, NULL, 199, NULL, NULL, NULL, NULL, NULL, NULL, NULL, NULL, NULL, NULL, NULL, 'M', NULL, NULL),
(374, 'ICT374', NULL, 'MS OFFICE 97 STANDARD OEM', 1, 2, 2, NULL, NULL, '3134-0032952', NULL, NULL, 15, '012', NULL, NULL, 30, NULL, NULL, 26, 382, NULL, '65', 'YES', NULL, NULL, NULL, NULL, 'M', NULL, NULL),
(375, 'ICT375', NULL, 'MS OFFICE 97 STANDARD OEM', 1, 2, 2, NULL, NULL, '3134-0032952', NULL, NULL, 15, '035', NULL, NULL, 212, NULL, NULL, 34, 382, NULL, '25', 'YES', NULL, NULL, NULL, NULL, 'M', NULL, NULL),
(376, 'ICT376', NULL, 'MS OFFICE 97', 1, 2, 2, NULL, NULL, '3134-0032952', NULL, NULL, NULL, '038', NULL, NULL, 12, NULL, NULL, 45, NULL, NULL, NULL, NULL, NULL, NULL, NULL, NULL, 'M', NULL, NULL),
(377, 'ICT377', NULL, 'MS OFFICE 97', 1, 2, 2, NULL, NULL, '3134-0032952', NULL, NULL, NULL, '070', NULL, NULL, 222, NULL, NULL, 18, NULL, NULL, NULL, NULL, NULL, NULL, NULL, NULL, 'M', NULL, NULL),
(378, 'ICT378', NULL, 'MS OFFICE XP STANDARD OLP', 1, 2, 10, NULL, NULL, 'T2GMY-32PV8-48C9Y-4R6YY-FT68G', NULL, NULL, 15, '059', NULL, NULL, 11, NULL, NULL, NULL, 367, NULL, '105', 'YES', NULL, NULL, NULL, NULL, 'L', NULL, NULL),
(379, 'ICT379', NULL, 'MS OFFICE 97 STANDARD OEM', 1, 2, 2, NULL, NULL, '3134-0032952', NULL, NULL, 15, '069', NULL, NULL, 12, NULL, NULL, 55, 382, NULL, '42', 'YES', NULL, NULL, NULL, NULL, 'M', NULL, NULL),
(380, 'ICT380', NULL, 'MS OFFICE 97', 1, 2, 2, NULL, NULL, '3134-0032952', NULL, NULL, NULL, '079', NULL, NULL, 225, NULL, NULL, 60, NULL, NULL, NULL, NULL, NULL, NULL, NULL, NULL, 'M', NULL, NULL),
(381, 'ICT381', NULL, 'MS OFFICE 97', 1, 2, 2, NULL, NULL, '3134-0032952', NULL, NULL, NULL, NULL, NULL, NULL, 26, NULL, NULL, 76, NULL, NULL, NULL, NULL, NULL, NULL, NULL, NULL, 'M', NULL, NULL),
(382, 'ICT382', NULL, 'MS OFFICE 97', 1, 2, 2, NULL, NULL, '3134-0032952', NULL, NULL, NULL, NULL, NULL, NULL, 26, NULL, NULL, 77, NULL, NULL, NULL, NULL, NULL, NULL, NULL, NULL, 'M', NULL, NULL),
(383, 'ICT383', NULL, 'MS OFFICE 97', 1, 2, 2, NULL, NULL, '3134-0032952', NULL, NULL, NULL, NULL, NULL, NULL, 26, NULL, NULL, 78, NULL, NULL, NULL, NULL, NULL, NULL, NULL, NULL, 'M', NULL, NULL),
(384, 'ICT384', NULL, 'MS OFFICE 97 STANDARD OEM', 1, 2, 2, NULL, NULL, '3134-0032952', NULL, NULL, 15, '099', NULL, NULL, 9, NULL, NULL, 9, 382, NULL, '48', 'YES', NULL, NULL, NULL, NULL, 'M', NULL, NULL),
(385, 'ICT385', NULL, 'MS OFFICE XP PRO OLP', 1, 2, 9, NULL, NULL, 'T2P83-QBHTV-K4T6M-DT7WM-WKXH3', NULL, NULL, 15, '096', NULL, NULL, 222, NULL, NULL, NULL, 366, NULL, '23', 'YES', NULL, NULL, NULL, NULL, 'H', NULL, NULL),
(386, 'ICT386', NULL, 'MS OFFICE 97 STANDARD OEM', 1, 2, 2, NULL, NULL, '3134-0032952', NULL, NULL, 15, '009', NULL, NULL, 13, NULL, NULL, 35, 382, NULL, '53', 'YES', NULL, NULL, NULL, NULL, 'M', NULL, NULL),
(405, 'ICT405', NULL, 'P(R) 4 1.6GHZ-M / 256MB DDR / 60GB HDD', 8, 1, 2, NULL, NULL, '	R2800019', NULL, NULL, 7, NULL, NULL, NULL, 3, NULL, NULL, NULL, 360, NULL, NULL, NULL, NULL, '2010-12-24', 3, NULL, 'M', NULL, NULL),
(406, 'ICT406', NULL, 'P(R) 4 1.6GHZ-M / 256MB DDR/20GB HDD', 8, 1, 2, NULL, NULL, NULL, NULL, NULL, 7, NULL, NULL, NULL, 199, NULL, NULL, NULL, 360, NULL, NULL, NULL, NULL, '2011-04-19', 5, NULL, 'M', NULL, NULL),
(407, 'ICT407', NULL, '	OKI MICROLINE 590', 8, 1, 4, NULL, NULL, '207D4000091', NULL, NULL, 20, NULL, NULL, NULL, 199, NULL, NULL, NULL, 375, NULL, NULL, NULL, NULL, NULL, NULL, NULL, 'L', NULL, NULL),
(408, 'ICT408', NULL, 'OKI MICROLINE 590', 9, 1, 4, NULL, NULL, '08AN4003602K', NULL, NULL, 20, NULL, NULL, NULL, 249, NULL, NULL, NULL, NULL, NULL, '80', NULL, NULL, NULL, NULL, NULL, 'L', NULL, NULL),
(409, 'ICT409', NULL, 'OKI MICROLINE 790', 9, 1, 4, NULL, NULL, '305BB2000165', NULL, NULL, 20, NULL, NULL, NULL, 249, NULL, NULL, NULL, NULL, NULL, '79', NULL, NULL, NULL, NULL, NULL, 'L', NULL, NULL),
(410, 'ICT410', NULL, 'TALLY T5023+', 1, 1, 4, NULL, NULL, '5002025905', NULL, NULL, 19, NULL, NULL, NULL, 249, NULL, NULL, NULL, NULL, NULL, '77', NULL, NULL, NULL, NULL, NULL, 'L', NULL, NULL),
(411, 'ICT411', NULL, 'TALLY T5023+', 8, 1, 4, NULL, NULL, '5002021751', NULL, NULL, 19, NULL, NULL, NULL, 263, NULL, NULL, NULL, NULL, NULL, NULL, NULL, NULL, '2014-09-05', 5, 'TENDER 2 /2014', 'L', NULL, NULL),
(412, 'ICT412', NULL, 'OKI MICROLINE 790', 9, 1, 4, NULL, NULL, '401BB2001324', NULL, NULL, 20, NULL, NULL, NULL, 249, NULL, NULL, NULL, NULL, NULL, '91', NULL, NULL, NULL, NULL, NULL, 'L', NULL, NULL),
(413, 'ICT413', NULL, 'TALLY T5023+', 1, 1, 4, NULL, NULL, '5002025911', NULL, NULL, 19, NULL, NULL, NULL, 249, NULL, NULL, NULL, NULL, NULL, '92', NULL, NULL, NULL, NULL, NULL, 'L', NULL, NULL),
(414, 'ICT414', NULL, 'TALLY T5023+', 8, 1, 4, NULL, NULL, '5002025829', NULL, NULL, 19, NULL, NULL, NULL, 263, NULL, NULL, NULL, NULL, NULL, NULL, NULL, 1, '2014-09-05', 5, 'TENDER 2 /2014', 'L', NULL, NULL),
(415, 'ICT415', NULL, 'TALLY T5023+', 8, 1, 4, NULL, NULL, '5602001672', NULL, NULL, 19, NULL, NULL, NULL, 263, NULL, NULL, NULL, NULL, NULL, NULL, NULL, NULL, '2014-09-05', 5, 'TENDER 2 /2014', 'L', NULL, NULL),
(416, 'ICT416', NULL, 'MS OFFICE 97', 1, 2, 2, NULL, NULL, '3134-0032952', NULL, NULL, NULL, NULL, NULL, NULL, 236, NULL, NULL, NULL, NULL, NULL, NULL, NULL, NULL, NULL, NULL, NULL, 'M', NULL, NULL),
(417, 'ICT417', NULL, 'MS OFFICE 97', 1, 2, 2, NULL, NULL, '3134-0032952', NULL, NULL, NULL, NULL, NULL, NULL, 236, NULL, NULL, NULL, NULL, NULL, '79', NULL, NULL, NULL, NULL, NULL, 'M', NULL, NULL),
(418, 'ICT418', NULL, 'MS OFFICE 97', 1, 2, 2, NULL, NULL, '3134-0032952', NULL, NULL, NULL, NULL, NULL, NULL, 236, NULL, NULL, NULL, NULL, NULL, NULL, NULL, NULL, NULL, NULL, NULL, 'M', NULL, NULL),
(419, 'ICT419', NULL, 'MS OFFICE 97', 1, 2, 2, NULL, NULL, '3134-0032952', NULL, NULL, NULL, NULL, NULL, NULL, 236, NULL, NULL, NULL, NULL, NULL, '81', NULL, NULL, NULL, NULL, NULL, 'M', NULL, NULL),
(420, 'ICT420', NULL, 'MS OFFICE 97', 2, 2, 2, NULL, NULL, '3134-0032952', NULL, NULL, NULL, NULL, NULL, NULL, 236, NULL, NULL, NULL, NULL, NULL, '78', NULL, NULL, NULL, NULL, NULL, 'M', NULL, NULL),
(421, 'ICT421', NULL, 'MS OFFICE 97', 1, 2, 2, NULL, NULL, '3134-0032952', NULL, NULL, NULL, NULL, NULL, NULL, 237, NULL, NULL, NULL, NULL, NULL, NULL, NULL, NULL, NULL, NULL, NULL, 'M', NULL, NULL),
(422, 'ICT422', NULL, 'MS OFFICE 97', 1, 2, 2, NULL, NULL, '3134-0032952', NULL, NULL, NULL, NULL, NULL, NULL, 237, NULL, NULL, NULL, NULL, NULL, '77', NULL, NULL, NULL, NULL, NULL, 'M', NULL, NULL),
(423, 'ICT423', NULL, 'MS OFFICE 97', 1, 2, 2, NULL, NULL, '3134-0032952', NULL, NULL, NULL, NULL, NULL, NULL, 199, NULL, NULL, NULL, NULL, NULL, NULL, NULL, NULL, NULL, NULL, NULL, 'M', NULL, NULL),
(424, 'ICT424', NULL, 'MS OFFICE 97', 1, 2, 2, NULL, NULL, '3134-0032952', NULL, NULL, NULL, NULL, NULL, NULL, 199, NULL, NULL, NULL, NULL, NULL, NULL, NULL, NULL, NULL, NULL, NULL, 'M', NULL, NULL),
(425, 'ICT425', NULL, 'P4 3.0GHZ/1GB DDR/100GB HDD', 8, 1, 1, NULL, NULL, NULL, NULL, NULL, 1, '37', NULL, NULL, 30, NULL, NULL, NULL, 243, NULL, '28', NULL, NULL, NULL, NULL, NULL, 'M', NULL, NULL),
(426, 'ICT426', NULL, 'HP LASERJET 2420', 8, 1, 4, NULL, NULL, 'CNHKG61937', NULL, NULL, 17, '081', NULL, NULL, 26, NULL, NULL, NULL, 242, NULL, '97', NULL, NULL, '2014-06-04', 5, 'LUPUS DENGAN KEBENARAN RUJUKAN DRDOK : 279100', 'L', NULL, NULL),
(427, 'ICT427', NULL, 'P(R) M 1.73GHZ / 512MB DDRAM / 80GB HDD', 8, 1, 2, NULL, NULL, 'nKM375S05F03155', NULL, NULL, 8, '54', NULL, NULL, 17, NULL, NULL, NULL, 266, NULL, '99', NULL, NULL, '2010-12-24', 3, NULL, 'M', NULL, NULL),
(428, 'ICT428', NULL, 'P(R) M 1.73GHZ / 512MB DDRAM / 80GB HDD', 8, 1, 2, NULL, NULL, 'nKM375S05F03165', NULL, NULL, 8, '70', NULL, NULL, 3, NULL, NULL, NULL, 266, NULL, '113', NULL, NULL, '2012-03-05', 1, NULL, 'M', NULL, NULL),
(429, 'ICT429', NULL, 'PLC-SU30 PRO-X MULTIVERSE PROJEKTOR', 2, 1, 7, NULL, NULL, 'G2204962', NULL, NULL, 23, NULL, NULL, NULL, 249, NULL, NULL, NULL, NULL, 'Y', NULL, NULL, NULL, NULL, NULL, NULL, 'L', NULL, NULL),
(430, 'ICT430', NULL, 'CP-RS55 MULTIMEDIA PROJECTOR', 1, 1, 7, NULL, NULL, 'H5A012910', NULL, NULL, 24, NULL, NULL, NULL, 249, NULL, NULL, NULL, NULL, 'Y', NULL, NULL, NULL, NULL, NULL, NULL, 'L', NULL, NULL),
(431, 'ICT431', NULL, 'CP-RS55 MULTIMEDIA PROJECTOR', 1, 1, 7, NULL, NULL, 'H5A012988', NULL, NULL, 24, NULL, NULL, NULL, 249, NULL, NULL, NULL, NULL, 'Y', NULL, NULL, NULL, NULL, NULL, NULL, 'L', NULL, NULL),
(432, 'ICT432', NULL, 'EOS 300D (DS6041) DIGITAL CAMERA', 8, 1, 8, NULL, NULL, '0930403971', NULL, NULL, 18, NULL, NULL, NULL, 212, NULL, NULL, NULL, 4, 'Y', NULL, NULL, NULL, '2014-06-04', 5, 'LUPUS DENGAN KEBENARAN RUJUKAN DRDOK : 279100', 'L', NULL, NULL),
(433, 'ICT433', NULL, 'HP LASERJET 1100', 1, 1, 4, NULL, NULL, 'SGGJ012865', NULL, NULL, 17, NULL, NULL, NULL, 249, NULL, NULL, NULL, NULL, NULL, '103', NULL, NULL, NULL, NULL, NULL, 'L', NULL, NULL),
(434, 'ICT434', NULL, 'TALLY T5023+', 1, 1, 4, NULL, NULL, NULL, NULL, NULL, 19, NULL, NULL, NULL, 233, NULL, NULL, NULL, NULL, NULL, NULL, NULL, NULL, NULL, NULL, NULL, 'L', NULL, NULL),
(435, 'ICT435', NULL, 'TALLY T5023+', 8, 1, 4, NULL, NULL, '5002025874', NULL, NULL, 19, NULL, NULL, NULL, 263, NULL, NULL, NULL, NULL, NULL, NULL, NULL, NULL, '2014-09-05', 5, 'TENDER 2 /2014', 'L', NULL, NULL),
(436, 'ICT436', NULL, 'TALLY T5023+', 8, 1, 4, NULL, NULL, '5002021887', NULL, NULL, 19, NULL, NULL, NULL, 263, NULL, NULL, NULL, NULL, NULL, NULL, NULL, NULL, '2014-09-05', 5, 'TENDER 2 /2014', 'L', NULL, NULL),
(437, 'ICT437', NULL, 'TALLY T5023+', 1, 1, 4, NULL, NULL, '5602001669', NULL, NULL, 19, NULL, NULL, NULL, 249, NULL, NULL, NULL, NULL, NULL, '82', NULL, NULL, NULL, NULL, NULL, 'L', NULL, NULL),
(438, 'ICT438', NULL, 'TALLY T5023+', 9, 1, 4, NULL, NULL, '5002025825', NULL, NULL, 19, NULL, NULL, NULL, 249, NULL, NULL, NULL, NULL, NULL, NULL, NULL, NULL, NULL, NULL, NULL, 'L', NULL, NULL),
(439, 'ICT439', NULL, 'OKI MICROLINE 790', 8, 1, 4, NULL, NULL, '305BB2000079', NULL, NULL, 20, NULL, NULL, NULL, 222, NULL, NULL, NULL, 301, NULL, NULL, NULL, NULL, '2014-06-04', 5, 'LUPUS DENGAN KEBENARAN RUJUKAN DRDOK : 279100', 'L', NULL, NULL),
(440, 'ICT440', NULL, 'OKI MICROLINE 790', 8, 1, 4, NULL, NULL, '305BB2000164', NULL, NULL, 20, NULL, NULL, NULL, 199, NULL, NULL, 507, 28, NULL, NULL, NULL, 1, NULL, NULL, NULL, 'L', NULL, NULL),
(441, 'ICT441', NULL, 'OKI MICROLINE 790', 8, 1, 4, NULL, NULL, '401BB2001328', NULL, NULL, 20, NULL, NULL, NULL, 235, NULL, NULL, NULL, 28, NULL, '71', NULL, NULL, '2014-06-04', 5, 'LUPUS DENGAN KEBENARAN RUJUKAN DRDOK : 279100', 'L', NULL, NULL),
(442, 'ICT442', NULL, 'CANON BJC-240', 9, 1, 4, NULL, NULL, 'EGR41177', NULL, NULL, 18, '004', NULL, NULL, 249, NULL, NULL, NULL, NULL, NULL, '33', NULL, NULL, NULL, NULL, NULL, 'L', NULL, NULL),
(443, 'ICT443', NULL, 'HP LASERJET 2420', 9, 1, 4, NULL, NULL, 'CHNKF20010', NULL, NULL, 17, NULL, NULL, NULL, 263, NULL, NULL, NULL, NULL, NULL, NULL, NULL, NULL, NULL, NULL, NULL, 'L', NULL, NULL),
(444, 'ICT444', NULL, 'HP LASER JET 2300', 9, 1, 4, NULL, NULL, 'SGCDD30964', NULL, NULL, 17, NULL, NULL, NULL, 249, NULL, NULL, NULL, NULL, NULL, NULL, NULL, NULL, NULL, NULL, NULL, 'L', NULL, NULL),
(445, 'ICT445', NULL, 'P4 3.0GHZ/512MB DDR/80GB MAXTOR HDD', 8, 1, 1, NULL, NULL, NULL, NULL, NULL, 25, '109', NULL, NULL, 30, NULL, NULL, NULL, 267, NULL, '30', NULL, NULL, NULL, NULL, NULL, 'M', NULL, NULL),
(446, 'ICT446', NULL, '	ACER 17" LCD AL1717', 8, 1, 3, NULL, NULL, '62706985440', NULL, NULL, 27, '27', NULL, NULL, 2, NULL, NULL, NULL, 351, NULL, '27', NULL, NULL, '2012-03-05', 1, NULL, 'L', NULL, NULL),
(448, 'ICT448', NULL, 'P4 3.0 GHZ/ 512MB DDR/80GB MAXTOR HDD', 8, 1, 1, NULL, NULL, NULL, NULL, NULL, 26, '27', NULL, NULL, 2, NULL, NULL, NULL, 349, NULL, '27', NULL, NULL, NULL, NULL, NULL, 'M', NULL, NULL),
(449, 'ICT449', NULL, 'WINXP PRO', 1, 2, 1, NULL, NULL, 'MY-0749CW-46632-23B-826Y', NULL, NULL, 15, 'P028', NULL, NULL, 212, NULL, NULL, 501, NULL, NULL, '14', 'YES', NULL, NULL, NULL, NULL, 'M', NULL, NULL),
(450, 'ICT450', NULL, 'WINXP PRO', 1, 2, 1, NULL, NULL, 'CVCYB-YT6WY-RFFQG-2WB6C-BD766', NULL, NULL, 15, '027', NULL, NULL, 212, NULL, NULL, 448, NULL, NULL, '27', 'YES', NULL, NULL, NULL, NULL, 'M', NULL, NULL),
(465, 'ICT465', NULL, 'HP COLOR LASERJET 2605DN', 8, 1, 4, NULL, NULL, 'CNBJ69T00F', NULL, NULL, 17, NULL, NULL, NULL, 263, NULL, NULL, NULL, 355, NULL, '21', NULL, NULL, '2014-09-05', 5, 'TENDER 2 /2014', 'L', NULL, NULL),
(466, 'ICT466', NULL, 'ACER ASPIRE 5051 AMD TURION 64 2.0GHZ', 8, 1, 2, NULL, NULL, 'LXAV30C0056411002A2500', NULL, NULL, 27, '096', NULL, NULL, 222, NULL, NULL, NULL, 357, NULL, 'kelompok2', NULL, NULL, '2014-06-04', 5, 'LUPUS DENGAN KEBENARAN RUJUKAN DRDOK : 279100', 'M', NULL, NULL),
(467, 'ICT467', NULL, 'KINGSTON 2GB USB THUMB DRIVE', 8, 3, 6, NULL, NULL, NULL, NULL, NULL, 28, '011', NULL, NULL, 201, NULL, NULL, NULL, 340, NULL, '29', NULL, NULL, '2014-06-04', 5, 'LUPUS DENGAN KEBENARAN RUJUKAN DRDOK : 279100', 'H', NULL, NULL),
(468, 'ICT468', NULL, 'KINGSTON 2GB USB THUMB DRIVE', 8, 3, 6, NULL, NULL, NULL, NULL, NULL, 28, '012', NULL, NULL, 201, NULL, NULL, NULL, 340, NULL, '65', NULL, NULL, '2014-06-04', 5, 'LUPUS DENGAN KEBENARAN RUJUKAN DRDOK : 279100', 'H', NULL, NULL),
(469, 'ICT469', NULL, 'OKI MICROLINE 590', 9, 1, 4, NULL, NULL, '206A1001607', NULL, NULL, 20, NULL, NULL, NULL, 249, NULL, NULL, NULL, NULL, NULL, '84', NULL, NULL, NULL, NULL, NULL, 'L', NULL, NULL),
(470, 'ICT470', NULL, 'OKI MICROLINE 590', 9, 1, 4, NULL, NULL, '902A0036357', NULL, NULL, 20, NULL, NULL, NULL, 249, NULL, NULL, NULL, NULL, NULL, '85', NULL, NULL, NULL, NULL, NULL, 'L', NULL, NULL),
(485, 'ICT485', NULL, 'HP PSC 1610', 9, 1, 4, NULL, NULL, 'MY52MD51FS', NULL, NULL, 17, NULL, NULL, NULL, 263, NULL, NULL, NULL, NULL, NULL, NULL, NULL, NULL, NULL, NULL, NULL, 'L', NULL, NULL),
(486, 'ICT486', NULL, 'BROTHER HL-1240', 9, 1, 4, NULL, NULL, 'E52716K9J252982', NULL, NULL, 29, '011', NULL, 0, 249, NULL, NULL, NULL, NULL, NULL, '29', NULL, NULL, NULL, NULL, NULL, 'L', NULL, NULL),
(487, 'ICT487', NULL, 'LG 15" LCD LI510S', 1, 1, 3, NULL, NULL, '309KQ53740', NULL, NULL, 11, NULL, NULL, NULL, 249, NULL, NULL, NULL, NULL, NULL, '91', NULL, NULL, NULL, NULL, NULL, 'L', NULL, NULL),
(488, 'ICT488', NULL, 'LG 15" LCD L1510S', 1, 1, 3, NULL, NULL, '309KG53724', NULL, NULL, 11, NULL, NULL, NULL, 249, NULL, NULL, NULL, NULL, NULL, '92', NULL, NULL, NULL, NULL, NULL, 'L', NULL, NULL),
(489, 'ICT489', NULL, 'PHILIP 17" LCD MONITOR', 1, 1, 3, NULL, NULL, 'AU2A0625005239', NULL, NULL, 31, '109', NULL, NULL, 249, NULL, NULL, NULL, NULL, NULL, '30', NULL, NULL, NULL, NULL, NULL, 'L', NULL, NULL),
(490, 'ICT490', NULL, 'WINXP PRO', 1, 2, 1, NULL, NULL, 'BK2PF-VGQ9P-YYRFB-DXRP7-Q32MW', NULL, NULL, 15, '109', NULL, NULL, 30, NULL, NULL, 445, NULL, NULL, '30', 'YES', NULL, NULL, NULL, NULL, 'M', NULL, NULL),
(491, 'ICT491', NULL, 'OKI MICROLINE 590', 1, 1, 4, NULL, NULL, '910A0037038', NULL, NULL, 20, NULL, NULL, NULL, 249, NULL, NULL, NULL, 379, NULL, NULL, NULL, NULL, NULL, NULL, NULL, 'L', NULL, NULL),
(492, 'ICT492', NULL, 'OKI MICROLINE 590', 1, 1, 4, NULL, NULL, '910A0037199', NULL, NULL, 20, NULL, NULL, NULL, 249, NULL, NULL, NULL, 379, NULL, NULL, NULL, NULL, NULL, NULL, NULL, 'L', NULL, NULL),
(493, 'ICT493', NULL, 'OKI MICROLINE 590', 1, 1, 4, NULL, NULL, '910A0037047', NULL, NULL, 20, NULL, NULL, NULL, 249, NULL, NULL, NULL, 380, NULL, NULL, NULL, NULL, NULL, NULL, NULL, 'L', NULL, NULL),
(494, 'ICT494', NULL, 'OKI MICROLINE 590', 1, 1, 4, NULL, NULL, '910A0037201', NULL, NULL, 20, NULL, NULL, NULL, 249, NULL, NULL, NULL, 380, NULL, NULL, NULL, NULL, NULL, NULL, NULL, 'L', NULL, NULL),
(495, 'ICT495', NULL, 'SAMSUNG 17\'\' LCD SYNCMASTER 713N', 8, 1, 3, NULL, NULL, 'MJ17HMEA106023A', NULL, NULL, 32, '037', NULL, NULL, 30, NULL, NULL, 425, 377, NULL, '28', NULL, NULL, '2014-06-04', 5, 'LUPUS DENGAN KEBENARAN RUJUKAN DRDOK : 279100', 'L', NULL, NULL),
(496, 'ICT496', NULL, 'ADOBE PAGEMAKER 7.0', 1, 2, 4, NULL, NULL, '1045-1201-8688-7611-8024-7727', NULL, NULL, 16, '109', NULL, NULL, 30, NULL, NULL, NULL, NULL, NULL, '30', 'YES', NULL, NULL, NULL, NULL, 'L', NULL, NULL),
(497, 'ICT497', NULL, 'ADOBE PHOTOSHOP 7.0', 1, 2, 17, NULL, NULL, '1045-1201-8688-7611-8024-7727', NULL, NULL, 16, '037', NULL, NULL, 30, NULL, NULL, NULL, 369, NULL, '28', 'YES', NULL, NULL, NULL, NULL, 'L', NULL, NULL),
(498, 'ICT498', NULL, 'TALLY T5023+', 9, 1, 4, NULL, NULL, '5002025897', NULL, NULL, 19, NULL, NULL, NULL, 249, NULL, NULL, NULL, NULL, NULL, NULL, NULL, NULL, NULL, NULL, NULL, 'L', NULL, NULL),
(499, 'ICT499', NULL, 'P4 1.70GHZ/512MB DDR/40GB HDD', 8, 1, 1, NULL, NULL, '20666851', NULL, NULL, 3, 'LP001', NULL, NULL, 23, NULL, NULL, NULL, NULL, NULL, '64', NULL, NULL, NULL, NULL, NULL, 'M', NULL, NULL),
(500, 'ICT500', NULL, 'P4 1.60GHZ/256MB DDR/40GB HDD', 8, 1, 1, NULL, NULL, '64ZZ518', NULL, NULL, 2, NULL, NULL, NULL, 199, NULL, NULL, NULL, 396, NULL, NULL, NULL, NULL, '2010-07-01', 4, NULL, 'M', NULL, NULL),
(501, 'ICT501', NULL, 'P4 2.40GHZ/256MB DDR/40GB HDD', 8, 1, 1, NULL, NULL, '00302Y20030526M', NULL, NULL, 10, '86', NULL, NULL, 1, NULL, NULL, NULL, NULL, NULL, '14', NULL, NULL, NULL, NULL, NULL, 'M', NULL, NULL),
(502, 'ICT502', NULL, 'BENQ 15\'\' LCD FP547', 1, 1, 3, NULL, NULL, 'BNC1602E090503M', NULL, NULL, 4, '064', NULL, NULL, 249, NULL, NULL, 4, NULL, NULL, '15', NULL, NULL, NULL, NULL, NULL, 'L', NULL, NULL),
(503, 'ICT503', NULL, 'BENQ 15\'\' LCD FP547', 1, 1, 3, NULL, NULL, '1300145TL8427', NULL, NULL, 4, NULL, NULL, NULL, 249, NULL, NULL, 63, NULL, NULL, '70', NULL, NULL, NULL, NULL, NULL, 'L', NULL, NULL),
(504, 'ICT504', NULL, 'BENQ 15\' LCD FP547', 8, 1, 3, NULL, NULL, '1300159TL8427', NULL, NULL, 4, NULL, NULL, NULL, 23, NULL, NULL, NULL, NULL, NULL, '72', NULL, NULL, '2012-03-05', 1, NULL, 'L', NULL, NULL),
(505, 'ICT505', NULL, 'P4 1.70GHZ/768MB DDR/120GB HDD', 8, 1, 1, NULL, NULL, '20666871', NULL, NULL, 3, NULL, NULL, NULL, 2, NULL, NULL, NULL, NULL, NULL, '17', NULL, NULL, NULL, NULL, NULL, 'M', NULL, NULL),
(506, 'ICT506', NULL, 'BENQ 15\'\' FP 557', 1, 1, 3, NULL, NULL, '900085TP1557', NULL, NULL, 4, NULL, NULL, NULL, 249, NULL, NULL, 505, NULL, NULL, '17', NULL, NULL, NULL, NULL, NULL, 'L', NULL, NULL),
(507, 'ICT507', NULL, 'P4 1.70GHZ/256MB DDR/40GB HDD', 8, 1, 1, NULL, NULL, '20666852', NULL, NULL, 3, NULL, NULL, NULL, 199, NULL, NULL, NULL, NULL, NULL, NULL, NULL, NULL, '2010-07-01', 4, NULL, 'M', NULL, NULL),
(508, 'ICT508', NULL, 'Panasonic DMC-LC70 Digital Camera', 8, 1, 8, NULL, NULL, NULL, NULL, NULL, 33, NULL, NULL, NULL, 212, NULL, NULL, NULL, 141, NULL, NULL, NULL, NULL, '2014-06-04', 5, 'LUPUS DENGAN KEBENARAN RUJUKAN DRDOK : 279100', 'L', NULL, NULL),
(509, 'ICT509', NULL, 'Panasonic DMC-LC70 Digital Camera', 8, 1, 8, NULL, NULL, NULL, NULL, NULL, 33, NULL, NULL, NULL, 212, NULL, NULL, NULL, 141, NULL, NULL, NULL, NULL, '2014-06-04', 5, 'LUPUS DENGAN KEBENARAN RUJUKAN DRDOK : 279100', 'L', NULL, NULL),
(510, 'ICT510', NULL, 'HP LASERJET 2420', 8, 1, 4, NULL, NULL, 'CNHKH266838', NULL, NULL, 17, NULL, NULL, NULL, 199, NULL, NULL, NULL, NULL, NULL, NULL, NULL, NULL, '2013-05-31', 1, 'DISPOSED PADA 2011', 'L', NULL, NULL),
(512, 'ICT512', NULL, 'DREAMWEAVER MX', 1, 2, 5, NULL, NULL, NULL, NULL, NULL, 34, NULL, NULL, NULL, 199, NULL, NULL, NULL, 365, NULL, NULL, 'YES', NULL, NULL, NULL, NULL, 'H', NULL, NULL),
(513, 'ICT513', NULL, 'DREAMWEAVER MX', 1, 2, 5, NULL, NULL, NULL, NULL, NULL, 34, NULL, NULL, NULL, 199, NULL, NULL, NULL, 365, NULL, NULL, 'YES', NULL, NULL, NULL, NULL, 'H', NULL, NULL),
(514, 'ICT514', NULL, 'DREAMWEAVER MX', 1, 2, 5, NULL, NULL, NULL, NULL, NULL, 34, NULL, NULL, NULL, 199, NULL, NULL, NULL, 365, NULL, NULL, 'YES', NULL, NULL, NULL, NULL, 'H', NULL, NULL),
(515, 'ICT515', NULL, 'ULEAD MEDIA STUDIO PRO 6.5', 1, 2, 6, NULL, NULL, NULL, NULL, NULL, NULL, '084', NULL, NULL, 199, NULL, NULL, NULL, 394, NULL, '9', NULL, NULL, NULL, NULL, NULL, 'H', NULL, NULL),
(516, 'ICT516', NULL, 'ADOBE PHOTOSHOP 7.0', 1, 2, 17, NULL, NULL, '1045-1201-8688-7611-8024-7727', NULL, NULL, 16, '084', NULL, NULL, 222, NULL, NULL, NULL, 388, NULL, '9', 'YES', NULL, NULL, NULL, NULL, 'L', NULL, NULL),
(517, 'ICT517', NULL, 'DREAMWEAVER MX', 1, 2, 5, NULL, NULL, NULL, NULL, NULL, 34, '084', NULL, NULL, 222, NULL, NULL, NULL, 392, NULL, '9', 'YES', NULL, NULL, NULL, NULL, 'H', NULL, NULL),
(518, 'ICT518', NULL, 'MS PROJECT 2002 PRO FULL PACK', 1, 2, 16, NULL, NULL, NULL, NULL, NULL, 15, '070', NULL, NULL, 222, NULL, NULL, NULL, 371, NULL, '22', 'YES', NULL, NULL, NULL, NULL, 'L', NULL, NULL),
(519, 'ICT519', NULL, 'MS PROJECT 2002 PRO FULL PACK', 1, 2, 16, NULL, NULL, NULL, NULL, NULL, 15, '068', NULL, NULL, 21, NULL, NULL, NULL, 371, NULL, '63', 'YES', NULL, NULL, NULL, NULL, 'L', NULL, NULL),
(520, 'ICT520', NULL, 'MS WINDOWS ARABIC 1998 OEM', 1, 2, 13, NULL, NULL, NULL, NULL, NULL, 15, NULL, NULL, NULL, 199, NULL, NULL, NULL, 364, NULL, NULL, 'YES', NULL, NULL, NULL, NULL, 'L', NULL, NULL),
(521, 'ICT521', NULL, 'MS WINDOWS ARABIC 1998 OEM', 1, 2, 13, NULL, NULL, NULL, NULL, NULL, 15, NULL, NULL, NULL, 199, NULL, NULL, NULL, 364, NULL, NULL, 'YES', NULL, NULL, NULL, NULL, 'L', NULL, NULL),
(522, 'ICT522', NULL, 'MS WINDOWS ARABIC 1998 OEM', 1, 2, 13, NULL, NULL, NULL, NULL, NULL, 15, NULL, NULL, NULL, 199, NULL, NULL, NULL, 364, NULL, NULL, 'YES', NULL, NULL, NULL, NULL, 'L', NULL, NULL),
(523, 'ICT523', NULL, 'MS WINDOWS ARABIC 1998 OEM', 1, 2, 13, NULL, NULL, NULL, NULL, NULL, 15, NULL, NULL, NULL, 199, NULL, NULL, NULL, 364, NULL, NULL, 'YES', NULL, NULL, NULL, NULL, 'L', NULL, NULL),
(524, 'ICT524', NULL, 'MS WINDOWS ARABIC 1998 OEM', 1, 2, 13, NULL, NULL, NULL, NULL, NULL, 15, NULL, NULL, NULL, 199, NULL, NULL, NULL, 364, NULL, NULL, 'YES', NULL, NULL, NULL, NULL, 'L', NULL, NULL),
(525, 'ICT525', NULL, 'MS OFFICE 97 PRO', 1, 2, 12, NULL, NULL, NULL, NULL, NULL, 15, NULL, NULL, NULL, 199, NULL, NULL, NULL, NULL, NULL, NULL, 'YES', NULL, NULL, NULL, NULL, 'L', NULL, NULL),
(526, 'ICT526', NULL, 'MS OFFICE 97 PRO', 1, 2, 12, NULL, NULL, NULL, NULL, NULL, 15, NULL, NULL, NULL, 199, NULL, NULL, NULL, NULL, NULL, NULL, 'YES', NULL, NULL, NULL, NULL, 'L', NULL, NULL),
(527, 'ICT527', NULL, 'MS OFFICE 97 PRO', 1, 2, 12, NULL, NULL, NULL, NULL, NULL, NULL, NULL, NULL, NULL, 199, NULL, NULL, NULL, NULL, NULL, NULL, 'YES', NULL, NULL, NULL, NULL, 'L', NULL, NULL),
(528, 'ICT528', NULL, 'TALLY T5040', 8, 1, 4, NULL, NULL, '6050007546', NULL, NULL, 19, NULL, NULL, NULL, 263, NULL, NULL, NULL, 399, NULL, NULL, NULL, 1, '2014-09-05', 5, 'TENDER 2 /2014', 'L', NULL, NULL),
(529, 'ICT529', NULL, 'TALLY T5040', 8, 1, 4, NULL, NULL, '6050007560', NULL, NULL, 19, NULL, NULL, NULL, 222, NULL, NULL, NULL, 399, NULL, NULL, NULL, NULL, '2014-06-04', 5, 'LUPUS DENGAN KEBENARAN RUJUKAN DRDOK : 279100', 'L', NULL, NULL);
INSERT INTO `assets` (`asset_id`, `ict_id`, `harta_id`, `butiran`, `status`, `kod_kategori`, `kod_sub_kategori`, `tkh_beli`, `tkh_jaminan`, `no_siri`, `no_invoice`, `no_rujukan`, `jenama`, `emp_id`, `kod_pembekal`, `harga_beli`, `lokasi_id`, `ipaddress`, `catatan`, `ict_no_master`, `pembelian_id`, `kod_pinjam`, `pengguna_id`, `kod_lesen`, `kod_auditict`, `tkh_disposed`, `kod_alasan_disp`, `catat_disp`, `kod_tahaprisiko`, `created_at`, `updated_at`) VALUES
(545, 'ICT545', NULL, 'TALLY T5040', 8, 1, 4, NULL, NULL, '5120001877', NULL, NULL, 19, NULL, NULL, NULL, 199, NULL, NULL, NULL, NULL, NULL, NULL, NULL, NULL, '2013-05-31', 1, 'DISPOSED PADA 2011', 'L', NULL, NULL),
(546, 'ICT546', NULL, 'TALLY T5040', 8, 1, 4, NULL, NULL, '6010004607', NULL, NULL, 19, NULL, NULL, NULL, 263, NULL, NULL, NULL, 415, NULL, NULL, NULL, 1, '2014-09-05', 5, 'TENDER 2 /2014', 'L', NULL, NULL),
(547, 'ICT547', NULL, 'WINXP PRO', 1, 2, 1, NULL, NULL, 'FJ4XR-2QBF9-PMPF6-BQVF-KJW8TJ', NULL, NULL, 15, '096', NULL, NULL, 222, NULL, NULL, NULL, 416, NULL, '23', NULL, NULL, NULL, NULL, NULL, 'M', NULL, NULL),
(548, 'ICT548', NULL, 'WINXP PRO', 1, 2, 1, NULL, NULL, 'BGR29-PV4W2-YJ3GV-2P49B-43HBQ', NULL, NULL, 15, NULL, NULL, NULL, 199, NULL, NULL, NULL, 416, NULL, NULL, 'NO', NULL, NULL, NULL, NULL, 'M', NULL, NULL),
(549, 'ICT549', NULL, 'WINXP PRO', 1, 2, 1, NULL, NULL, 'KY8KC-T38VJ-JM89P-9YJP8-W4YG8', NULL, NULL, 15, NULL, NULL, NULL, 199, NULL, NULL, NULL, 416, NULL, NULL, NULL, NULL, NULL, NULL, NULL, 'M', NULL, NULL),
(550, 'ICT550', NULL, 'WINXP PRO', 1, 2, 1, NULL, NULL, 'MBXWM-R3XP7-39PD9-8F9CK-MG67W', NULL, NULL, 15, NULL, NULL, NULL, 199, NULL, NULL, NULL, 416, NULL, NULL, NULL, NULL, NULL, NULL, NULL, 'M', NULL, NULL),
(551, 'ICT551', NULL, 'WINXP PRO', 1, 2, 1, NULL, NULL, 'H4C4P-9FQJV-K4VG9-JDCGB-9Q4M8', NULL, NULL, 15, NULL, NULL, NULL, 199, NULL, NULL, NULL, 416, NULL, NULL, NULL, NULL, NULL, NULL, NULL, 'M', NULL, NULL),
(552, 'ICT552', NULL, 'WINXP PRO', 1, 2, 1, NULL, NULL, 'MT4HW-KF2CF-JPP4H-DRQ2W-3TMM6', NULL, NULL, 15, '015', NULL, NULL, 9, NULL, NULL, NULL, 416, NULL, '47', NULL, NULL, NULL, NULL, NULL, 'M', NULL, NULL),
(553, 'ICT553', NULL, 'WINXP PRO', 1, 2, 1, NULL, NULL, 'DJCH6-R3R93-JDH4W-9FMHH-M4DPQ', NULL, NULL, 15, '035', NULL, NULL, 212, NULL, NULL, NULL, 416, NULL, '25', NULL, NULL, NULL, NULL, NULL, 'M', NULL, NULL),
(565, 'ICT565', NULL, 'ALAT TIMBANG EMAS LIBROR EB3200SU DZ', 6, 1, 10, NULL, NULL, NULL, NULL, NULL, 35, '059', NULL, NULL, 240, NULL, NULL, NULL, NULL, NULL, NULL, NULL, NULL, NULL, NULL, NULL, 'L', NULL, NULL),
(566, 'ICT566', NULL, 'ALAT TIMBANG EMAS LIBROR EB3200SU WM', 6, 1, 10, NULL, NULL, NULL, NULL, NULL, 35, '059', NULL, NULL, 237, NULL, NULL, NULL, NULL, NULL, NULL, NULL, NULL, NULL, NULL, NULL, 'L', NULL, NULL),
(567, 'ICT567', NULL, 'ALAT TIMBANG EMAS METTLER TOLEDO GB 1302 MN', 6, 1, 10, NULL, NULL, NULL, NULL, NULL, 35, '059', NULL, NULL, 236, NULL, NULL, NULL, NULL, NULL, NULL, NULL, NULL, NULL, NULL, NULL, 'L', NULL, NULL),
(568, 'ICT568', NULL, 'ALAT TIMBANG EMAS LIBROR EB-330S TTDI', 6, 1, 10, NULL, NULL, NULL, NULL, NULL, 35, '059', NULL, NULL, 199, NULL, NULL, NULL, NULL, NULL, NULL, NULL, NULL, NULL, NULL, NULL, 'L', NULL, NULL),
(569, 'ICT569', NULL, 'ALAT TIMBANG EMAS SMART WEIGH SWE 600E', 6, 1, 10, NULL, NULL, NULL, NULL, NULL, 35, '059', NULL, NULL, 26, NULL, NULL, NULL, NULL, NULL, NULL, NULL, NULL, NULL, NULL, NULL, 'L', NULL, NULL),
(570, 'ICT570', NULL, 'ALAT TIMBANG EMAS LIBROR EB3200SU LABUAN', 6, 1, 10, NULL, NULL, 'D 435300224', NULL, NULL, 35, '103', NULL, NULL, 28, NULL, NULL, NULL, NULL, NULL, NULL, NULL, NULL, NULL, NULL, NULL, 'L', NULL, NULL),
(571, 'ICT571', NULL, 'HP LASERJET P3005D', 2, 1, 4, NULL, NULL, 'CNF1D02060', NULL, NULL, 17, NULL, NULL, NULL, 249, NULL, NULL, NULL, 435, NULL, NULL, NULL, 1, NULL, NULL, NULL, 'L', NULL, NULL),
(585, 'ICT585', NULL, '	ACERMATE 433 MODEL 700', 8, 1, 2, NULL, NULL, '9147A01123838003EM', NULL, NULL, 27, NULL, NULL, NULL, 199, NULL, NULL, NULL, NULL, NULL, NULL, NULL, NULL, NULL, NULL, NULL, 'M', NULL, NULL),
(586, 'ICT586', NULL, '	ACERMATE 433 MODEL 700', 8, 1, 2, NULL, NULL, '9147A0112383830031BM', NULL, NULL, 27, NULL, NULL, NULL, 199, NULL, NULL, NULL, NULL, NULL, NULL, NULL, NULL, NULL, NULL, NULL, 'M', NULL, NULL),
(587, 'ICT587', NULL, '	TOSHIBA MODEL PA1271ELVCD', 8, 1, 2, NULL, NULL, '68013565', NULL, NULL, 6, NULL, NULL, NULL, 199, NULL, NULL, NULL, NULL, NULL, NULL, NULL, NULL, NULL, NULL, NULL, 'M', NULL, NULL),
(588, 'ICT588', NULL, '	TOSHIBA MODEL PA1271ELVCD', 8, 1, 2, NULL, NULL, '6714944', NULL, NULL, 6, NULL, NULL, NULL, 199, NULL, NULL, NULL, NULL, NULL, NULL, NULL, NULL, NULL, NULL, NULL, 'M', NULL, NULL),
(589, 'ICT589', NULL, 'PANASONIC KXP1121', 8, 1, 4, NULL, NULL, '11KTBUH42640', NULL, NULL, 33, NULL, NULL, NULL, 199, NULL, NULL, NULL, NULL, NULL, NULL, NULL, NULL, NULL, NULL, NULL, 'L', NULL, NULL),
(590, 'ICT590', NULL, 'PANASONIC KXP1121', 8, 1, 4, NULL, NULL, '11CTBGH42678', NULL, NULL, 33, NULL, NULL, NULL, 199, NULL, NULL, NULL, NULL, NULL, NULL, NULL, NULL, NULL, NULL, NULL, 'L', NULL, NULL),
(591, 'ICT591', NULL, '	HP LASERJET 111P	', 8, 1, 4, NULL, NULL, '	HP33481', NULL, NULL, 17, NULL, NULL, NULL, 199, NULL, NULL, NULL, NULL, NULL, NULL, NULL, NULL, NULL, NULL, NULL, 'L', NULL, NULL),
(592, 'ICT592', NULL, '	HP SCANNER MODEL: C7160A	', 8, 1, 4, NULL, NULL, 'C7160A	', NULL, NULL, 17, NULL, NULL, NULL, 199, NULL, NULL, NULL, NULL, NULL, NULL, NULL, NULL, NULL, NULL, NULL, 'L', NULL, NULL),
(605, 'ICT605', NULL, 'SUN MONITOR GDM-17E20', 8, 1, 9, NULL, NULL, '0014698-9631GN0234', NULL, NULL, 36, NULL, NULL, NULL, 199, NULL, NULL, NULL, NULL, NULL, NULL, NULL, NULL, NULL, NULL, NULL, 'H', NULL, NULL),
(606, 'ICT606', NULL, 'SUN MONITOR GDM-17E20', 8, 1, 9, NULL, NULL, '0010968-9725GI2350', NULL, NULL, 36, NULL, NULL, NULL, 199, NULL, NULL, NULL, NULL, NULL, NULL, NULL, NULL, NULL, NULL, NULL, 'H', NULL, NULL),
(607, 'ICT607', NULL, 'SUN ULTRA CREATOR', 8, 1, 9, NULL, NULL, '729F0B2A	', NULL, NULL, 36, NULL, NULL, NULL, 199, NULL, NULL, NULL, NULL, NULL, NULL, NULL, NULL, NULL, NULL, NULL, 'H', NULL, NULL),
(608, 'ICT608', NULL, 'SUN SPARC STATION 544', 8, 1, 9, NULL, NULL, '629F04E7', NULL, NULL, 36, NULL, NULL, NULL, 199, NULL, NULL, NULL, NULL, NULL, NULL, NULL, NULL, NULL, NULL, NULL, 'H', NULL, NULL),
(609, 'ICT609', NULL, '	HITACHI LCD PROJECTOR', 8, 1, 7, NULL, NULL, '	G7E000998', NULL, NULL, 24, NULL, NULL, NULL, 199, NULL, NULL, NULL, NULL, NULL, NULL, NULL, NULL, NULL, NULL, NULL, 'L', NULL, NULL),
(610, 'ICT610', NULL, 'ICL MONITOR', 8, 1, 3, NULL, NULL, '85736', NULL, NULL, 37, NULL, NULL, NULL, 199, NULL, NULL, NULL, NULL, NULL, NULL, NULL, NULL, NULL, NULL, NULL, 'L', NULL, NULL),
(611, 'ICT611', NULL, '	MONOCHROME 10" MONITOR', 8, 1, 3, NULL, NULL, '1530011412P	', NULL, NULL, 37, NULL, NULL, NULL, 199, NULL, NULL, NULL, NULL, NULL, NULL, NULL, NULL, NULL, NULL, NULL, 'L', NULL, NULL),
(612, 'ICT612', NULL, '	LINKBUILDER FMS11', 8, 1, 6, NULL, NULL, '02007GVV134844', NULL, NULL, 38, NULL, NULL, NULL, 199, NULL, NULL, NULL, NULL, NULL, NULL, NULL, NULL, NULL, NULL, NULL, 'H', NULL, NULL),
(631, 'ICT631', NULL, 'WINDOWS XP PRO', 4, 2, 1, NULL, NULL, NULL, NULL, NULL, 15, NULL, NULL, NULL, 222, NULL, NULL, NULL, 462, NULL, NULL, NULL, NULL, NULL, NULL, NULL, 'M', NULL, NULL),
(632, 'ICT632', NULL, 'WINXP PRO', 4, 2, 1, NULL, NULL, NULL, NULL, NULL, 15, NULL, NULL, NULL, 222, NULL, NULL, NULL, 462, NULL, NULL, NULL, NULL, NULL, NULL, NULL, 'M', NULL, NULL),
(633, 'ICT633', NULL, 'MS WINDOWS XP PRO', 4, 2, 1, NULL, NULL, NULL, NULL, NULL, 15, NULL, NULL, NULL, 222, NULL, NULL, NULL, 462, NULL, NULL, NULL, NULL, NULL, NULL, NULL, 'M', NULL, NULL),
(634, 'ICT634', NULL, 'MACROMEDIA DREAMWEAVER 8', 4, 2, 5, NULL, NULL, NULL, NULL, NULL, 34, NULL, NULL, NULL, 222, NULL, NULL, NULL, 465, NULL, NULL, NULL, NULL, NULL, NULL, NULL, 'H', NULL, NULL),
(635, 'ICT635', NULL, 'MACROMEDIA DREAMWEAVER 8', 4, 2, 5, NULL, NULL, NULL, NULL, NULL, 34, NULL, NULL, NULL, 222, NULL, NULL, NULL, 465, NULL, NULL, NULL, NULL, NULL, NULL, NULL, 'H', NULL, NULL),
(636, 'ICT636', NULL, 'MACROMEDIA DREAMWEAVER 8', 4, 2, 5, NULL, NULL, NULL, NULL, NULL, 34, NULL, NULL, NULL, 222, NULL, NULL, NULL, 465, NULL, NULL, NULL, NULL, NULL, NULL, NULL, 'H', NULL, NULL),
(638, 'ICT638', NULL, 'MACROMEDIA FLASH 8PRO', 4, 2, 5, NULL, NULL, NULL, NULL, NULL, 34, NULL, NULL, NULL, 222, NULL, NULL, NULL, 466, NULL, NULL, NULL, NULL, NULL, NULL, NULL, 'H', NULL, NULL),
(639, 'ICT639', NULL, 'SNAG IT', 4, 2, 18, NULL, NULL, NULL, NULL, NULL, NULL, NULL, NULL, NULL, 222, NULL, NULL, NULL, 463, NULL, NULL, NULL, NULL, NULL, NULL, NULL, 'L', NULL, NULL),
(640, 'ICT640', NULL, 'SNAG IT', 4, 2, 18, NULL, NULL, NULL, NULL, NULL, NULL, NULL, NULL, NULL, 222, NULL, NULL, NULL, 463, NULL, NULL, NULL, NULL, NULL, NULL, NULL, 'L', NULL, NULL),
(641, 'ICT641', NULL, 'SNAG IT', 4, 2, 18, NULL, NULL, NULL, NULL, NULL, NULL, NULL, NULL, NULL, 222, NULL, NULL, NULL, 463, NULL, NULL, NULL, NULL, NULL, NULL, NULL, 'L', NULL, NULL),
(642, 'ICT642', NULL, 'SNAG IT', 4, 2, 18, NULL, NULL, NULL, NULL, NULL, NULL, NULL, NULL, NULL, 222, NULL, NULL, NULL, 463, NULL, NULL, NULL, NULL, NULL, NULL, NULL, 'L', NULL, NULL),
(643, 'ICT643', NULL, 'SNAG IT', 4, 2, 18, NULL, NULL, NULL, NULL, NULL, NULL, NULL, NULL, NULL, 222, NULL, NULL, NULL, 463, NULL, NULL, NULL, NULL, NULL, NULL, NULL, 'L', NULL, NULL),
(644, 'ICT644', NULL, 'SNAG IT', 4, 2, 18, NULL, NULL, NULL, NULL, NULL, NULL, NULL, NULL, NULL, 222, NULL, NULL, NULL, 463, NULL, NULL, NULL, NULL, NULL, NULL, NULL, 'L', NULL, NULL),
(645, 'ICT645', NULL, 'SWISH 3D MAX', 4, 2, 19, NULL, NULL, NULL, NULL, NULL, NULL, NULL, NULL, NULL, 222, NULL, NULL, NULL, 464, NULL, NULL, NULL, NULL, NULL, NULL, NULL, 'L', NULL, NULL),
(646, 'ICT646', NULL, 'MACROMEDIA FLASH 8 PRO', 4, 2, 20, NULL, NULL, NULL, NULL, NULL, NULL, NULL, NULL, NULL, 222, NULL, NULL, NULL, 466, NULL, NULL, NULL, NULL, NULL, NULL, NULL, 'L', NULL, NULL),
(647, 'ICT647', NULL, 'ADOBE CREATIVE STANDARD 2.3 WIN RET', 4, 2, 21, NULL, NULL, NULL, NULL, NULL, 16, NULL, NULL, NULL, 222, NULL, NULL, NULL, 467, NULL, NULL, NULL, NULL, NULL, NULL, NULL, 'L', NULL, NULL),
(648, 'ICT648', NULL, 'ADOBE CREATIVE STANDARD 2.3 WIN RET', 4, 2, 21, NULL, NULL, NULL, NULL, NULL, 16, NULL, NULL, NULL, 222, NULL, NULL, NULL, 467, NULL, NULL, NULL, NULL, NULL, NULL, NULL, 'L', NULL, NULL),
(649, 'ICT649', NULL, 'ADOBE CREATIVE STANDARD 2.3 WIN RET', 4, 2, 21, NULL, NULL, NULL, NULL, NULL, 16, NULL, NULL, NULL, 222, NULL, NULL, NULL, 467, NULL, NULL, NULL, NULL, NULL, NULL, NULL, 'L', NULL, NULL),
(650, 'ICT650', NULL, 'ADOBE CREATIVE STANDARD 2.3 WIN RET', 4, 2, 21, NULL, NULL, NULL, NULL, NULL, 16, NULL, NULL, NULL, 222, NULL, NULL, NULL, 467, NULL, NULL, NULL, NULL, NULL, NULL, NULL, 'L', NULL, NULL),
(651, 'ICT651', NULL, 'ADOBE CREATIVE STANDARD 2.3 WIN RET', 4, 2, 21, NULL, NULL, NULL, NULL, NULL, 16, NULL, NULL, NULL, 222, NULL, NULL, NULL, 467, NULL, NULL, NULL, NULL, NULL, NULL, NULL, 'L', NULL, NULL),
(652, 'ICT652', NULL, 'ADOBE CREATIVE STANDARD 2.3 WIN RET', 4, 2, 21, NULL, NULL, NULL, NULL, NULL, 16, NULL, NULL, NULL, 222, NULL, NULL, NULL, 467, NULL, NULL, NULL, NULL, NULL, NULL, NULL, 'L', NULL, NULL),
(653, 'ICT653', NULL, 'ADOBE ILLUSTRATOR CS2', 4, 2, 22, NULL, NULL, '1034-1098-5136-9514-5363-4758', NULL, NULL, 16, NULL, NULL, NULL, 222, NULL, NULL, NULL, 469, NULL, NULL, NULL, NULL, NULL, NULL, NULL, 'L', NULL, NULL),
(654, 'ICT654', NULL, 'ADOBE ILLUSTRATOR CS2', 1, 2, 22, NULL, NULL, '1034-1125-9939-4634-3500-4524', NULL, NULL, 16, '084', NULL, NULL, 222, NULL, NULL, NULL, 469, NULL, '9', NULL, NULL, NULL, NULL, NULL, 'L', NULL, NULL),
(655, 'ICT655', NULL, 'ADOBE AFTER EFFECT 7.0 PRO', 1, 2, 23, NULL, NULL, '1023-1043-2536-4005-8585-0563', NULL, NULL, 16, '084', NULL, NULL, 222, NULL, NULL, NULL, 468, NULL, '9', 'YES', NULL, NULL, NULL, NULL, 'L', NULL, NULL),
(656, 'ICT656', NULL, 'ADOBE AFTER EFFECT 7.0 PRO', 4, 2, 23, NULL, NULL, '1023-1044-0216-9253-9330-4584', NULL, NULL, 16, NULL, NULL, NULL, 222, NULL, NULL, NULL, 468, NULL, NULL, 'YES', NULL, NULL, NULL, NULL, 'L', NULL, NULL),
(693, 'ICT693', NULL, 'CISCO 1841(WIC-2T,WIC-1B,CABLE)', 4, 1, 6, '2007-05-21', NULL, 'FHK112013B2', NULL, NULL, 40, NULL, NULL, 4856, 249, NULL, NULL, NULL, 471, NULL, NULL, NULL, NULL, NULL, NULL, NULL, 'H', NULL, NULL),
(695, 'ICT695', NULL, 'WIC-2T(2 PORT SERIAL WAN INTERFACE CARD)', 4, 1, 6, '2007-05-21', NULL, '35808807', NULL, NULL, 40, NULL, NULL, 2640, 249, NULL, NULL, NULL, 472, NULL, NULL, NULL, NULL, NULL, NULL, NULL, 'H', NULL, NULL),
(696, 'ICT696', NULL, 'WIC-1B-U-V2(1 PORT ISDN BRI NT-1 WIC)', 4, 1, 6, '2007-05-21', NULL, 'F0C110429LL', NULL, NULL, 40, NULL, NULL, 2500, 249, NULL, NULL, NULL, 473, NULL, NULL, NULL, NULL, NULL, NULL, NULL, 'H', NULL, NULL),
(700, 'ICT700', NULL, 'AOUTORESPONDER-EMAIL', 4, 2, 25, NULL, NULL, NULL, NULL, NULL, NULL, NULL, NULL, NULL, 222, NULL, NULL, NULL, 475, NULL, NULL, NULL, NULL, NULL, NULL, NULL, 'L', NULL, NULL),
(705, 'ICT705', NULL, 'F-SECURE ANTIVIRUS FOR 2 YEARS SUPPORT', 4, 2, 3, NULL, NULL, NULL, NULL, NULL, NULL, NULL, NULL, NULL, 222, NULL, NULL, NULL, 495, NULL, NULL, NULL, NULL, NULL, NULL, NULL, 'L', NULL, NULL),
(706, 'ICT706', NULL, 'F-SECURE ANTIVIRUS FOR 2 YEARS SUPPORT', 4, 2, 3, NULL, NULL, NULL, NULL, NULL, NULL, NULL, NULL, NULL, 222, NULL, NULL, NULL, 495, NULL, NULL, NULL, NULL, NULL, NULL, NULL, 'L', NULL, NULL),
(707, 'ICT707', NULL, 'F-SECURE ANTIVIRUS FOR 2 YEARS SUPPORT', 4, 2, 3, NULL, NULL, NULL, NULL, NULL, NULL, NULL, NULL, NULL, 222, NULL, NULL, NULL, 495, NULL, NULL, NULL, NULL, NULL, NULL, NULL, 'L', NULL, NULL),
(708, 'ICT708', NULL, 'F-SECURE ANTIVIRUS FOR 2 YEARS SUPPORT', 4, 2, 3, NULL, NULL, NULL, NULL, NULL, NULL, NULL, NULL, NULL, 222, NULL, NULL, NULL, 495, NULL, NULL, NULL, NULL, NULL, NULL, NULL, 'L', NULL, NULL),
(709, 'ICT709', NULL, 'F-SECURE ANTIVIRUS FOR 2 YEARS SUPPORT', 4, 2, 3, NULL, NULL, NULL, NULL, NULL, NULL, NULL, NULL, NULL, 222, NULL, NULL, NULL, 495, NULL, NULL, NULL, NULL, NULL, NULL, NULL, 'L', NULL, NULL),
(710, 'ICT710', NULL, 'F-SECURE ANTIVIRUS FOR 2 YEARS SUPPORT', 4, 2, 3, NULL, NULL, NULL, NULL, NULL, NULL, NULL, NULL, NULL, 222, NULL, NULL, NULL, 495, NULL, NULL, NULL, NULL, NULL, NULL, NULL, 'L', NULL, NULL),
(711, 'ICT711', NULL, 'F-SECURE ANTIVIRUS FOR 2 YEARS SUPPORT', 4, 2, 3, NULL, NULL, NULL, NULL, NULL, NULL, NULL, NULL, NULL, 222, NULL, NULL, NULL, 495, NULL, NULL, NULL, NULL, NULL, NULL, NULL, 'L', NULL, NULL),
(712, 'ICT712', NULL, 'F-SECURE ANTIVIRUS FOR 2 YEARS SUPPORT', 4, 2, 3, NULL, NULL, NULL, NULL, NULL, NULL, NULL, NULL, NULL, 222, NULL, NULL, NULL, 495, NULL, NULL, NULL, NULL, NULL, NULL, NULL, 'L', NULL, NULL),
(713, 'ICT713', NULL, 'F-SECURE ANTIVIRUS FOR 2 YEARS SUPPORT', 4, 2, 3, NULL, NULL, NULL, NULL, NULL, NULL, NULL, NULL, NULL, 222, NULL, NULL, NULL, 495, NULL, NULL, NULL, NULL, NULL, NULL, NULL, 'L', NULL, NULL),
(714, 'ICT714', NULL, 'F-SECURE ANTIVIRUS FOR 2 YEARS SUPPORT', 4, 2, 3, NULL, NULL, NULL, NULL, NULL, NULL, NULL, NULL, NULL, 222, NULL, NULL, NULL, 495, NULL, NULL, NULL, NULL, NULL, NULL, NULL, 'L', NULL, NULL),
(715, 'ICT715', NULL, 'F-SECURE ANTIVIRUS FOR 2 YEARS SUPPORT', 4, 2, 3, NULL, NULL, NULL, NULL, NULL, NULL, NULL, NULL, NULL, 222, NULL, NULL, NULL, 495, NULL, NULL, NULL, NULL, NULL, NULL, NULL, 'L', NULL, NULL),
(716, 'ICT716', NULL, 'F-SECURE ANTIVIRUS FOR 2 YEARS SUPPORT', 4, 2, 3, NULL, NULL, NULL, NULL, NULL, NULL, NULL, NULL, NULL, 222, NULL, NULL, NULL, 495, NULL, NULL, NULL, NULL, NULL, NULL, NULL, 'L', NULL, NULL),
(725, 'ICT725', NULL, 'F-SECURE ANTIVIRUS FOR 2 YEARS SUPPORT', 4, 2, 3, NULL, NULL, NULL, NULL, NULL, NULL, NULL, NULL, NULL, 222, NULL, NULL, NULL, 495, NULL, NULL, NULL, NULL, NULL, NULL, NULL, 'L', NULL, NULL),
(726, 'ICT726', NULL, '3COM 24PORT 10/100 SWITCH', 4, 1, 11, '2007-04-24', NULL, 'P0010166', NULL, '2861', NULL, NULL, NULL, 980, 249, NULL, NULL, NULL, 515, NULL, NULL, NULL, NULL, NULL, NULL, NULL, 'L', NULL, NULL),
(727, 'ICT727', NULL, 'PANASONIC MINI DV HEAD CLEANER TAPE', 8, 1, 12, NULL, NULL, NULL, NULL, NULL, 33, NULL, NULL, NULL, 222, NULL, NULL, NULL, 516, NULL, NULL, NULL, NULL, '2014-06-04', 5, 'LUPUS DENGAN KEBENARAN RUJUKAN DRDOK : 279100', 'L', NULL, NULL),
(728, 'ICT728', NULL, 'PANASONIC MINI DV HEAD CLEANER TAPE', 8, 1, 12, NULL, NULL, NULL, NULL, NULL, 33, NULL, NULL, NULL, 222, NULL, NULL, NULL, 516, NULL, NULL, NULL, NULL, '2014-06-04', 5, 'LUPUS DENGAN KEBENARAN RUJUKAN DRDOK : 279100', 'L', NULL, NULL),
(729, 'ICT729', NULL, 'PANASONIC MINI DV HEAD CLEANER TAPE', 8, 1, 12, NULL, NULL, NULL, NULL, NULL, 33, NULL, NULL, NULL, 222, NULL, NULL, NULL, 516, NULL, NULL, NULL, NULL, '2014-06-04', 5, 'LUPUS DENGAN KEBENARAN RUJUKAN DRDOK : 279100', 'L', NULL, NULL),
(730, 'ICT730', NULL, 'PANASONIC MINI DV HEAD CLEANER TAPE', 8, 1, 12, NULL, NULL, NULL, NULL, NULL, 33, NULL, NULL, NULL, 222, NULL, NULL, NULL, 516, NULL, NULL, NULL, NULL, '2014-06-04', 5, 'LUPUS DENGAN KEBENARAN RUJUKAN DRDOK : 279100', 'L', NULL, NULL),
(731, 'ICT731', NULL, 'PANASONIC MINI DV HEAD CLEANER TAPE', 8, 1, 12, NULL, NULL, NULL, NULL, NULL, 33, NULL, NULL, NULL, 222, NULL, NULL, NULL, 516, NULL, NULL, NULL, NULL, '2014-06-04', 5, 'LUPUS DENGAN KEBENARAN RUJUKAN DRDOK : 279100', 'L', NULL, NULL),
(732, 'ICT732', NULL, 'PANASONIC MINI DV HEAD CLEANER TAPE', 8, 1, 12, NULL, NULL, NULL, NULL, NULL, 33, NULL, NULL, NULL, 222, NULL, NULL, NULL, 516, NULL, NULL, NULL, NULL, '2014-06-04', 5, 'LUPUS DENGAN KEBENARAN RUJUKAN DRDOK : 279100', 'L', NULL, NULL),
(733, 'ICT733', NULL, 'PANASONIC MINI DV HEAD CLEANER TAPE', 8, 1, 12, NULL, NULL, NULL, NULL, NULL, 33, NULL, NULL, NULL, 222, NULL, NULL, NULL, 516, NULL, NULL, NULL, NULL, '2014-06-04', 5, 'LUPUS DENGAN KEBENARAN RUJUKAN DRDOK : 279100', 'L', NULL, NULL),
(734, 'ICT734', NULL, 'PANASONIC MINI DV HEAD CLEANER TAPE', 8, 1, 12, NULL, NULL, NULL, NULL, NULL, 33, NULL, NULL, NULL, 222, NULL, NULL, NULL, 516, NULL, NULL, NULL, NULL, '2014-06-04', 5, 'LUPUS DENGAN KEBENARAN RUJUKAN DRDOK : 279100', 'L', NULL, NULL),
(735, 'ICT735', NULL, 'PANASONIC MINI DV HEAD CLEANER TAPE', 8, 1, 12, NULL, NULL, NULL, NULL, NULL, 33, NULL, NULL, NULL, 222, NULL, NULL, NULL, 516, NULL, NULL, NULL, NULL, '2014-06-04', 5, 'LUPUS DENGAN KEBENARAN RUJUKAN DRDOK : 279100', 'L', NULL, NULL),
(736, 'ICT736', NULL, 'PANASONIC MINI DV HEAD CLEANER TAPE', 8, 1, 12, NULL, NULL, NULL, NULL, NULL, 33, NULL, NULL, NULL, 222, NULL, NULL, NULL, 516, NULL, NULL, NULL, NULL, '2014-06-04', 5, 'LUPUS DENGAN KEBENARAN RUJUKAN DRDOK : 279100', 'L', NULL, NULL),
(737, 'ICT737', NULL, 'WIRELESS MICROPHONE SYSTEMS', 8, 1, 13, NULL, NULL, NULL, NULL, NULL, NULL, NULL, NULL, NULL, 222, NULL, NULL, NULL, 517, NULL, NULL, NULL, NULL, '2014-06-04', 5, 'LUPUS DENGAN KEBENARAN RUJUKAN DRDOK : 279100', 'L', NULL, NULL),
(738, 'ICT738', NULL, 'MICROPHONE STAND', 8, 1, 13, NULL, NULL, NULL, NULL, NULL, NULL, NULL, NULL, NULL, 222, NULL, NULL, NULL, 518, NULL, NULL, NULL, NULL, '2014-06-04', 5, 'LUPUS DENGAN KEBENARAN RUJUKAN DRDOK : 279100', 'L', NULL, NULL),
(741, 'ICT741', NULL, 'ACER ASPIRE 5573ANWXMI', 8, 1, 1, NULL, NULL, NULL, NULL, NULL, 27, NULL, NULL, NULL, 222, NULL, NULL, NULL, 521, NULL, NULL, NULL, NULL, '2014-06-04', 5, 'LUPUS DENGAN KEBENARAN RUJUKAN DRDOK : 279100', 'M', NULL, NULL),
(742, 'ICT742', NULL, 'MP3 FM MODULATOR WIREMOTE CONTROL', 8, 1, 14, NULL, NULL, NULL, NULL, NULL, NULL, NULL, NULL, NULL, 222, NULL, NULL, NULL, 522, NULL, NULL, NULL, NULL, '2014-06-04', 5, 'LUPUS DENGAN KEBENARAN RUJUKAN DRDOK : 279100', 'L', NULL, NULL),
(743, 'ICT743', NULL, 'MP3 FM MODULATOR WIREMOTE CONTROL', 8, 1, 14, NULL, NULL, NULL, NULL, NULL, NULL, NULL, NULL, NULL, 222, NULL, NULL, NULL, 522, NULL, NULL, NULL, NULL, '2014-06-04', 5, 'LUPUS DENGAN KEBENARAN RUJUKAN DRDOK : 279100', 'L', NULL, NULL),
(744, 'ICT744', NULL, 'KINGSTON 512MB DDR400', 8, 1, 15, NULL, NULL, NULL, NULL, NULL, 28, NULL, NULL, NULL, 222, NULL, NULL, NULL, 523, NULL, NULL, NULL, NULL, '2014-06-04', 5, 'LUPUS DENGAN KEBENARAN RUJUKAN DRDOK : 279100', 'L', NULL, NULL),
(748, 'ICT748', NULL, 'WINXP PRO', 1, 2, 1, NULL, NULL, 'BYQ8T-7XKM2-9T34C-K8WRJ-HMD6Q', NULL, NULL, 15, '012', NULL, NULL, 30, NULL, NULL, NULL, 416, NULL, '65', NULL, NULL, NULL, NULL, NULL, 'M', NULL, NULL),
(749, 'ICT749', NULL, 'WINXP PRO', 1, 2, 1, NULL, NULL, 'MFGW3-YFQCM-MOG43-6XJDK-MHH7G', NULL, NULL, 15, NULL, NULL, NULL, 199, NULL, NULL, NULL, 416, NULL, NULL, 'YES', NULL, NULL, NULL, NULL, 'M', NULL, NULL),
(756, 'ICT756', NULL, 'WINXP PRO', 1, 2, 1, NULL, NULL, 'FV8XH-RRFJP-3T9G3-CB7J2-Q3R3W', NULL, NULL, 15, '039', NULL, NULL, 19, NULL, NULL, NULL, 416, NULL, '66', NULL, NULL, NULL, NULL, NULL, 'M', NULL, NULL),
(757, 'ICT757', NULL, 'WINXP PRO', 1, 2, 1, NULL, NULL, 'H8QWT-78BCC-C3Q4C-VEXBJ-DGX2W', NULL, NULL, 15, '120', NULL, NULL, 19, NULL, NULL, NULL, 416, NULL, '100', NULL, NULL, NULL, NULL, NULL, 'M', NULL, NULL),
(758, 'ICT758', NULL, 'WINXP PRO', 1, 2, 1, NULL, NULL, 'FQJWM-8QY33-FR69G-HVPCV-GR2KJ', NULL, NULL, 15, NULL, NULL, NULL, 28, NULL, NULL, NULL, 416, NULL, '118', NULL, NULL, NULL, NULL, NULL, 'M', NULL, NULL),
(759, 'ICT759', NULL, 'WINXP PRO', 1, 2, 1, NULL, NULL, 'VR3CH-RWXMX-BCPWY-QVCCC-2WKTJ', NULL, NULL, 15, NULL, NULL, NULL, 222, NULL, NULL, NULL, 416, NULL, '102', 'YES', NULL, NULL, NULL, NULL, 'M', NULL, NULL),
(760, 'ICT760', NULL, 'WINXP PRO', 1, 2, 1, NULL, NULL, 'R6FB4-BH99V-C7FGF-FM283-F694B', NULL, NULL, 15, '070', NULL, NULL, 222, NULL, NULL, NULL, 416, NULL, '113', NULL, NULL, NULL, NULL, NULL, 'M', NULL, NULL),
(761, 'ICT761', NULL, 'WINXP PRO', 1, 2, 1, NULL, NULL, 'R69YC-BXV6G-CKM24-QQQW7-2Q3HY', NULL, NULL, 15, '079', NULL, NULL, 225, NULL, NULL, NULL, 416, NULL, '36', 'YES', NULL, NULL, NULL, NULL, 'M', NULL, NULL),
(762, 'ICT762', NULL, 'WINXP PRO', 1, 2, 1, NULL, NULL, 'PW7WF-MFYJB-JVX6M-D626G-8XR23', NULL, NULL, 15, '071', NULL, NULL, 219, NULL, NULL, NULL, 416, NULL, '1', NULL, NULL, NULL, NULL, NULL, 'M', NULL, NULL),
(763, 'ICT763', NULL, 'WINXP PRO', 1, 2, 1, NULL, NULL, 'RFHK3-MGJ8Q-GQK2B-WT7B3-H6TXG', NULL, NULL, 15, '011', NULL, NULL, 201, NULL, NULL, NULL, 416, NULL, '29', NULL, NULL, NULL, NULL, NULL, 'M', NULL, NULL),
(765, 'ICT765', NULL, 'F-SECURE ANTIVIRUS FOR 2 YEARS SUPPORT', 4, 2, 3, NULL, NULL, NULL, NULL, NULL, NULL, NULL, NULL, NULL, 222, NULL, NULL, NULL, 495, NULL, NULL, NULL, NULL, NULL, NULL, NULL, 'L', NULL, NULL),
(766, 'ICT766', NULL, 'F-SECURE ANTIVIRUS FOR 2 YEARS SUPPORT', 4, 2, 3, NULL, NULL, NULL, NULL, NULL, NULL, NULL, NULL, NULL, 222, NULL, NULL, NULL, 495, NULL, NULL, NULL, NULL, NULL, NULL, NULL, 'L', NULL, NULL),
(767, 'ICT767', NULL, 'F-SECURE ANTIVIRUS FOR 2 YEARS SUPPORT', 4, 2, 3, NULL, NULL, NULL, NULL, NULL, NULL, NULL, NULL, NULL, 222, NULL, NULL, NULL, 495, NULL, NULL, NULL, NULL, NULL, NULL, NULL, 'L', NULL, NULL),
(768, 'ICT768', NULL, 'F-SECURE ANTIVIRUS FOR 2 YEARS SUPPORT', 4, 2, 3, NULL, NULL, NULL, NULL, NULL, NULL, NULL, NULL, NULL, 222, NULL, NULL, NULL, 495, NULL, NULL, NULL, NULL, NULL, NULL, NULL, 'L', NULL, NULL),
(769, 'ICT769', NULL, 'F-SECURE ANTIVIRUS FOR 2 YEARS SUPPORT', 4, 2, 3, NULL, NULL, NULL, NULL, NULL, NULL, NULL, NULL, NULL, 222, NULL, NULL, NULL, 495, NULL, NULL, NULL, NULL, NULL, NULL, NULL, 'L', NULL, NULL),
(770, 'ICT770', NULL, 'F-SECURE ANTIVIRUS FOR 2 YEARS SUPPORT', 4, 2, 3, NULL, NULL, NULL, NULL, NULL, NULL, NULL, NULL, NULL, 222, NULL, NULL, NULL, 495, NULL, NULL, NULL, NULL, NULL, NULL, NULL, 'L', NULL, NULL),
(771, 'ICT771', NULL, 'F-SECURE ANTIVIRUS FOR 2 YEARS SUPPORT', 4, 2, 3, NULL, NULL, NULL, NULL, NULL, NULL, NULL, NULL, NULL, 222, NULL, NULL, NULL, 495, NULL, NULL, NULL, NULL, NULL, NULL, NULL, 'L', NULL, NULL),
(772, 'ICT772', NULL, 'F-SECURE ANTIVIRUS FOR 2 YEARS SUPPORT', 4, 2, 3, NULL, NULL, NULL, NULL, NULL, NULL, NULL, NULL, NULL, 222, NULL, NULL, NULL, 495, NULL, NULL, NULL, NULL, NULL, NULL, NULL, 'L', NULL, NULL),
(773, 'ICT773', NULL, 'F-SECURE ANTIVIRUS FOR 2 YEARS SUPPORT', 4, 2, 3, NULL, NULL, NULL, NULL, NULL, NULL, NULL, NULL, NULL, 222, NULL, NULL, NULL, 495, NULL, NULL, NULL, NULL, NULL, NULL, NULL, 'L', NULL, NULL),
(774, 'ICT774', NULL, 'F-SECURE ANTIVIRUS FOR 2 YEARS SUPPORT', 4, 2, 3, NULL, NULL, NULL, NULL, NULL, NULL, NULL, NULL, NULL, 222, NULL, NULL, NULL, 495, NULL, NULL, NULL, NULL, NULL, NULL, NULL, 'L', NULL, NULL),
(775, 'ICT775', NULL, 'F-SECURE ANTIVIRUS FOR 2 YEARS SUPPORT', 4, 2, 3, NULL, NULL, NULL, NULL, NULL, NULL, NULL, NULL, NULL, 222, NULL, NULL, NULL, 495, NULL, NULL, NULL, NULL, NULL, NULL, NULL, 'L', NULL, NULL),
(776, 'ICT776', NULL, 'F-SECURE ANTIVIRUS FOR 2 YEARS SUPPORT', 4, 2, 3, NULL, NULL, NULL, NULL, NULL, NULL, NULL, NULL, NULL, 222, NULL, NULL, NULL, 495, NULL, NULL, NULL, NULL, NULL, NULL, NULL, 'L', NULL, NULL),
(777, 'ICT777', NULL, 'F-SECURE ANTIVIRUS FOR 2 YEARS SUPPORT', 4, 2, 3, NULL, NULL, NULL, NULL, NULL, NULL, NULL, NULL, NULL, 222, NULL, NULL, NULL, 495, NULL, NULL, NULL, NULL, NULL, NULL, NULL, 'L', NULL, NULL),
(778, 'ICT778', NULL, 'F-SECURE ANTIVIRUS FOR 2 YEARS SUPPORT', 4, 2, 3, NULL, NULL, NULL, NULL, NULL, NULL, NULL, NULL, NULL, 222, NULL, NULL, NULL, 495, NULL, NULL, NULL, NULL, NULL, NULL, NULL, 'L', NULL, NULL),
(779, 'ICT779', NULL, 'F-SECURE ANTIVIRUS FOR 2 YEARS SUPPORT', 4, 2, 3, NULL, NULL, NULL, NULL, NULL, NULL, NULL, NULL, NULL, 222, NULL, NULL, NULL, 495, NULL, NULL, NULL, NULL, NULL, NULL, NULL, 'L', NULL, NULL),
(780, 'ICT780', NULL, 'F-SECURE ANTIVIRUS FOR 2 YEARS SUPPORT', 4, 2, 3, NULL, NULL, NULL, NULL, NULL, NULL, NULL, NULL, NULL, 222, NULL, NULL, NULL, 495, NULL, NULL, NULL, NULL, NULL, NULL, NULL, 'L', NULL, NULL),
(781, 'ICT781', NULL, 'F-SECURE ANTIVIRUS FOR 2 YEARS SUPPORT', 4, 2, 3, NULL, NULL, NULL, NULL, NULL, NULL, NULL, NULL, NULL, 222, NULL, NULL, NULL, 495, NULL, NULL, NULL, NULL, NULL, NULL, NULL, 'L', NULL, NULL),
(782, 'ICT782', NULL, 'F-SECURE ANTIVIRUS FOR 2 YEARS SUPPORT', 4, 2, 3, NULL, NULL, NULL, NULL, NULL, NULL, NULL, NULL, NULL, 222, NULL, NULL, NULL, 495, NULL, NULL, NULL, NULL, NULL, NULL, NULL, 'L', NULL, NULL),
(783, 'ICT783', NULL, 'F-SECURE ANTIVIRUS FOR 2 YEARS SUPPORT', 4, 2, 3, NULL, NULL, NULL, NULL, NULL, NULL, NULL, NULL, NULL, 222, NULL, NULL, NULL, 495, NULL, NULL, NULL, NULL, NULL, NULL, NULL, 'L', NULL, NULL),
(784, 'ICT784', NULL, 'F-SECURE ANTIVIRUS FOR 2 YEARS SUPPORT', 4, 2, 3, NULL, NULL, NULL, NULL, NULL, NULL, NULL, NULL, NULL, 222, NULL, NULL, NULL, 495, NULL, NULL, NULL, NULL, NULL, NULL, NULL, 'L', NULL, NULL),
(785, 'ICT785', NULL, 'F-SECURE ANTIVIRUS FOR 2 YEARS SUPPORT', 4, 2, 3, NULL, NULL, NULL, NULL, NULL, NULL, NULL, NULL, NULL, 222, NULL, NULL, NULL, 495, NULL, NULL, NULL, NULL, NULL, NULL, NULL, 'L', NULL, NULL),
(786, 'ICT786', NULL, 'F-SECURE ANTIVIRUS FOR 2 YEARS SUPPORT', 4, 2, 3, NULL, NULL, NULL, NULL, NULL, NULL, NULL, NULL, NULL, 222, NULL, NULL, NULL, NULL, NULL, NULL, NULL, NULL, NULL, NULL, NULL, 'L', NULL, NULL),
(787, 'ICT787', NULL, 'F-SECURE ANTIVIRUS FOR 2 YEARS SUPPORT', 4, 2, 3, NULL, NULL, NULL, NULL, NULL, NULL, NULL, NULL, NULL, 222, NULL, NULL, NULL, 495, NULL, NULL, NULL, NULL, NULL, NULL, NULL, 'L', NULL, NULL),
(788, 'ICT788', NULL, 'F-SECURE ANTIVIRUS FOR 2 YEARS SUPPORT', 4, 2, 3, NULL, NULL, NULL, NULL, NULL, NULL, NULL, NULL, NULL, 222, NULL, NULL, NULL, 495, NULL, NULL, NULL, NULL, NULL, NULL, NULL, 'L', NULL, NULL),
(789, 'ICT789', NULL, 'F-SECURE ANTIVIRUS FOR 2 YEARS SUPPORT', 4, 2, 3, NULL, NULL, NULL, NULL, NULL, NULL, NULL, NULL, NULL, 222, NULL, NULL, NULL, 495, NULL, NULL, NULL, NULL, NULL, NULL, NULL, 'L', NULL, NULL),
(790, 'ICT790', NULL, 'F-SECURE ANTIVIRUS FOR 2 YEARS SUPPORT', 4, 2, 3, NULL, NULL, NULL, NULL, NULL, NULL, NULL, NULL, NULL, 222, NULL, NULL, NULL, 495, NULL, NULL, NULL, NULL, NULL, NULL, NULL, 'L', NULL, NULL),
(791, 'ICT791', NULL, 'F-SECURE ANTIVIRUS FOR 2 YEARS SUPPORT', 4, 2, 3, NULL, NULL, NULL, NULL, NULL, NULL, NULL, NULL, NULL, 222, NULL, NULL, NULL, 495, NULL, NULL, NULL, NULL, NULL, NULL, NULL, 'L', NULL, NULL),
(792, 'ICT792', NULL, 'F-SECURE ANTIVIRUS FOR 2 YEARS SUPPORT', 4, 2, 3, NULL, NULL, NULL, NULL, NULL, NULL, NULL, NULL, NULL, 222, NULL, NULL, NULL, 495, NULL, NULL, NULL, NULL, NULL, NULL, NULL, 'L', NULL, NULL),
(793, 'ICT793', NULL, 'F-SECURE ANTIVIRUS FOR 2 YEARS SUPPORT', 4, 2, 3, NULL, NULL, NULL, NULL, NULL, NULL, NULL, NULL, NULL, 222, NULL, NULL, NULL, 495, NULL, NULL, NULL, NULL, NULL, NULL, NULL, 'L', NULL, NULL),
(794, 'ICT794', NULL, 'F-SECURE ANTIVIRUS FOR 2 YEARS SUPPORT', 4, 2, 3, NULL, NULL, NULL, NULL, NULL, NULL, NULL, NULL, NULL, 222, NULL, NULL, NULL, 495, NULL, NULL, NULL, NULL, NULL, NULL, NULL, 'L', NULL, NULL),
(795, 'ICT795', NULL, 'F-SECURE ANTIVIRUS FOR 2 YEARS SUPPORT', 4, 2, 3, NULL, NULL, NULL, NULL, NULL, NULL, NULL, NULL, NULL, 222, NULL, NULL, NULL, 495, NULL, NULL, NULL, NULL, NULL, NULL, NULL, 'L', NULL, NULL),
(796, 'ICT796', NULL, 'F-SECURE ANTIVIRUS FOR 2 YEARS SUPPORT', 4, 2, 3, NULL, NULL, NULL, NULL, NULL, NULL, NULL, NULL, NULL, 222, NULL, NULL, NULL, 495, NULL, NULL, NULL, NULL, NULL, NULL, NULL, 'L', NULL, NULL),
(797, 'ICT797', NULL, 'F-SECURE ANTIVIRUS FOR 2 YEARS SUPPORT', 4, 2, 3, NULL, NULL, NULL, NULL, NULL, NULL, NULL, NULL, NULL, 222, NULL, NULL, NULL, 495, NULL, NULL, NULL, NULL, NULL, NULL, NULL, 'L', NULL, NULL),
(798, 'ICT798', NULL, 'F-SECURE ANTIVIRUS FOR 2 YEARS SUPPORT', 4, 2, 3, NULL, NULL, NULL, NULL, NULL, NULL, NULL, NULL, NULL, 222, NULL, NULL, NULL, 495, NULL, NULL, NULL, NULL, NULL, NULL, NULL, 'L', NULL, NULL),
(799, 'ICT799', NULL, 'F-SECURE ANTIVIRUS FOR 2 YEARS SUPPORT', 4, 2, 3, NULL, NULL, NULL, NULL, NULL, NULL, NULL, NULL, NULL, 222, NULL, NULL, NULL, 495, NULL, NULL, NULL, NULL, NULL, NULL, NULL, 'L', NULL, NULL),
(800, 'ICT800', NULL, 'F-SECURE ANTIVIRUS FOR 2 YEARS SUPPORT', 4, 2, 3, NULL, NULL, NULL, NULL, NULL, NULL, NULL, NULL, NULL, 222, NULL, NULL, NULL, 495, NULL, NULL, NULL, NULL, NULL, NULL, NULL, 'L', NULL, NULL),
(801, 'ICT801', NULL, 'F-SECURE ANTIVIRUS FOR 2 YEARS SUPPORT', 4, 2, 3, NULL, NULL, NULL, NULL, NULL, NULL, NULL, NULL, NULL, 222, NULL, NULL, NULL, 495, NULL, NULL, NULL, NULL, NULL, NULL, NULL, 'L', NULL, NULL),
(802, 'ICT802', NULL, 'F-SECURE ANTIVIRUS FOR 2 YEARS SUPPORT', 4, 2, 3, NULL, NULL, NULL, NULL, NULL, NULL, NULL, NULL, NULL, 222, NULL, NULL, NULL, 495, NULL, NULL, NULL, NULL, NULL, NULL, NULL, 'L', NULL, NULL),
(803, 'ICT803', NULL, 'F-SECURE ANTIVIRUS FOR 2 YEARS SUPPORT', 4, 2, 3, NULL, NULL, NULL, NULL, NULL, NULL, NULL, NULL, NULL, 222, NULL, NULL, NULL, 495, NULL, NULL, NULL, NULL, NULL, NULL, NULL, 'L', NULL, NULL),
(804, 'ICT804', NULL, 'F-SECURE ANTIVIRUS FOR 2 YEARS SUPPORT', 4, 2, 3, NULL, NULL, NULL, NULL, NULL, NULL, NULL, NULL, NULL, 222, NULL, NULL, NULL, 495, NULL, NULL, NULL, NULL, NULL, NULL, NULL, 'L', NULL, NULL),
(805, 'ICT805', NULL, 'F-SECURE ANTIVIRUS FOR 2 YEARS SUPPORT', 4, 2, 3, NULL, NULL, NULL, NULL, NULL, NULL, NULL, NULL, NULL, 222, NULL, NULL, NULL, 495, NULL, NULL, NULL, NULL, NULL, NULL, NULL, 'L', NULL, NULL),
(806, 'ICT806', NULL, 'F-SECURE ANTIVIRUS FOR 2 YEARS SUPPORT', 4, 2, 3, NULL, NULL, NULL, NULL, NULL, NULL, NULL, NULL, NULL, 222, NULL, NULL, NULL, 495, NULL, NULL, NULL, NULL, NULL, NULL, NULL, 'L', NULL, NULL),
(807, 'ICT807', NULL, 'F-SECURE ANTIVIRUS FOR 2 YEARS SUPPORT', 4, 2, 3, NULL, NULL, NULL, NULL, NULL, NULL, NULL, NULL, NULL, 222, NULL, NULL, NULL, 495, NULL, NULL, NULL, NULL, NULL, NULL, NULL, 'L', NULL, NULL),
(808, 'ICT808', NULL, 'F-SECURE ANTIVIRUS FOR 2 YEARS SUPPORT', 4, 2, 3, NULL, NULL, NULL, NULL, NULL, NULL, NULL, NULL, NULL, 222, NULL, NULL, NULL, 495, NULL, NULL, NULL, NULL, NULL, NULL, NULL, 'L', NULL, NULL),
(809, 'ICT809', NULL, 'F-SECURE ANTIVIRUS FOR 2 YEARS SUPPORT', 4, 2, 3, NULL, NULL, NULL, NULL, NULL, NULL, NULL, NULL, NULL, 222, NULL, NULL, NULL, 495, NULL, NULL, NULL, NULL, NULL, NULL, NULL, 'L', NULL, NULL),
(810, 'ICT810', NULL, 'F-SECURE ANTIVIRUS FOR 2 YEARS SUPPORT', 4, 2, 3, NULL, NULL, NULL, NULL, NULL, NULL, NULL, NULL, NULL, 222, NULL, NULL, NULL, 495, NULL, NULL, NULL, NULL, NULL, NULL, NULL, 'L', NULL, NULL),
(811, 'ICT811', NULL, 'F-SECURE ANTIVIRUS FOR 2 YEARS SUPPORT', 4, 2, 3, NULL, NULL, NULL, NULL, NULL, NULL, NULL, NULL, NULL, 222, NULL, NULL, NULL, 495, NULL, NULL, NULL, NULL, NULL, NULL, NULL, 'L', NULL, NULL),
(812, 'ICT812', NULL, 'F-SECURE ANTIVIRUS FOR 2 YEARS SUPPORT', 4, 2, 3, NULL, NULL, NULL, NULL, NULL, NULL, NULL, NULL, NULL, 222, NULL, NULL, NULL, 495, NULL, NULL, NULL, NULL, NULL, NULL, NULL, 'L', NULL, NULL),
(813, 'ICT813', NULL, 'F-SECURE ANTIVIRUS FOR 2 YEARS SUPPORT', 4, 2, 3, NULL, NULL, NULL, NULL, NULL, NULL, NULL, NULL, NULL, 222, NULL, NULL, NULL, 495, NULL, NULL, NULL, NULL, NULL, NULL, NULL, 'L', NULL, NULL),
(814, 'ICT814', NULL, 'F-SECURE ANTIVIRUS FOR 2 YEARS SUPPORT', 4, 2, 3, NULL, NULL, NULL, NULL, NULL, NULL, NULL, NULL, NULL, 222, NULL, NULL, NULL, 495, NULL, NULL, NULL, NULL, NULL, NULL, NULL, 'L', NULL, NULL),
(815, 'ICT815', NULL, 'F-SECURE ANTIVIRUS FOR 2 YEARS SUPPORT', 4, 2, 3, NULL, NULL, NULL, NULL, NULL, NULL, NULL, NULL, NULL, 222, NULL, NULL, NULL, 495, NULL, NULL, NULL, NULL, NULL, NULL, NULL, 'L', NULL, NULL),
(816, 'ICT816', NULL, 'F-SECURE ANTIVIRUS FOR 2 YEARS SUPPORT', 4, 2, 3, NULL, NULL, NULL, NULL, NULL, NULL, NULL, NULL, NULL, 222, NULL, NULL, NULL, 495, NULL, NULL, NULL, NULL, NULL, NULL, NULL, 'L', NULL, NULL),
(817, 'ICT817', NULL, 'F-SECURE ANTIVIRUS FOR 2 YEARS SUPPORT', 4, 2, 3, NULL, NULL, NULL, NULL, NULL, NULL, NULL, NULL, NULL, 222, NULL, NULL, NULL, 495, NULL, NULL, NULL, NULL, NULL, NULL, NULL, 'L', NULL, NULL),
(818, 'ICT818', NULL, 'F-SECURE ANTIVIRUS FOR 2 YEARS SUPPORT', 4, 2, 3, NULL, NULL, NULL, NULL, NULL, NULL, NULL, NULL, NULL, 222, NULL, NULL, NULL, 495, NULL, NULL, NULL, NULL, NULL, NULL, NULL, 'L', NULL, NULL),
(819, 'ICT819', NULL, 'F-SECURE ANTIVIRUS FOR 2 YEARS SUPPORT', 4, 2, 3, NULL, NULL, NULL, NULL, NULL, NULL, NULL, NULL, NULL, 222, NULL, NULL, NULL, 495, NULL, NULL, NULL, NULL, NULL, NULL, NULL, 'L', NULL, NULL),
(820, 'ICT820', NULL, 'F-SECURE ANTIVIRUS FOR 2 YEARS SUPPORT', 4, 2, 3, NULL, NULL, NULL, NULL, NULL, NULL, NULL, NULL, NULL, 222, NULL, NULL, NULL, 495, NULL, NULL, NULL, NULL, NULL, NULL, NULL, 'L', NULL, NULL),
(821, 'ICT821', NULL, 'F-SECURE ANTIVIRUS FOR 2 YEARS SUPPORT', 4, 2, 3, NULL, NULL, NULL, NULL, NULL, NULL, NULL, NULL, NULL, 222, NULL, NULL, NULL, 495, NULL, NULL, NULL, NULL, NULL, NULL, NULL, 'L', NULL, NULL),
(822, 'ICT822', NULL, 'F-SECURE ANTIVIRUS FOR 2 YEARS SUPPORT', 4, 2, 3, NULL, NULL, NULL, NULL, NULL, NULL, NULL, NULL, NULL, 222, NULL, NULL, NULL, 495, NULL, NULL, NULL, NULL, NULL, NULL, NULL, 'L', NULL, NULL),
(823, 'ICT823', NULL, 'F-SECURE ANTIVIRUS FOR 2 YEARS SUPPORT', 4, 2, 3, NULL, NULL, NULL, NULL, NULL, NULL, NULL, NULL, NULL, 222, NULL, NULL, NULL, 495, NULL, NULL, NULL, NULL, NULL, NULL, NULL, 'L', NULL, NULL),
(824, 'ICT824', NULL, 'F-SECURE ANTIVIRUS FOR 2 YEARS SUPPORT', 4, 2, 3, NULL, NULL, NULL, NULL, NULL, NULL, NULL, NULL, NULL, 222, NULL, NULL, NULL, 495, NULL, NULL, NULL, NULL, NULL, NULL, NULL, 'L', NULL, NULL),
(825, 'ICT825', NULL, 'F-SECURE ANTIVIRUS FOR 2 YEARS SUPPORT', 4, 2, 3, NULL, NULL, NULL, NULL, NULL, NULL, NULL, NULL, NULL, 222, NULL, NULL, NULL, 495, NULL, NULL, NULL, NULL, NULL, NULL, NULL, 'L', NULL, NULL),
(826, 'ICT826', NULL, 'F-SECURE ANTIVIRUS FOR 2 YEARS SUPPORT', 4, 2, 3, NULL, NULL, NULL, NULL, NULL, NULL, NULL, NULL, NULL, 222, NULL, NULL, NULL, 495, NULL, NULL, NULL, NULL, NULL, NULL, NULL, 'L', NULL, NULL),
(827, 'ICT827', NULL, 'F-SECURE ANTIVIRUS FOR 2 YEARS SUPPORT', 4, 2, 3, NULL, NULL, NULL, NULL, NULL, NULL, NULL, NULL, NULL, 222, NULL, NULL, NULL, 495, NULL, NULL, NULL, NULL, NULL, NULL, NULL, 'L', NULL, NULL),
(828, 'ICT828', NULL, 'F-SECURE ANTIVIRUS FOR 2 YEARS SUPPORT', 4, 2, 3, NULL, NULL, NULL, NULL, NULL, NULL, NULL, NULL, NULL, 222, NULL, NULL, NULL, 495, NULL, NULL, NULL, NULL, NULL, NULL, NULL, 'L', NULL, NULL),
(829, 'ICT829', NULL, 'F-SECURE ANTIVIRUS FOR 2 YEARS SUPPORT', 4, 2, 3, NULL, NULL, NULL, NULL, NULL, NULL, NULL, NULL, NULL, 222, NULL, NULL, NULL, 495, NULL, NULL, NULL, NULL, NULL, NULL, NULL, 'L', NULL, NULL),
(830, 'ICT830', NULL, 'F-SECURE ANTIVIRUS FOR 2 YEARS SUPPORT', 4, 2, 3, NULL, NULL, NULL, NULL, NULL, NULL, NULL, NULL, NULL, 222, NULL, NULL, NULL, 495, NULL, NULL, NULL, NULL, NULL, NULL, NULL, 'L', NULL, NULL),
(831, 'ICT831', NULL, 'F-SECURE ANTIVIRUS FOR 2 YEARS SUPPORT', 4, 2, 3, NULL, NULL, NULL, NULL, NULL, NULL, NULL, NULL, NULL, 222, NULL, NULL, NULL, 495, NULL, NULL, NULL, NULL, NULL, NULL, NULL, 'L', NULL, NULL),
(832, 'ICT832', NULL, 'F-SECURE ANTIVIRUS FOR 2 YEARS SUPPORT', 4, 2, 3, NULL, NULL, NULL, NULL, NULL, NULL, NULL, NULL, NULL, 222, NULL, NULL, NULL, 495, NULL, NULL, NULL, NULL, NULL, NULL, NULL, 'L', NULL, NULL),
(833, 'ICT833', NULL, 'F-SECURE ANTIVIRUS FOR 2 YEARS SUPPORT', 4, 2, 3, NULL, NULL, NULL, NULL, NULL, NULL, NULL, NULL, NULL, 222, NULL, NULL, NULL, 495, NULL, NULL, NULL, NULL, NULL, NULL, NULL, 'L', NULL, NULL),
(834, 'ICT834', NULL, 'F-SECURE ANTIVIRUS FOR 2 YEARS SUPPORT', 4, 2, 3, NULL, NULL, NULL, NULL, NULL, NULL, NULL, NULL, NULL, 222, NULL, NULL, NULL, 495, NULL, NULL, NULL, NULL, NULL, NULL, NULL, 'L', NULL, NULL),
(835, 'ICT835', NULL, 'F-SECURE ANTIVIRUS FOR 2 YEARS SUPPORT', 4, 2, 3, NULL, NULL, NULL, NULL, NULL, NULL, NULL, NULL, NULL, 222, NULL, NULL, NULL, 495, NULL, NULL, NULL, NULL, NULL, NULL, NULL, 'L', NULL, NULL),
(836, 'ICT836', NULL, 'F-SECURE ANTIVIRUS FOR 2 YEARS SUPPORT', 4, 2, 3, NULL, NULL, NULL, NULL, NULL, NULL, NULL, NULL, NULL, 222, NULL, NULL, NULL, 495, NULL, NULL, NULL, NULL, NULL, NULL, NULL, 'L', NULL, NULL),
(837, 'ICT837', NULL, 'F-SECURE ANTIVIRUS FOR 2 YEARS SUPPORT', 4, 2, 3, NULL, NULL, NULL, NULL, NULL, NULL, NULL, NULL, NULL, 222, NULL, NULL, NULL, 495, NULL, NULL, NULL, NULL, NULL, NULL, NULL, 'L', NULL, NULL),
(838, 'ICT838', NULL, 'F-SECURE ANTIVIRUS FOR 2 YEARS SUPPORT', 4, 2, 3, NULL, NULL, NULL, NULL, NULL, NULL, NULL, NULL, NULL, 222, NULL, NULL, NULL, 495, NULL, NULL, NULL, NULL, NULL, NULL, NULL, 'L', NULL, NULL),
(839, 'ICT839', NULL, 'F-SECURE ANTIVIRUS FOR 2 YEARS SUPPORT', 4, 2, 3, NULL, NULL, NULL, NULL, NULL, NULL, NULL, NULL, NULL, 222, NULL, NULL, NULL, 495, NULL, NULL, NULL, NULL, NULL, NULL, NULL, 'L', NULL, NULL),
(840, 'ICT840', NULL, 'F-SECURE ANTIVIRUS FOR 2 YEARS SUPPORT', 4, 2, 3, NULL, NULL, NULL, NULL, NULL, NULL, NULL, NULL, NULL, 222, NULL, NULL, NULL, 495, NULL, NULL, NULL, NULL, NULL, NULL, NULL, 'L', NULL, NULL),
(841, 'ICT841', NULL, 'F-SECURE ANTIVIRUS FOR 2 YEARS SUPPORT', 4, 2, 3, NULL, NULL, NULL, NULL, NULL, NULL, NULL, NULL, NULL, 222, NULL, NULL, NULL, 495, NULL, NULL, NULL, NULL, NULL, NULL, NULL, 'L', NULL, NULL),
(842, 'ICT842', NULL, 'F-SECURE ANTIVIRUS FOR 2 YEARS SUPPORT', 4, 2, 3, NULL, NULL, NULL, NULL, NULL, NULL, NULL, NULL, NULL, 222, NULL, NULL, NULL, 495, NULL, NULL, NULL, NULL, NULL, NULL, NULL, 'L', NULL, NULL),
(843, 'ICT843', NULL, 'F-SECURE ANTIVIRUS FOR 2 YEARS SUPPORT', 4, 2, 3, NULL, NULL, NULL, NULL, NULL, NULL, NULL, NULL, NULL, 222, NULL, NULL, NULL, 495, NULL, NULL, NULL, NULL, NULL, NULL, NULL, 'L', NULL, NULL),
(844, 'ICT844', NULL, 'F-SECURE ANTIVIRUS FOR 2 YEARS SUPPORT', 4, 2, 3, NULL, NULL, NULL, NULL, NULL, NULL, NULL, NULL, NULL, 222, NULL, NULL, NULL, 495, NULL, NULL, NULL, NULL, NULL, NULL, NULL, 'L', NULL, NULL),
(845, 'ICT845', NULL, 'F-SECURE ANTIVIRUS FOR 2 YEARS SUPPORT', 4, 2, 3, NULL, NULL, NULL, NULL, NULL, NULL, NULL, NULL, NULL, 222, NULL, NULL, NULL, 495, NULL, NULL, NULL, NULL, NULL, NULL, NULL, 'L', NULL, NULL),
(846, 'ICT846', NULL, 'F-SECURE ANTIVIRUS FOR 2 YEARS SUPPORT', 4, 2, 3, NULL, NULL, NULL, NULL, NULL, NULL, NULL, NULL, NULL, 222, NULL, NULL, NULL, 495, NULL, NULL, NULL, NULL, NULL, NULL, NULL, 'L', NULL, NULL),
(847, 'ICT847', NULL, 'F-SECURE ANTIVIRUS FOR 2 YEARS SUPPORT', 4, 2, 3, NULL, NULL, NULL, NULL, NULL, NULL, NULL, NULL, NULL, 222, NULL, NULL, NULL, 495, NULL, NULL, NULL, NULL, NULL, NULL, NULL, 'L', NULL, NULL),
(848, 'ICT848', NULL, 'F-SECURE ANTIVIRUS FOR 2 YEARS SUPPORT', 4, 2, 3, NULL, NULL, NULL, NULL, NULL, NULL, NULL, NULL, NULL, 222, NULL, NULL, NULL, 495, NULL, NULL, NULL, NULL, NULL, NULL, NULL, 'L', NULL, NULL),
(849, 'ICT849', NULL, 'F-SECURE ANTIVIRUS FOR 2 YEARS SUPPORT', 4, 2, 3, NULL, NULL, NULL, NULL, NULL, NULL, NULL, NULL, NULL, 222, NULL, NULL, NULL, 495, NULL, NULL, NULL, NULL, NULL, NULL, NULL, 'L', NULL, NULL),
(850, 'ICT850', NULL, 'F-SECURE ANTIVIRUS FOR 2 YEARS SUPPORT', 4, 2, 3, NULL, NULL, NULL, NULL, NULL, NULL, NULL, NULL, NULL, 222, NULL, NULL, NULL, 495, NULL, NULL, NULL, NULL, NULL, NULL, NULL, 'L', NULL, NULL),
(851, 'ICT851', NULL, 'F-SECURE ANTIVIRUS FOR 2 YEARS SUPPORT', 4, 2, 3, NULL, NULL, NULL, NULL, NULL, NULL, NULL, NULL, NULL, 222, NULL, NULL, NULL, 495, NULL, NULL, NULL, NULL, NULL, NULL, NULL, 'L', NULL, NULL),
(852, 'ICT852', NULL, 'F-SECURE ANTIVIRUS FOR 2 YEARS SUPPORT', 4, 2, 3, NULL, NULL, NULL, NULL, NULL, NULL, NULL, NULL, NULL, 222, NULL, NULL, NULL, 495, NULL, NULL, NULL, NULL, NULL, NULL, NULL, 'L', NULL, NULL),
(859, 'ICT859', NULL, 'MS WIRELESS OPTICAL - 65V-00017', 8, 1, 16, NULL, NULL, NULL, NULL, NULL, NULL, NULL, NULL, NULL, 222, NULL, NULL, NULL, 358, NULL, NULL, NULL, NULL, '2014-06-04', 5, 'LUPUS DENGAN KEBENARAN RUJUKAN DRDOK : 279100', 'L', NULL, NULL),
(862, 'ICT862', NULL, 'WIN XP PRO', 4, 2, 26, NULL, NULL, NULL, NULL, NULL, NULL, NULL, NULL, NULL, 222, NULL, NULL, NULL, 350, NULL, NULL, NULL, NULL, NULL, NULL, NULL, 'L', NULL, NULL),
(863, 'ICT863', NULL, 'BAIKI HDSIK WESTERN  80GB - SN:010179', 8, 4, 1, NULL, NULL, NULL, NULL, NULL, NULL, NULL, NULL, NULL, 222, NULL, NULL, NULL, 348, NULL, NULL, NULL, NULL, '2014-06-04', 5, 'LUPUS DENGAN KEBENARAN RUJUKAN DRDOK : 279100', 'M', NULL, NULL),
(864, 'ICT864', NULL, 'BELKIN 8 PORTS 10/100SWITCH', 8, 3, 4, NULL, NULL, NULL, NULL, NULL, NULL, NULL, NULL, NULL, 222, NULL, NULL, NULL, 342, NULL, NULL, NULL, NULL, '2014-06-04', 5, 'LUPUS DENGAN KEBENARAN RUJUKAN DRDOK : 279100', 'L', NULL, NULL),
(865, 'ICT865', NULL, 'SUNFIRE X2100 X64 SERVER', 8, 1, 9, NULL, NULL, NULL, NULL, NULL, 36, NULL, NULL, NULL, 222, NULL, NULL, NULL, 345, NULL, NULL, NULL, NULL, '2014-06-04', 5, 'LUPUS DENGAN KEBENARAN RUJUKAN DRDOK : 279100', 'H', NULL, NULL),
(866, 'ICT866', NULL, 'CONAN GLOSSY PHOTO PAPER/USB HUB/IDE CABLE', 8, 3, 1, NULL, NULL, NULL, NULL, NULL, 18, NULL, NULL, NULL, 222, NULL, NULL, NULL, 341, NULL, NULL, NULL, NULL, '2014-06-04', 5, 'LUPUS DENGAN KEBENARAN RUJUKAN DRDOK : 279100', 'M', NULL, NULL),
(868, 'ICT868', NULL, 'MS WINXP PRO', 4, 2, 26, NULL, NULL, NULL, NULL, NULL, NULL, NULL, NULL, NULL, 222, NULL, NULL, NULL, 376, NULL, NULL, NULL, NULL, NULL, NULL, NULL, 'L', NULL, NULL),
(880, 'ICT880', NULL, 'SINEWAVE UPS (MODEL:NP-SP1K5E)', 8, 1, 17, NULL, NULL, NULL, NULL, NULL, NULL, NULL, NULL, NULL, 222, NULL, NULL, NULL, 245, NULL, NULL, NULL, NULL, '2014-06-04', 5, 'LUPUS DENGAN KEBENARAN RUJUKAN DRDOK : 279100', 'L', NULL, NULL),
(881, 'ICT881', NULL, 'SINEWAVE UPS (MODEL:NP-SP1K5E)', 8, 1, 17, NULL, NULL, NULL, NULL, NULL, NULL, NULL, NULL, NULL, 222, NULL, NULL, NULL, 245, NULL, NULL, NULL, NULL, '2014-06-04', 5, 'LUPUS DENGAN KEBENARAN RUJUKAN DRDOK : 279100', 'L', NULL, NULL),
(888, 'ICT888', NULL, 'MS WINDOWS XP PRO', 4, 2, 1, NULL, NULL, NULL, NULL, NULL, 15, NULL, NULL, NULL, 222, NULL, NULL, NULL, 347, NULL, NULL, NULL, NULL, NULL, NULL, NULL, 'M', NULL, NULL),
(889, 'ICT889', NULL, '17" LCD MONITOR', 8, 1, 3, NULL, NULL, NULL, NULL, NULL, NULL, NULL, NULL, NULL, 222, NULL, NULL, NULL, 337, NULL, NULL, NULL, NULL, '2014-06-04', 5, 'LUPUS DENGAN KEBENARAN RUJUKAN DRDOK : 279100', 'L', NULL, NULL),
(890, 'ICT890', NULL, 'SCANNER FI-5530C', 8, 1, 18, NULL, NULL, NULL, NULL, NULL, NULL, NULL, NULL, NULL, 222, NULL, NULL, NULL, 343, NULL, NULL, NULL, NULL, '2014-06-04', 5, 'LUPUS DENGAN KEBENARAN RUJUKAN DRDOK : 279100', 'L', NULL, NULL),
(892, 'ICT892', NULL, '0', 4, 2, 27, NULL, NULL, NULL, NULL, NULL, NULL, NULL, NULL, NULL, 222, NULL, NULL, NULL, 346, NULL, NULL, NULL, NULL, NULL, NULL, NULL, 'L', NULL, NULL),
(894, 'ICT894', NULL, 'SCANNER FUJITSU 5530C(A4)', 4, 1, 18, NULL, NULL, NULL, NULL, NULL, 7, NULL, NULL, NULL, 222, NULL, NULL, NULL, 456, NULL, NULL, NULL, NULL, NULL, NULL, NULL, 'L', NULL, NULL),
(905, 'ICT905', NULL, 'WIN XP PROFESSIONAL', 1, 2, 1, NULL, NULL, 'F93BP-FCXGP-BCDPG-462TR-TF2HJ', NULL, NULL, 15, '078', NULL, NULL, 4, NULL, NULL, NULL, 533, NULL, '13', 'YES', NULL, NULL, NULL, NULL, 'M', NULL, NULL),
(906, 'ICT906', NULL, '	ACER ASPIRE 5573', 8, 1, 2, NULL, NULL, '	LXAXP0C0217140806E2505', NULL, NULL, 27, NULL, NULL, NULL, 3, NULL, NULL, NULL, 532, NULL, NULL, NULL, NULL, '2010-12-24', 1, NULL, 'M', NULL, NULL),
(912, 'ICT912', NULL, 'LESEN DRDOK', 4, 2, 28, NULL, NULL, NULL, NULL, NULL, NULL, NULL, NULL, NULL, 222, NULL, NULL, NULL, 543, NULL, NULL, NULL, NULL, NULL, NULL, NULL, 'L', NULL, NULL),
(913, 'ICT913', NULL, 'LESEN DRDOK', 4, 2, 28, NULL, NULL, NULL, NULL, NULL, NULL, NULL, NULL, NULL, 222, NULL, NULL, NULL, 543, NULL, NULL, NULL, NULL, NULL, NULL, NULL, 'L', NULL, NULL),
(914, 'ICT914', NULL, 'LESEN DRDOK', 4, 2, 28, NULL, NULL, NULL, NULL, NULL, NULL, NULL, NULL, NULL, 222, NULL, NULL, NULL, 543, NULL, NULL, NULL, NULL, NULL, NULL, NULL, 'L', NULL, NULL),
(915, 'ICT915', NULL, 'LESEN DRDOK', 4, 2, 28, NULL, NULL, NULL, NULL, NULL, NULL, NULL, NULL, NULL, 222, NULL, NULL, NULL, 543, NULL, NULL, NULL, NULL, NULL, NULL, NULL, 'L', NULL, NULL),
(916, 'ICT916', NULL, 'LESEN DRDOK', 4, 2, 28, NULL, NULL, NULL, NULL, NULL, NULL, NULL, NULL, NULL, 222, NULL, NULL, NULL, 543, NULL, NULL, NULL, NULL, NULL, NULL, NULL, 'L', NULL, NULL),
(917, 'ICT917', NULL, 'LESEN DRDOK', 4, 2, 28, NULL, NULL, NULL, NULL, NULL, NULL, NULL, NULL, NULL, 222, NULL, NULL, NULL, 543, NULL, NULL, NULL, NULL, NULL, NULL, NULL, 'L', NULL, NULL),
(918, 'ICT918', NULL, 'LESEN DRDOK', 4, 2, 28, NULL, NULL, NULL, NULL, NULL, NULL, NULL, NULL, NULL, 222, NULL, NULL, NULL, 543, NULL, NULL, NULL, NULL, NULL, NULL, NULL, 'L', NULL, NULL),
(919, 'ICT919', NULL, 'LESEN DRDOK', 4, 2, 28, NULL, NULL, NULL, NULL, NULL, NULL, NULL, NULL, NULL, 222, NULL, NULL, NULL, 543, NULL, NULL, NULL, NULL, NULL, NULL, NULL, 'L', NULL, NULL),
(920, 'ICT920', NULL, 'LESEN DRDOK', 4, 2, 28, NULL, NULL, NULL, NULL, NULL, NULL, NULL, NULL, NULL, 222, NULL, NULL, NULL, 543, NULL, NULL, NULL, NULL, NULL, NULL, NULL, 'L', NULL, NULL),
(921, 'ICT921', NULL, 'LESEN DRDOK', 4, 2, 28, NULL, NULL, NULL, NULL, NULL, NULL, NULL, NULL, NULL, 222, NULL, NULL, NULL, 543, NULL, NULL, NULL, NULL, NULL, NULL, NULL, 'L', NULL, NULL),
(922, 'ICT922', NULL, 'LESEN DRDOK', 4, 2, 28, NULL, NULL, NULL, NULL, NULL, NULL, NULL, NULL, NULL, 222, NULL, NULL, NULL, 543, NULL, NULL, NULL, NULL, NULL, NULL, NULL, 'L', NULL, NULL),
(923, 'ICT923', NULL, 'LESEN DRDOK', 4, 2, 28, NULL, NULL, NULL, NULL, NULL, NULL, NULL, NULL, NULL, 222, NULL, NULL, NULL, 543, NULL, NULL, NULL, NULL, NULL, NULL, NULL, 'L', NULL, NULL),
(924, 'ICT924', NULL, 'LESEN DRDOK', 4, 2, 28, NULL, NULL, NULL, NULL, NULL, NULL, NULL, NULL, NULL, 222, NULL, NULL, NULL, 543, NULL, NULL, NULL, NULL, NULL, NULL, NULL, 'L', NULL, NULL),
(925, 'ICT925', NULL, 'LESEN DRDOK', 4, 2, 28, NULL, NULL, NULL, NULL, NULL, NULL, NULL, NULL, NULL, 222, NULL, NULL, NULL, 543, NULL, NULL, NULL, NULL, NULL, NULL, NULL, 'L', NULL, NULL),
(926, 'ICT926', NULL, 'LESEN DRDOK', 4, 2, 28, NULL, NULL, NULL, NULL, NULL, NULL, NULL, NULL, NULL, 222, NULL, NULL, NULL, 543, NULL, NULL, NULL, NULL, NULL, NULL, NULL, 'L', NULL, NULL),
(927, 'ICT927', NULL, 'SCANNER MODEL 5530C(A4)', 8, 1, 18, NULL, NULL, NULL, NULL, NULL, 7, NULL, NULL, NULL, 222, NULL, NULL, NULL, 547, NULL, NULL, NULL, NULL, '2014-06-04', 5, 'LUPUS DENGAN KEBENARAN RUJUKAN DRDOK : 279100', 'L', NULL, NULL),
(928, 'ICT928', NULL, 'SCANNER MODEL 5220C(A3)', 8, 1, 18, NULL, NULL, '114873', NULL, NULL, 7, NULL, NULL, NULL, 222, NULL, NULL, NULL, 546, NULL, NULL, NULL, NULL, '2014-06-04', 5, 'LUPUS DENGAN KEBENARAN RUJUKAN DRDOK : 279100', 'L', NULL, NULL),
(929, 'ICT929', NULL, 'CISCO 1841', 4, 1, 6, '2007-01-22', NULL, NULL, NULL, '2701', NULL, NULL, NULL, 12890, 249, NULL, NULL, NULL, 557, NULL, NULL, NULL, NULL, NULL, NULL, NULL, 'H', NULL, NULL),
(930, 'ICT930', NULL, 'CISCO 1841', 4, 1, 6, '2007-01-22', NULL, NULL, NULL, '2701', NULL, NULL, NULL, 12890, 249, NULL, NULL, NULL, 557, NULL, NULL, NULL, NULL, NULL, NULL, NULL, 'H', NULL, NULL),
(931, 'ICT931', NULL, 'WIC-2T', 4, 1, 19, '2007-01-22', NULL, NULL, NULL, '2701', NULL, NULL, NULL, 0, 249, NULL, NULL, NULL, 558, NULL, NULL, NULL, NULL, NULL, NULL, NULL, 'L', NULL, NULL),
(932, 'ICT932', NULL, 'WIC-2T', 4, 1, 19, '2007-01-22', NULL, NULL, NULL, '2701', NULL, NULL, NULL, 0, 249, NULL, NULL, NULL, 558, NULL, NULL, NULL, NULL, NULL, NULL, NULL, 'L', NULL, NULL),
(933, 'ICT933', NULL, 'WIC-1B-U-V2', 4, 1, 20, '2007-01-22', NULL, NULL, NULL, '2701', NULL, NULL, NULL, 0, 249, NULL, NULL, NULL, 559, NULL, NULL, NULL, NULL, NULL, NULL, NULL, 'L', NULL, NULL),
(934, 'ICT934', NULL, 'WIC-1B-U-V2', 4, 1, 20, '2007-01-22', NULL, NULL, NULL, '2701', NULL, NULL, NULL, 0, 249, NULL, NULL, NULL, 559, NULL, NULL, NULL, NULL, NULL, NULL, NULL, 'L', NULL, NULL),
(935, 'ICT935', NULL, 'MY OFFICE 2007', 4, 2, 2, NULL, NULL, NULL, NULL, NULL, 39, NULL, NULL, NULL, 222, NULL, NULL, NULL, 560, NULL, NULL, NULL, NULL, NULL, NULL, NULL, 'M', NULL, NULL),
(945, 'ICT945', NULL, '40GB HDD', 8, 1, 21, NULL, NULL, NULL, NULL, NULL, NULL, NULL, NULL, NULL, 222, NULL, NULL, NULL, 580, NULL, NULL, NULL, NULL, '2014-06-04', 5, 'LUPUS DENGAN KEBENARAN RUJUKAN DRDOK : 279100', 'L', NULL, NULL),
(946, 'ICT946', NULL, '40GB HDD', 8, 1, 21, NULL, NULL, NULL, NULL, NULL, NULL, NULL, NULL, NULL, 222, NULL, NULL, NULL, 580, NULL, NULL, NULL, NULL, '2014-06-04', 5, 'LUPUS DENGAN KEBENARAN RUJUKAN DRDOK : 279100', 'L', NULL, NULL),
(947, 'ICT947', NULL, '128MB GEFORCE FX5200DDR', 8, 1, 22, NULL, NULL, NULL, NULL, NULL, NULL, NULL, NULL, NULL, 222, NULL, NULL, NULL, 581, NULL, NULL, NULL, NULL, '2014-06-04', 5, 'LUPUS DENGAN KEBENARAN RUJUKAN DRDOK : 279100', 'L', NULL, NULL);
INSERT INTO `assets` (`asset_id`, `ict_id`, `harta_id`, `butiran`, `status`, `kod_kategori`, `kod_sub_kategori`, `tkh_beli`, `tkh_jaminan`, `no_siri`, `no_invoice`, `no_rujukan`, `jenama`, `emp_id`, `kod_pembekal`, `harga_beli`, `lokasi_id`, `ipaddress`, `catatan`, `ict_no_master`, `pembelian_id`, `kod_pinjam`, `pengguna_id`, `kod_lesen`, `kod_auditict`, `tkh_disposed`, `kod_alasan_disp`, `catat_disp`, `kod_tahaprisiko`, `created_at`, `updated_at`) VALUES
(948, 'ICT948', NULL, '128MB GEFORCE FX5200DDR', 8, 1, 22, NULL, NULL, NULL, NULL, NULL, NULL, NULL, NULL, NULL, 222, NULL, NULL, NULL, 581, NULL, NULL, NULL, NULL, '2014-06-04', 5, 'LUPUS DENGAN KEBENARAN RUJUKAN DRDOK : 279100', 'L', NULL, NULL),
(949, 'ICT949', NULL, '128MB GEFORCE FX5200DDR', 8, 1, 22, NULL, NULL, NULL, NULL, NULL, NULL, NULL, NULL, NULL, 222, NULL, NULL, NULL, 581, NULL, NULL, NULL, NULL, '2014-06-04', 5, 'LUPUS DENGAN KEBENARAN RUJUKAN DRDOK : 279100', 'L', NULL, NULL),
(955, 'ICT955', NULL, 'P4 SA78 MOTHERBOARD', 8, 1, 23, NULL, NULL, NULL, NULL, NULL, NULL, NULL, NULL, NULL, 222, NULL, NULL, NULL, 583, NULL, NULL, NULL, NULL, '2014-06-04', 5, 'LUPUS DENGAN KEBENARAN RUJUKAN DRDOK : 279100', 'L', NULL, NULL),
(956, 'ICT956', NULL, 'P4 SA78 MOTHERBOARD', 8, 1, 23, NULL, NULL, NULL, NULL, NULL, NULL, NULL, NULL, NULL, 222, NULL, NULL, NULL, 583, NULL, NULL, NULL, NULL, '2014-06-04', 5, 'LUPUS DENGAN KEBENARAN RUJUKAN DRDOK : 279100', 'L', NULL, NULL),
(965, 'ICT965', NULL, 'RISC BASE PROCESSOR', 8, 1, 9, NULL, NULL, NULL, NULL, NULL, NULL, NULL, NULL, NULL, 222, NULL, NULL, NULL, 590, NULL, NULL, NULL, NULL, '2014-06-04', 5, 'LUPUS DENGAN KEBENARAN RUJUKAN DRDOK : 279100', 'H', NULL, NULL),
(966, 'ICT966', NULL, 'FLASH OFDM PCMCIA CARD', 8, 1, 25, NULL, NULL, NULL, NULL, NULL, NULL, NULL, NULL, NULL, 222, NULL, NULL, NULL, 575, NULL, NULL, NULL, NULL, '2014-06-04', 5, 'LUPUS DENGAN KEBENARAN RUJUKAN DRDOK : 279100\r\n', 'L', NULL, NULL),
(967, 'ICT967', NULL, 'WINXP PRO', 1, 2, 1, NULL, NULL, 'PKG88-6HVXQ-M24C6-MC22X-4J2QW', NULL, NULL, 15, NULL, NULL, NULL, 222, NULL, NULL, NULL, 578, NULL, '5', 'YES', NULL, NULL, NULL, NULL, 'M', NULL, NULL),
(978, 'ICT978', NULL, 'WINXP PRO', 4, 2, 1, NULL, NULL, NULL, NULL, NULL, NULL, NULL, NULL, NULL, 222, NULL, NULL, NULL, NULL, NULL, NULL, NULL, NULL, NULL, NULL, NULL, 'M', NULL, NULL),
(1005, 'ICT1005', NULL, 'WIC-2T(2 PORT SERIAL WAN INTERFACE CARD)', 4, 1, 6, NULL, NULL, '35807378', NULL, NULL, 40, NULL, NULL, NULL, 249, NULL, NULL, NULL, 472, NULL, NULL, NULL, NULL, NULL, NULL, NULL, 'H', NULL, NULL),
(1025, 'ICT1025', NULL, 'WIC-1B-U-V2(1 PORT ISDN BRI NT-1 WIC)', 4, 1, 6, '2007-05-21', NULL, 'F0C11042AYA', NULL, NULL, 40, NULL, NULL, 2500, 249, NULL, NULL, NULL, 473, NULL, NULL, NULL, NULL, NULL, NULL, NULL, 'H', NULL, NULL),
(1045, 'ICT1045', NULL, 'Canon Camera Digital EOS300D', 8, 1, 8, NULL, NULL, NULL, NULL, NULL, 18, NULL, NULL, NULL, 222, NULL, NULL, NULL, 4, NULL, NULL, NULL, NULL, '2014-06-04', 5, 'LUPUS DENGAN KEBENARAN RUJUKAN DRDOK : 279100', 'L', NULL, NULL),
(1046, 'ICT1046', NULL, '3COM SUPER STACK 3 SWITCH 4228G', 1, 1, 5, NULL, NULL, 'LZ1V6EE8A6E20', NULL, NULL, 65, NULL, NULL, NULL, 249, NULL, NULL, NULL, 610, NULL, NULL, NULL, NULL, NULL, NULL, NULL, 'L', NULL, NULL),
(1047, 'ICT1047', NULL, 'MS WINDOWS XP PRO', 4, 2, 1, NULL, NULL, NULL, NULL, NULL, 15, NULL, NULL, NULL, 222, NULL, NULL, NULL, 385, NULL, NULL, NULL, NULL, NULL, NULL, NULL, 'M', NULL, NULL),
(1048, 'ICT1048', NULL, 'MS WINDOWS XP PRO', 4, 2, 1, NULL, NULL, NULL, NULL, NULL, 15, NULL, NULL, NULL, 222, NULL, NULL, NULL, 385, NULL, NULL, NULL, NULL, NULL, NULL, NULL, 'M', NULL, NULL),
(1049, 'ICT1049', NULL, 'SERVER', 8, 1, 9, NULL, NULL, NULL, NULL, NULL, NULL, NULL, NULL, NULL, 222, NULL, NULL, NULL, 661, NULL, NULL, NULL, NULL, '2014-06-04', 5, 'LUPUS DENGAN KEBENARAN RUJUKAN DRDOK : 279100', 'H', NULL, NULL),
(1050, 'ICT1050', NULL, 'ACER ASPIRE 5051 AMD TURION 64 2.0GHZ', 8, 1, 2, NULL, NULL, 'LXAV30C0056490C5642500', NULL, NULL, 27, '096', NULL, NULL, 222, NULL, NULL, NULL, 577, NULL, 'kelompok1', NULL, NULL, '2014-06-04', 5, 'LUPUS DENGAN KEBENARAN RUJUKAN DRDOK : 279100', 'M', NULL, NULL),
(1051, 'ICT1051', NULL, 'SERVER-SUN ENTERPRISE E250', 8, 1, 9, NULL, NULL, 'S216C550B', NULL, NULL, 36, NULL, NULL, NULL, 222, NULL, NULL, NULL, 660, NULL, NULL, NULL, NULL, '2014-06-04', 5, 'LUPUS DENGAN KEBENARAN RUJUKAN DRDOK : 279100', 'H', NULL, NULL),
(1052, 'ICT1052', NULL, 'PRINTER PANASONIC KX-P1121', 8, 1, 4, NULL, NULL, NULL, NULL, NULL, 33, NULL, NULL, NULL, 222, NULL, NULL, NULL, 741, NULL, NULL, NULL, NULL, '2014-06-04', 5, 'LUPUS DENGAN KEBENARAN RUJUKAN DRDOK : 279100', 'L', NULL, NULL),
(1053, 'ICT1053', NULL, 'PRINTER PANASONIC KX-P1121', 8, 1, 4, NULL, NULL, NULL, NULL, NULL, 33, NULL, NULL, NULL, 222, NULL, NULL, NULL, 741, NULL, NULL, NULL, NULL, '2014-06-04', 5, 'LUPUS DENGAN KEBENARAN RUJUKAN DRDOK : 279100', 'L', NULL, NULL),
(1054, 'ICT1054', NULL, 'PRINTER PANASONIC KX-P1121', 8, 1, 4, NULL, NULL, NULL, NULL, NULL, 33, NULL, NULL, NULL, 222, NULL, NULL, NULL, 741, NULL, NULL, NULL, NULL, '2014-06-04', 5, 'LUPUS DENGAN KEBENARAN RUJUKAN DRDOK : 279100', 'L', NULL, NULL),
(1055, 'ICT1055', NULL, 'PRINTER PANASONIC KX-P1121', 8, 1, 4, NULL, NULL, NULL, NULL, NULL, 33, NULL, NULL, NULL, 222, NULL, NULL, NULL, 741, NULL, NULL, NULL, NULL, '2014-06-04', 5, 'LUPUS DENGAN KEBENARAN RUJUKAN DRDOK : 279100', 'L', NULL, NULL),
(1056, 'ICT1056', NULL, 'PRINTER PANASONIC KX-P1121', 8, 1, 4, NULL, NULL, NULL, NULL, NULL, 33, NULL, NULL, NULL, 222, NULL, NULL, NULL, 741, NULL, NULL, NULL, NULL, '2014-06-04', 5, 'LUPUS DENGAN KEBENARAN RUJUKAN DRDOK : 279100', 'L', NULL, NULL),
(1057, 'ICT1057', NULL, 'PRINTER PANASONIC KX-P1121', 8, 1, 4, NULL, NULL, NULL, NULL, NULL, 33, NULL, NULL, NULL, 222, NULL, NULL, NULL, 741, NULL, NULL, NULL, NULL, '2014-06-04', 5, 'LUPUS DENGAN KEBENARAN RUJUKAN DRDOK : 279100', 'L', NULL, NULL),
(1058, 'ICT1058', NULL, 'PRINTER PANASONIC KX-P1121', 8, 1, 4, NULL, NULL, NULL, NULL, NULL, 33, NULL, NULL, NULL, 222, NULL, NULL, NULL, 741, NULL, NULL, NULL, NULL, '2014-06-04', 5, 'LUPUS DENGAN KEBENARAN RUJUKAN DRDOK : 279100', 'L', NULL, NULL),
(1059, 'ICT1059', NULL, 'PRINTER PANASONIC KX-P1121', 8, 1, 4, NULL, NULL, NULL, NULL, NULL, 33, NULL, NULL, NULL, 222, NULL, NULL, NULL, 741, NULL, NULL, NULL, NULL, '2014-06-04', 5, 'LUPUS DENGAN KEBENARAN RUJUKAN DRDOK : 279100', 'L', NULL, NULL),
(1060, 'ICT1060', NULL, 'LASERJET', 8, 1, 4, NULL, NULL, 'KMTA007123', NULL, NULL, 18, NULL, NULL, NULL, 222, NULL, NULL, NULL, 742, NULL, NULL, NULL, NULL, '2014-06-04', 5, 'LUPUS DENGAN KEBENARAN RUJUKAN DRDOK : 279100', 'L', NULL, NULL),
(1061, 'ICT1061', NULL, 'LASERJET', 8, 1, 4, NULL, NULL, 'KMTA002224', NULL, NULL, 18, NULL, NULL, NULL, 222, NULL, NULL, NULL, 742, NULL, NULL, NULL, NULL, '2014-06-04', 5, 'LUPUS DENGAN KEBENARAN RUJUKAN DRDOK : 279100', 'L', NULL, NULL),
(1062, 'ICT1062', NULL, 'HP DESKJET 950C', 8, 1, 4, NULL, NULL, 'MY03J16S', NULL, NULL, 17, NULL, NULL, NULL, 222, NULL, NULL, NULL, 744, NULL, NULL, NULL, NULL, '2014-06-04', 5, 'LUPUS DENGAN KEBENARAN RUJUKAN DRDOK : 279100', 'L', NULL, NULL),
(1065, 'ICT1065', NULL, 'MS WINDOWS XP PRO', 4, 2, 1, NULL, NULL, NULL, NULL, NULL, 15, NULL, NULL, NULL, 222, NULL, NULL, NULL, 385, NULL, NULL, NULL, NULL, NULL, NULL, NULL, 'M', NULL, NULL),
(1066, 'ICT1066', NULL, 'MS WINDOWS XP PRO', 4, 2, 1, NULL, NULL, NULL, NULL, NULL, 15, NULL, NULL, NULL, 222, NULL, NULL, NULL, 385, NULL, NULL, NULL, NULL, NULL, NULL, NULL, 'M', NULL, NULL),
(1067, 'ICT1067', NULL, 'MS WINDOWS XP PRO', 4, 2, 1, NULL, NULL, NULL, NULL, NULL, 15, NULL, NULL, NULL, 222, NULL, NULL, NULL, 385, NULL, NULL, NULL, NULL, NULL, NULL, NULL, 'M', NULL, NULL),
(1068, 'ICT1068', NULL, 'MS WINDOWS XP PRO', 4, 2, 1, NULL, NULL, NULL, NULL, NULL, 15, NULL, NULL, NULL, 222, NULL, NULL, NULL, 385, NULL, NULL, NULL, NULL, NULL, NULL, NULL, 'M', NULL, NULL),
(1069, 'ICT1069', NULL, 'MS WINDOWS XP PRO', 4, 2, 1, NULL, NULL, NULL, NULL, NULL, 15, NULL, NULL, NULL, 222, NULL, NULL, NULL, 385, NULL, NULL, NULL, NULL, NULL, NULL, NULL, 'M', NULL, NULL),
(1070, 'ICT1070', NULL, 'MS WINDOWS XP PRO', 4, 2, 1, NULL, NULL, NULL, NULL, NULL, 15, NULL, NULL, NULL, 222, NULL, NULL, NULL, 385, NULL, NULL, NULL, NULL, NULL, NULL, NULL, 'M', NULL, NULL),
(1071, 'ICT1071', NULL, 'MS WINDOWS XP PRO', 4, 2, 1, NULL, NULL, NULL, NULL, NULL, 15, NULL, NULL, NULL, 222, NULL, NULL, NULL, 385, NULL, NULL, NULL, NULL, NULL, NULL, NULL, 'M', NULL, NULL),
(1072, 'ICT1072', NULL, 'MS WINDOWS XP PRO', 4, 2, 1, NULL, NULL, NULL, NULL, NULL, 15, NULL, NULL, NULL, 222, NULL, NULL, NULL, 385, NULL, NULL, NULL, NULL, NULL, NULL, NULL, 'M', NULL, NULL),
(1073, 'ICT1073', NULL, 'MS WINDOWS XP PRO', 4, 2, 1, NULL, NULL, NULL, NULL, NULL, 15, NULL, NULL, NULL, 222, NULL, NULL, NULL, 385, NULL, NULL, NULL, NULL, NULL, NULL, NULL, 'M', NULL, NULL),
(1074, 'ICT1074', NULL, 'MS WINDOWS XP PRO', 4, 2, 1, NULL, NULL, NULL, NULL, NULL, 15, NULL, NULL, NULL, 222, NULL, NULL, NULL, 385, NULL, NULL, NULL, NULL, NULL, NULL, NULL, 'M', NULL, NULL),
(1079, 'ICT1079', NULL, 'SERVER', 8, 1, 9, NULL, NULL, NULL, NULL, NULL, NULL, NULL, NULL, NULL, 222, NULL, NULL, NULL, 752, NULL, NULL, NULL, 1, '2014-06-04', 5, 'LUPUS DENGAN KEBENARAN RUJUKAN DRDOK : 279100', 'H', NULL, NULL),
(1080, 'ICT1080', NULL, 'MS WINDOWS XP PRO', 4, 2, 1, NULL, NULL, NULL, NULL, NULL, NULL, NULL, NULL, NULL, 222, NULL, NULL, NULL, 387, NULL, NULL, NULL, NULL, NULL, NULL, NULL, 'M', NULL, NULL),
(1081, 'ICT1081', NULL, 'MS WINDOWS XP PRO', 4, 2, 1, NULL, NULL, NULL, NULL, NULL, NULL, NULL, NULL, NULL, 222, NULL, NULL, NULL, 386, NULL, NULL, NULL, NULL, NULL, NULL, NULL, 'M', NULL, NULL),
(1082, 'ICT1082', NULL, 'MODULAR ROUTER', 8, 1, 6, NULL, NULL, NULL, NULL, NULL, NULL, NULL, NULL, NULL, 222, NULL, NULL, NULL, 666, NULL, NULL, NULL, NULL, '2014-06-04', 5, 'LUPUS DENGAN KEBENARAN RUJUKAN DRDOK : 279100', 'H', NULL, NULL),
(1083, 'ICT1083', NULL, 'INTEL PENTIUM IV 2.2 GHZ	', 8, 1, 1, NULL, NULL, NULL, NULL, NULL, NULL, NULL, NULL, NULL, 3, NULL, NULL, NULL, 659, NULL, NULL, NULL, NULL, '2010-07-01', 3, NULL, 'M', NULL, NULL),
(1084, 'ICT1084', NULL, 'MACROMEDIA COLDFUSION MX', 4, 2, 5, NULL, NULL, NULL, NULL, NULL, NULL, NULL, NULL, NULL, 222, NULL, NULL, NULL, 389, NULL, NULL, NULL, NULL, NULL, NULL, NULL, 'H', NULL, NULL),
(1085, 'ICT1085', NULL, 'MACROMEDIA FLASH MX', 4, 2, 5, NULL, NULL, NULL, NULL, NULL, NULL, NULL, NULL, NULL, 222, NULL, NULL, NULL, 393, NULL, NULL, NULL, NULL, NULL, NULL, NULL, 'H', NULL, NULL),
(1086, 'ICT1086', NULL, 'NORTON ANTIVIRUS 2003', 4, 2, 3, NULL, NULL, NULL, NULL, NULL, NULL, NULL, NULL, NULL, 222, NULL, NULL, NULL, 658, NULL, NULL, NULL, NULL, NULL, NULL, NULL, 'L', NULL, NULL),
(1087, 'ICT1087', NULL, 'INTEL PENTIUM III 650 MHZ	', 8, 1, 1, NULL, NULL, NULL, NULL, NULL, NULL, NULL, NULL, NULL, 3, NULL, NULL, NULL, 671, NULL, NULL, NULL, NULL, '2010-07-01', 5, NULL, 'M', NULL, NULL),
(1088, 'ICT1088', NULL, 'INTEL PENTIUM III 650 MHZ	', 8, 1, 1, NULL, NULL, NULL, NULL, NULL, NULL, NULL, NULL, NULL, 3, NULL, NULL, NULL, 671, NULL, NULL, NULL, NULL, '2010-07-01', 5, NULL, 'M', NULL, NULL),
(1089, 'ICT1089', NULL, 'INTEL PENTIUM III 650 MHZ	', 8, 1, 1, NULL, NULL, NULL, NULL, NULL, NULL, NULL, NULL, NULL, 3, NULL, NULL, NULL, 671, NULL, NULL, NULL, NULL, '2010-07-01', 5, NULL, 'M', NULL, NULL),
(1090, 'ICT1090', NULL, 'INTEL PENTIUM III 650 MHZ	', 8, 1, 1, NULL, NULL, NULL, NULL, NULL, NULL, NULL, NULL, NULL, 3, NULL, NULL, NULL, 671, NULL, NULL, NULL, NULL, '2010-07-01', 5, NULL, 'M', NULL, NULL),
(1091, 'ICT1091', NULL, 'ROUTER', 8, 1, 6, NULL, NULL, NULL, NULL, NULL, NULL, NULL, NULL, NULL, 222, NULL, NULL, NULL, 665, NULL, NULL, NULL, NULL, '2014-06-04', 5, 'LUPUS DENGAN KEBENARAN RUJUKAN DRDOK : 279100', 'H', NULL, NULL),
(1092, 'ICT1092', NULL, 'OKI MACROLINE ML590', 8, 1, 4, NULL, NULL, NULL, NULL, NULL, 20, NULL, NULL, NULL, 222, NULL, NULL, NULL, 359, NULL, NULL, NULL, NULL, '2014-06-04', 5, 'LUPUS DENGAN KEBENARAN RUJUKAN DRDOK : 279100', 'L', NULL, NULL),
(1093, 'ICT1093', NULL, 'OKI MACROLINE ML590', 8, 1, 4, NULL, NULL, NULL, NULL, NULL, 20, NULL, NULL, NULL, 222, NULL, NULL, NULL, 359, NULL, NULL, NULL, NULL, '2014-06-04', 5, 'LUPUS DENGAN KEBENARAN RUJUKAN DRDOK : 279100', 'L', NULL, NULL),
(1094, 'ICT1094', NULL, 'OKI MACROLINE ML590', 8, 1, 4, NULL, NULL, NULL, NULL, NULL, 20, NULL, NULL, NULL, 222, NULL, NULL, NULL, 359, NULL, NULL, NULL, NULL, '2014-06-04', 5, 'LUPUS DENGAN KEBENARAN RUJUKAN DRDOK : 279100', 'L', NULL, NULL),
(1095, 'ICT1095', NULL, 'OKI MACROLINE ML590', 8, 1, 4, NULL, NULL, NULL, NULL, NULL, 20, NULL, NULL, NULL, 222, NULL, NULL, NULL, 359, NULL, NULL, NULL, NULL, '2014-06-04', 5, 'LUPUS DENGAN KEBENARAN RUJUKAN DRDOK : 279100', 'L', NULL, NULL),
(1096, 'ICT1096', NULL, 'OKI MACROLINE ML590', 8, 1, 4, NULL, NULL, NULL, NULL, NULL, 20, NULL, NULL, NULL, 222, NULL, NULL, NULL, 359, NULL, NULL, NULL, NULL, '2014-06-04', 5, 'LUPUS DENGAN KEBENARAN RUJUKAN DRDOK : 279100', 'L', NULL, NULL),
(1097, 'ICT1097', NULL, 'OKI MACROLINE ML590', 8, 1, 4, NULL, NULL, NULL, NULL, NULL, 20, NULL, NULL, NULL, 222, NULL, NULL, NULL, 359, NULL, NULL, NULL, NULL, '2014-06-04', 5, 'LUPUS DENGAN KEBENARAN RUJUKAN DRDOK : 279100', 'L', NULL, NULL),
(1098, 'ICT1098', NULL, 'OKI MACROLINE ML590', 8, 1, 4, NULL, NULL, NULL, NULL, NULL, 20, NULL, NULL, NULL, 222, NULL, NULL, NULL, 359, NULL, NULL, NULL, NULL, '2014-06-04', 5, 'LUPUS DENGAN KEBENARAN RUJUKAN DRDOK : 279100', 'L', NULL, NULL),
(1099, 'ICT1099', NULL, 'OKI MACROLINE ML590', 8, 1, 4, NULL, NULL, NULL, NULL, NULL, 20, NULL, NULL, NULL, 222, NULL, NULL, NULL, 359, NULL, NULL, NULL, NULL, '2014-06-04', 5, 'LUPUS DENGAN KEBENARAN RUJUKAN DRDOK : 279100', 'L', NULL, NULL),
(1100, 'ICT1100', NULL, 'OKI MACROLINE ML590', 8, 1, 4, NULL, NULL, NULL, NULL, NULL, 20, NULL, NULL, NULL, 222, NULL, NULL, NULL, 359, NULL, NULL, NULL, NULL, '2014-06-04', 5, 'LUPUS DENGAN KEBENARAN RUJUKAN DRDOK : 279100', 'L', NULL, NULL),
(1101, 'ICT1101', NULL, 'OKI MACROLINE ML590', 8, 1, 4, NULL, NULL, NULL, NULL, NULL, 20, NULL, NULL, NULL, 222, NULL, NULL, NULL, 359, NULL, NULL, NULL, NULL, '2014-06-04', 5, 'LUPUS DENGAN KEBENARAN RUJUKAN DRDOK : 279100', 'L', NULL, NULL),
(1102, 'ICT1102', NULL, 'ADOBE PHOTOSHOP 7.0 FULL PACK', 4, 2, 17, NULL, NULL, NULL, NULL, NULL, NULL, NULL, NULL, NULL, 222, NULL, NULL, NULL, 370, NULL, NULL, NULL, NULL, NULL, NULL, NULL, 'L', NULL, NULL),
(1103, 'ICT1103', NULL, 'ADOBE PHOTOSHOP 7.0 FULL PACK', 4, 2, 17, NULL, NULL, NULL, NULL, NULL, NULL, NULL, NULL, NULL, 222, NULL, NULL, NULL, 370, NULL, NULL, NULL, NULL, NULL, NULL, NULL, 'L', NULL, NULL),
(1104, 'ICT1104', NULL, 'MS WINDOWS 2002 SERVER (OEM) C/W 5 CLIENTS', 4, 2, 1, NULL, NULL, NULL, NULL, NULL, NULL, NULL, NULL, NULL, 222, NULL, NULL, NULL, 372, NULL, NULL, NULL, NULL, NULL, NULL, NULL, 'M', NULL, NULL),
(1105, 'ICT1105', NULL, 'D-LINK ROUTER MODEL DI-520', 8, 3, 4, NULL, NULL, 'DI-520/E00363', NULL, NULL, NULL, NULL, NULL, NULL, 222, NULL, NULL, NULL, 787, NULL, NULL, NULL, NULL, '2014-06-04', 5, 'LUPUS DENGAN KEBENARAN RUJUKAN DRDOK : 279100', 'L', NULL, NULL),
(1106, 'ICT1106', NULL, 'D-LINK ROUTER MODEL DI-520', 8, 3, 4, NULL, NULL, 'DI-520/E00364', NULL, NULL, NULL, NULL, NULL, NULL, 222, NULL, NULL, NULL, 787, NULL, NULL, NULL, NULL, '2014-06-04', 5, 'LUPUS DENGAN KEBENARAN RUJUKAN DRDOK : 279100', 'L', NULL, NULL),
(1107, 'ICT1107', NULL, 'D-LINK SWITCH 16 PORT 10/100 MBPS', 1, 3, 1, NULL, NULL, 'HJE104000369', NULL, NULL, NULL, NULL, NULL, NULL, 222, NULL, NULL, NULL, 788, NULL, NULL, NULL, NULL, NULL, NULL, NULL, 'M', NULL, NULL),
(1108, 'ICT1108', NULL, 'D-LINK SWITCH 8 PORT 10/100 MBPS', 1, 3, 1, NULL, NULL, '0004913713', NULL, NULL, NULL, NULL, NULL, NULL, 222, NULL, NULL, NULL, 789, NULL, NULL, NULL, NULL, NULL, NULL, NULL, 'M', NULL, NULL),
(1109, 'ICT1109', NULL, 'DATACRAFT LEASED LINE MODEM', 1, 3, 1, NULL, NULL, '9B00180254', NULL, NULL, NULL, NULL, NULL, NULL, 222, NULL, NULL, NULL, 790, NULL, NULL, NULL, NULL, NULL, NULL, NULL, 'M', NULL, NULL),
(1110, 'ICT1110', NULL, 'DATACRAFT LEASED LINE MODEM', 1, 3, 1, NULL, NULL, '9B00180257', NULL, NULL, NULL, NULL, NULL, NULL, 222, NULL, NULL, NULL, 790, NULL, NULL, NULL, NULL, NULL, NULL, NULL, 'M', NULL, NULL),
(1111, 'ICT1111', NULL, 'SCANNER', 8, 1, 18, NULL, NULL, NULL, NULL, NULL, 17, NULL, NULL, NULL, 222, NULL, NULL, NULL, 805, NULL, NULL, NULL, NULL, '2014-06-04', 5, 'LUPUS DENGAN KEBENARAN RUJUKAN DRDOK : 279100', 'L', NULL, NULL),
(1126, 'ICT1126', NULL, 'ADOBE AFTER EFFECT 6.5', 4, 2, 23, NULL, NULL, NULL, NULL, NULL, 16, '084', NULL, NULL, 222, NULL, NULL, NULL, 184, NULL, '9', 'YES', NULL, NULL, NULL, NULL, 'L', NULL, NULL),
(1128, 'ICT1128', NULL, 'MS WINDOWS XP PRO', 4, 2, 1, NULL, NULL, NULL, NULL, NULL, NULL, NULL, NULL, NULL, 222, NULL, NULL, NULL, 398, NULL, NULL, NULL, NULL, NULL, NULL, NULL, 'M', NULL, NULL),
(1129, 'ICT1129', NULL, 'MS WINDOWS XP PRO', 4, 2, 1, NULL, NULL, NULL, NULL, NULL, NULL, NULL, NULL, NULL, 222, NULL, NULL, NULL, 398, NULL, NULL, NULL, NULL, NULL, NULL, NULL, 'M', NULL, NULL),
(1130, 'ICT1130', NULL, 'MS Windows XP PRO', 4, 2, 1, NULL, NULL, NULL, NULL, NULL, NULL, NULL, NULL, NULL, 267, NULL, NULL, NULL, 99, NULL, NULL, NULL, NULL, NULL, NULL, NULL, 'M', NULL, NULL),
(1131, 'ICT1131', NULL, 'MS Windows XP PRO', 4, 2, 1, NULL, NULL, NULL, NULL, NULL, NULL, NULL, NULL, NULL, 222, NULL, NULL, NULL, 99, NULL, NULL, NULL, NULL, NULL, NULL, NULL, 'M', NULL, NULL),
(1132, 'ICT1132', NULL, 'MS WINDOWS XP PRO', 4, 2, 1, NULL, NULL, NULL, NULL, NULL, NULL, NULL, NULL, NULL, 222, NULL, NULL, NULL, 99, NULL, NULL, NULL, NULL, NULL, NULL, NULL, 'M', NULL, NULL),
(1133, 'ICT1133', NULL, 'MS WINDOWS XP PRO', 4, 2, 1, NULL, NULL, NULL, NULL, NULL, NULL, NULL, NULL, NULL, 222, NULL, NULL, NULL, 99, NULL, NULL, NULL, NULL, NULL, NULL, NULL, 'M', NULL, NULL),
(1134, 'ICT1134', NULL, 'MS WINDOWS XP PRO', 4, 2, 1, NULL, NULL, NULL, NULL, NULL, NULL, NULL, NULL, NULL, 222, NULL, NULL, NULL, 397, NULL, NULL, NULL, NULL, NULL, NULL, NULL, 'M', NULL, NULL),
(1135, 'ICT1135', NULL, 'MS WINDOWS XP PRO', 4, 2, 1, NULL, NULL, NULL, NULL, NULL, NULL, NULL, NULL, NULL, 222, NULL, NULL, NULL, 397, NULL, NULL, NULL, NULL, NULL, NULL, NULL, 'M', NULL, NULL),
(1136, 'ICT1136', NULL, 'MS WINDOWS XP PRO', 4, 2, 1, NULL, NULL, NULL, NULL, NULL, NULL, NULL, NULL, NULL, 222, NULL, NULL, NULL, 397, NULL, NULL, NULL, NULL, NULL, NULL, NULL, 'M', NULL, NULL),
(1137, 'ICT1137', NULL, 'MS WINDOWS XP PRO', 4, 2, 1, NULL, NULL, NULL, NULL, NULL, NULL, NULL, NULL, NULL, 222, NULL, NULL, NULL, 397, NULL, NULL, NULL, NULL, NULL, NULL, NULL, 'M', NULL, NULL),
(1138, 'ICT1138', NULL, 'MS WINDOWS XP PRO', 4, 2, 1, NULL, NULL, NULL, NULL, NULL, NULL, NULL, NULL, NULL, 222, NULL, NULL, NULL, 397, NULL, NULL, NULL, NULL, NULL, NULL, NULL, 'M', NULL, NULL),
(1139, 'ICT1139', NULL, 'MS WINDOWS XP PRO', 4, 2, 1, NULL, NULL, NULL, NULL, NULL, NULL, NULL, NULL, NULL, 222, NULL, NULL, NULL, 397, NULL, NULL, NULL, NULL, NULL, NULL, NULL, 'M', NULL, NULL),
(1140, 'ICT1140', NULL, 'MS WINDOWS XP PRO', 4, 2, 1, NULL, NULL, NULL, NULL, NULL, NULL, NULL, NULL, NULL, 222, NULL, NULL, NULL, 397, NULL, NULL, NULL, NULL, NULL, NULL, NULL, 'M', NULL, NULL),
(1141, 'ICT1141', NULL, 'MS WINDOWS XP PRO', 4, 2, 1, NULL, NULL, NULL, NULL, NULL, NULL, NULL, NULL, NULL, 222, NULL, NULL, NULL, 397, NULL, NULL, NULL, NULL, NULL, NULL, NULL, 'M', NULL, NULL),
(1142, 'ICT1142', NULL, 'MS WINDOWS XP PRO', 4, 2, 1, NULL, NULL, NULL, NULL, NULL, NULL, NULL, NULL, NULL, 222, NULL, NULL, NULL, 397, NULL, NULL, NULL, NULL, NULL, NULL, NULL, 'M', NULL, NULL),
(1143, 'ICT1143', NULL, 'MS WINDOWS XP PRO', 4, 2, 1, NULL, NULL, NULL, NULL, NULL, NULL, NULL, NULL, NULL, 222, NULL, NULL, NULL, 397, NULL, NULL, NULL, NULL, NULL, NULL, NULL, 'M', NULL, NULL),
(1144, 'ICT1144', NULL, 'MS WINDOWS XP PRO', 4, 2, 1, NULL, NULL, NULL, NULL, NULL, NULL, NULL, NULL, NULL, 222, NULL, NULL, NULL, 397, NULL, NULL, NULL, NULL, NULL, NULL, NULL, 'M', NULL, NULL),
(1145, 'ICT1145', NULL, 'MS WINDOWS XP PRO', 4, 2, 1, NULL, NULL, NULL, NULL, NULL, NULL, NULL, NULL, NULL, 222, NULL, NULL, NULL, 397, NULL, NULL, NULL, NULL, NULL, NULL, NULL, 'M', NULL, NULL),
(1146, 'ICT1146', NULL, 'MS WINDOWS XP PRO', 4, 2, 1, NULL, NULL, NULL, NULL, NULL, NULL, NULL, NULL, NULL, 222, NULL, NULL, NULL, 397, NULL, NULL, NULL, NULL, NULL, NULL, NULL, 'M', NULL, NULL),
(1168, 'ICT1168', NULL, 'MACROMEDIA DIRECTOR 8.5', 4, 2, 5, NULL, NULL, NULL, NULL, NULL, NULL, NULL, NULL, NULL, 222, NULL, NULL, NULL, 391, NULL, NULL, NULL, NULL, NULL, NULL, NULL, 'H', NULL, NULL),
(1170, 'ICT1170', NULL, 'MY OFFICE 2007 RETAIL PACK', 4, 2, 24, NULL, NULL, '6001369972', NULL, NULL, 39, NULL, NULL, NULL, 222, NULL, NULL, NULL, 819, NULL, NULL, 'YES', NULL, NULL, NULL, NULL, 'L', NULL, NULL),
(1173, 'ICT1173', NULL, 'MACROMEDIA DREAMWEAVER 8', 4, 2, 5, NULL, NULL, NULL, NULL, NULL, NULL, NULL, NULL, NULL, 222, NULL, NULL, NULL, 824, NULL, NULL, NULL, NULL, NULL, NULL, NULL, 'H', NULL, NULL),
(1174, 'ICT1174', NULL, 'MACROMEDIA DREAMWEAVER 8', 4, 2, 5, NULL, NULL, NULL, NULL, NULL, NULL, NULL, NULL, NULL, 222, NULL, NULL, NULL, 824, NULL, NULL, NULL, NULL, NULL, NULL, NULL, 'H', NULL, NULL),
(1175, 'ICT1175', NULL, 'MACROMEDIA DREAMWEAVER 8', 4, 2, 5, NULL, NULL, NULL, NULL, NULL, NULL, NULL, NULL, NULL, 222, NULL, NULL, NULL, 824, NULL, NULL, NULL, NULL, NULL, NULL, NULL, 'H', NULL, NULL),
(1176, 'ICT1176', NULL, 'MACROMEDIA FLASH 8 PRO', 4, 2, 20, NULL, NULL, NULL, NULL, NULL, NULL, NULL, NULL, NULL, 222, NULL, NULL, NULL, 825, NULL, NULL, NULL, NULL, NULL, NULL, NULL, 'L', NULL, NULL),
(1177, 'ICT1177', NULL, 'MACROMEDIA FLASH 8PRO', 4, 2, 20, NULL, NULL, NULL, NULL, NULL, NULL, NULL, NULL, NULL, 222, NULL, NULL, NULL, 466, NULL, NULL, NULL, NULL, NULL, NULL, NULL, 'L', NULL, NULL),
(1178, 'ICT1178', NULL, 'ADOBE PHOTOSHOP 7.0', 1, 2, 17, NULL, NULL, NULL, NULL, NULL, NULL, NULL, NULL, NULL, 199, NULL, NULL, NULL, 369, NULL, NULL, NULL, NULL, NULL, NULL, NULL, 'L', NULL, NULL),
(1179, 'ICT1179', NULL, 'ACER ASPIRE SA90-D30L', 1, 1, 1, NULL, NULL, '32703', NULL, NULL, 27, NULL, NULL, NULL, 267, NULL, NULL, NULL, 820, NULL, NULL, NULL, 1, NULL, NULL, NULL, 'M', NULL, NULL),
(1180, 'ICT1180', NULL, 'CISCO 1841', 4, 1, 6, '2007-06-08', NULL, NULL, NULL, '3103', 40, NULL, NULL, 9996, 249, NULL, NULL, NULL, 816, NULL, NULL, NULL, NULL, NULL, NULL, NULL, 'H', NULL, NULL),
(1181, 'ICT1181', NULL, 'WIC-2T', 4, 1, 6, '2007-06-08', NULL, NULL, NULL, '3103', NULL, NULL, NULL, 2640, 249, NULL, NULL, NULL, 817, NULL, NULL, NULL, NULL, NULL, NULL, NULL, 'H', NULL, NULL),
(1182, 'ICT1182', NULL, 'DRDOK POST IMPLEMENTATION SUPPORT', 4, 1, 6, '2007-06-14', NULL, NULL, NULL, '2844', NULL, NULL, NULL, 800, 249, NULL, NULL, NULL, 542, NULL, NULL, NULL, NULL, NULL, NULL, NULL, 'H', NULL, NULL),
(1183, 'ICT1183', NULL, 'WIC-1B-U-V2', 1, 1, 6, '2007-06-08', NULL, NULL, NULL, '3103', NULL, NULL, NULL, 2500, 249, NULL, NULL, NULL, 818, NULL, NULL, NULL, NULL, NULL, NULL, NULL, 'H', NULL, NULL),
(1184, 'ICT1184', NULL, 'SCANNER FI-5120C', 8, 1, 18, NULL, NULL, NULL, NULL, NULL, NULL, NULL, NULL, NULL, 222, NULL, NULL, NULL, 338, NULL, NULL, NULL, NULL, '2014-06-04', 5, 'LUPUS DENGAN KEBENARAN RUJUKAN DRDOK : 279100', 'L', NULL, NULL),
(1185, 'ICT1185', NULL, 'CISCO 1841', 1, 1, 6, '2006-11-22', NULL, NULL, NULL, '2701', 40, NULL, NULL, 12890, 249, NULL, NULL, NULL, 591, NULL, NULL, NULL, NULL, NULL, NULL, NULL, 'H', NULL, NULL),
(1205, 'ICT1205', NULL, 'Intel Pentium IV 2.4 GHZ	', 8, 1, 1, NULL, NULL, NULL, NULL, NULL, NULL, NULL, NULL, NULL, 3, NULL, NULL, NULL, 138, NULL, NULL, NULL, NULL, '2011-12-11', 3, NULL, 'M', NULL, NULL),
(1225, 'ICT1225', NULL, 'AZTECH DSL600 EU ETHERNET USB', 8, 1, 6, NULL, NULL, '021261301603', NULL, NULL, NULL, NULL, NULL, NULL, 222, NULL, NULL, NULL, 868, NULL, NULL, NULL, NULL, '2014-06-04', 5, 'LUPUS DENGAN KEBENARAN RUJUKAN DRDOK : 279100', 'H', NULL, NULL),
(1226, 'ICT1226', NULL, 'AZTECH DSL600 EU ETHERNET USB', 8, 1, 6, NULL, NULL, '021261301649', NULL, NULL, NULL, NULL, NULL, NULL, 222, NULL, NULL, NULL, 868, NULL, NULL, NULL, NULL, '2014-06-04', 5, 'LUPUS DENGAN KEBENARAN RUJUKAN DRDOK : 279100', 'H', NULL, NULL),
(1227, 'ICT1227', NULL, 'AZTECH DSL600 EU ETHERNET USB', 8, 1, 6, NULL, NULL, '021261300188', NULL, NULL, NULL, NULL, NULL, NULL, 222, NULL, NULL, NULL, 868, NULL, NULL, NULL, NULL, '2014-06-04', 5, 'LUPUS DENGAN KEBENARAN RUJUKAN DRDOK : 279100', 'H', NULL, NULL),
(1245, 'ICT1245', NULL, 'HP Laserjet 2400', 8, 1, 4, NULL, NULL, NULL, NULL, NULL, 17, NULL, NULL, NULL, 222, NULL, NULL, NULL, 142, NULL, NULL, NULL, NULL, '2014-06-04', 5, 'LUPUS DENGAN KEBENARAN RUJUKAN DRDOK : 279100', 'L', NULL, NULL),
(1246, 'ICT1246', NULL, 'Printer HP Laserjet 2420', 8, 1, 4, NULL, NULL, NULL, NULL, NULL, 17, NULL, NULL, NULL, 222, NULL, NULL, NULL, 240, NULL, NULL, NULL, NULL, '2014-06-04', 5, 'LUPUS DENGAN KEBENARAN RUJUKAN DRDOK : 279100', 'L', NULL, NULL),
(1247, 'ICT1247', NULL, 'HP PRINTER INKJET 1610', 8, 1, 4, NULL, NULL, NULL, NULL, NULL, 17, NULL, NULL, NULL, 222, NULL, NULL, NULL, 254, NULL, NULL, NULL, NULL, '2014-06-04', 5, 'LUPUS DENGAN KEBENARAN RUJUKAN DRDOK : 279100', 'L', NULL, NULL),
(1248, 'ICT1248', NULL, 'LCD SCREEN PROTECTOR', 1, 1, 7, '2005-09-21', NULL, NULL, NULL, NULL, NULL, NULL, NULL, 4200, 249, NULL, NULL, NULL, 712, NULL, NULL, NULL, NULL, NULL, NULL, NULL, 'L', NULL, NULL),
(1249, 'ICT1249', NULL, 'Cisco 1841 router', 1, 1, 6, '2005-09-25', NULL, NULL, NULL, NULL, NULL, NULL, NULL, 6390, 249, NULL, NULL, NULL, 236, NULL, NULL, NULL, NULL, NULL, NULL, NULL, 'H', NULL, NULL),
(1250, 'ICT1250', NULL, 'CPU P4 2.4', 8, 1, 1, NULL, NULL, NULL, NULL, NULL, NULL, NULL, NULL, NULL, 222, NULL, NULL, NULL, 144, NULL, NULL, NULL, NULL, '2014-06-04', 5, 'LUPUS DENGAN KEBENARAN RUJUKAN DRDOK : 279100', 'M', NULL, NULL),
(1251, 'ICT1251', NULL, 'TALLY GENICOM T5023', 1, 3, 1, NULL, NULL, NULL, NULL, NULL, NULL, NULL, NULL, NULL, 222, NULL, NULL, NULL, 722, NULL, NULL, NULL, NULL, NULL, NULL, NULL, 'M', NULL, NULL),
(1252, 'ICT1252', NULL, 'Intel Pentium IV 2.4 GHZ', 8, 1, 1, NULL, NULL, NULL, NULL, NULL, NULL, NULL, NULL, NULL, 267, NULL, NULL, NULL, 151, NULL, NULL, NULL, NULL, '2014-12-03', 1, 'DISPOSED KELULUSAN MESYUARAT BOD HARTASUCI 116 PADA 18/7/2014\r\n', 'M', NULL, NULL),
(1253, 'ICT1253', NULL, 'HP Laserjet 2420', 1, 1, 4, '2005-02-17', NULL, NULL, NULL, NULL, 37, NULL, NULL, 3250, 249, NULL, NULL, NULL, 152, NULL, NULL, NULL, NULL, NULL, NULL, NULL, 'L', NULL, NULL),
(1254, 'ICT1254', NULL, 'COLDFASION MX SERVER PROFESSIONAL', 1, 1, 9, '2005-03-10', NULL, NULL, NULL, NULL, NULL, NULL, NULL, 5980, 249, NULL, NULL, NULL, 721, NULL, NULL, NULL, NULL, NULL, NULL, NULL, 'H', NULL, NULL),
(1255, 'ICT1255', NULL, 'TALLY 5040', 1, 1, 4, NULL, NULL, '910CA11687', NULL, NULL, 19, NULL, NULL, NULL, 248, NULL, NULL, NULL, 181, NULL, NULL, NULL, NULL, NULL, NULL, NULL, 'L', NULL, NULL),
(1256, 'ICT1256', NULL, 'CANON PRINTER IP1000', 4, 1, 4, NULL, NULL, NULL, NULL, NULL, 18, NULL, NULL, NULL, 249, NULL, NULL, NULL, 720, NULL, NULL, NULL, NULL, NULL, NULL, NULL, 'L', NULL, NULL),
(1257, 'ICT1257', NULL, 'PRINTER HP LASERJET 2420 - PUSAT DIALISIS', 4, 1, 4, NULL, NULL, NULL, NULL, NULL, 17, NULL, NULL, NULL, 249, NULL, NULL, NULL, 222, NULL, NULL, NULL, NULL, NULL, NULL, NULL, 'L', NULL, NULL),
(1258, 'ICT1258', NULL, 'WAN Interface Card Cisco Router', 4, 1, 6, NULL, NULL, NULL, NULL, NULL, NULL, NULL, NULL, NULL, 249, NULL, NULL, NULL, 133, NULL, NULL, NULL, NULL, NULL, NULL, NULL, 'H', NULL, NULL),
(1259, 'ICT1259', NULL, 'Intel Pentium 4 2.4GHZ	', 8, 1, 1, NULL, NULL, NULL, NULL, NULL, NULL, NULL, NULL, NULL, 3, NULL, NULL, NULL, 124, NULL, NULL, NULL, NULL, '2010-07-01', 5, NULL, 'M', NULL, NULL),
(1260, 'ICT1260', NULL, 'INTEL PENTIUM 4 1.8A GHZ	', 8, 1, 1, NULL, NULL, NULL, NULL, NULL, NULL, NULL, NULL, NULL, 3, NULL, NULL, NULL, 123, NULL, NULL, NULL, NULL, '2010-07-01', 5, NULL, 'M', NULL, NULL),
(1261, 'ICT1261', NULL, 'TALLY 5040', 1, 1, 4, NULL, NULL, '910CA11698', NULL, NULL, 19, NULL, NULL, NULL, 248, NULL, NULL, NULL, 120, NULL, NULL, NULL, NULL, NULL, NULL, NULL, 'L', NULL, NULL),
(1262, 'ICT1262', NULL, 'Camera Digital EOS300D', 4, 1, 8, NULL, NULL, NULL, NULL, NULL, NULL, NULL, NULL, NULL, 249, NULL, NULL, NULL, 1, NULL, NULL, NULL, NULL, NULL, NULL, NULL, 'L', NULL, NULL),
(1263, 'ICT1263', NULL, 'Canon MP-200 microphone adapter/shoulder', 4, 1, 13, NULL, NULL, NULL, NULL, NULL, 18, NULL, NULL, NULL, 249, NULL, NULL, NULL, 7, NULL, NULL, NULL, NULL, NULL, NULL, NULL, 'L', NULL, NULL),
(1264, 'ICT1264', NULL, 'Computer SysteM', 8, 1, 1, NULL, NULL, NULL, NULL, NULL, NULL, NULL, NULL, NULL, 3, NULL, NULL, NULL, 18, NULL, NULL, NULL, NULL, '2010-07-01', 5, NULL, 'M', NULL, NULL),
(1265, 'ICT1265', NULL, 'PC Pentium 4 2.4GHz	', 8, 1, 1, NULL, NULL, NULL, NULL, NULL, NULL, NULL, NULL, NULL, 3, NULL, NULL, NULL, 30, NULL, NULL, NULL, NULL, '2010-07-01', 5, NULL, 'M', NULL, NULL),
(1266, 'ICT1266', NULL, 'Application/ Web Server', 4, 1, 9, NULL, NULL, NULL, NULL, NULL, NULL, NULL, NULL, NULL, 249, NULL, NULL, NULL, 56, NULL, NULL, NULL, NULL, NULL, NULL, NULL, 'H', NULL, NULL),
(1267, 'ICT1267', NULL, 'INTEL PENTIUM IV 3.0 GHZ	', 8, 1, 1, NULL, NULL, NULL, NULL, NULL, NULL, NULL, NULL, NULL, 3, NULL, NULL, NULL, 616, NULL, NULL, NULL, NULL, '2010-07-01', 5, NULL, 'M', NULL, NULL),
(1268, 'ICT1268', NULL, 'NEC LT 170 LCD Projector', 4, 1, 7, NULL, NULL, NULL, NULL, NULL, 14, NULL, NULL, NULL, 249, NULL, NULL, NULL, 63, NULL, NULL, NULL, NULL, NULL, NULL, NULL, 'L', NULL, NULL),
(1269, 'ICT1269', NULL, 'NEC VT660K PROJECTOR', 4, 1, 7, NULL, NULL, NULL, NULL, NULL, 14, NULL, NULL, NULL, 249, NULL, NULL, NULL, 637, NULL, NULL, NULL, NULL, NULL, NULL, NULL, 'L', NULL, NULL),
(1270, 'ICT1270', NULL, '	MOBILE INTEL PENTIUM PROCESSOR 2.20GHZ	', 8, 1, 2, NULL, NULL, NULL, NULL, NULL, NULL, NULL, NULL, NULL, 3, NULL, NULL, NULL, 635, NULL, NULL, NULL, NULL, '2010-07-01', 5, NULL, 'M', NULL, NULL),
(1271, 'ICT1271', NULL, 'Intel Pentium 4 3.0 GHZ', 8, 1, 1, NULL, NULL, NULL, NULL, NULL, NULL, NULL, NULL, NULL, 3, NULL, NULL, NULL, 68, NULL, NULL, NULL, NULL, '2010-07-01', 5, NULL, 'M', NULL, NULL),
(1272, 'ICT1272', NULL, 'Intel Pentium 4 3.0 GHZ', 8, 1, 1, NULL, NULL, NULL, NULL, NULL, NULL, NULL, NULL, NULL, 3, NULL, NULL, NULL, 68, NULL, NULL, NULL, NULL, '2010-07-01', 5, NULL, 'M', NULL, NULL),
(1273, 'ICT1273', NULL, 'INTEL PENTIUM 4 3.0 GHZ', 8, 1, 1, NULL, NULL, NULL, NULL, NULL, NULL, NULL, NULL, NULL, 3, NULL, NULL, NULL, 68, NULL, NULL, NULL, NULL, '2010-07-01', 5, NULL, 'M', NULL, NULL),
(1274, 'ICT1274', NULL, 'INTEL PENTIUM 4 3.0 GHZ', 8, 1, 1, NULL, NULL, NULL, NULL, NULL, NULL, NULL, NULL, NULL, 3, NULL, NULL, NULL, 68, NULL, NULL, NULL, NULL, '2010-07-01', 5, NULL, 'M', NULL, NULL),
(1275, 'ICT1275', NULL, 'INTEL PENTIUM 4 3.0 GHZ', 8, 1, 1, NULL, NULL, NULL, NULL, NULL, NULL, NULL, NULL, NULL, 3, NULL, NULL, NULL, 68, NULL, NULL, NULL, NULL, '2010-07-01', 5, NULL, 'M', NULL, NULL),
(1276, 'ICT1276', NULL, 'INTEL PENTIUM 4 3.0 GHZ', 8, 1, 1, NULL, NULL, NULL, NULL, NULL, NULL, NULL, NULL, NULL, 3, NULL, NULL, NULL, 68, NULL, NULL, NULL, NULL, '2010-07-01', 5, NULL, 'M', NULL, NULL),
(1277, 'ICT1277', NULL, 'INTEL PENTIUM 4 3.0 GHZ', 8, 1, 1, NULL, NULL, NULL, NULL, NULL, NULL, NULL, NULL, NULL, 3, NULL, NULL, NULL, 68, NULL, NULL, NULL, NULL, '2010-07-01', 5, NULL, 'M', NULL, NULL),
(1278, 'ICT1278', NULL, 'Touch Panel Color LCD Monitor', 4, 1, 3, NULL, NULL, NULL, NULL, NULL, NULL, NULL, NULL, NULL, 249, NULL, NULL, NULL, 74, NULL, NULL, NULL, NULL, NULL, NULL, NULL, 'L', NULL, NULL),
(1279, 'ICT1279', NULL, 'HP LASERJET 2300', 4, 1, 4, NULL, NULL, NULL, NULL, NULL, 17, NULL, NULL, NULL, 249, NULL, NULL, NULL, 88, NULL, NULL, NULL, NULL, NULL, NULL, NULL, 'L', NULL, NULL),
(1280, 'ICT1280', NULL, 'TALLY T5023', 4, 1, 4, NULL, NULL, NULL, NULL, NULL, 19, NULL, NULL, NULL, 249, NULL, NULL, NULL, 104, NULL, NULL, NULL, NULL, NULL, NULL, NULL, 'L', NULL, NULL),
(1281, 'ICT1281', NULL, 'Intel Pentium 4 2.4GHZ', 8, 1, 1, NULL, NULL, NULL, NULL, NULL, NULL, NULL, NULL, NULL, 3, NULL, NULL, NULL, 119, NULL, NULL, NULL, NULL, '2010-07-01', 5, NULL, 'M', NULL, NULL),
(1282, 'ICT1282', NULL, 'Intel Pentium 4 2.4GHZ', 8, 1, 1, NULL, NULL, NULL, NULL, NULL, NULL, NULL, NULL, NULL, 3, NULL, NULL, NULL, 119, NULL, NULL, NULL, NULL, '2010-07-01', 5, NULL, 'M', NULL, NULL),
(1283, 'ICT1283', NULL, 'SINWAVE UPS -MODEL: NP-SP1K5E', 1, 1, 26, '2006-04-05', NULL, NULL, NULL, NULL, 41, NULL, NULL, 3825, 249, NULL, NULL, NULL, 867, NULL, NULL, NULL, NULL, NULL, NULL, NULL, 'L', NULL, NULL),
(1284, 'ICT1284', NULL, 'SINWAVE UPS -MODEL: NP-SP1K5E', 1, 1, 26, '2006-04-05', NULL, NULL, NULL, NULL, 41, NULL, NULL, 3825, 249, NULL, NULL, NULL, 867, NULL, NULL, NULL, NULL, NULL, NULL, NULL, 'L', NULL, NULL),
(1285, 'ICT1285', NULL, 'KINGSTON 512MB 2.0 DATATRAVELER', 1, 3, 6, NULL, NULL, 'FM292153500133', NULL, NULL, 42, '011', NULL, NULL, 201, NULL, NULL, NULL, 390, NULL, '29', NULL, NULL, NULL, NULL, NULL, 'H', NULL, NULL),
(1286, 'ICT1286', NULL, 'HP Laserjet 2200D', 4, 1, 4, NULL, NULL, NULL, NULL, NULL, 17, NULL, NULL, NULL, 249, NULL, NULL, NULL, 335, NULL, NULL, NULL, NULL, NULL, NULL, NULL, 'L', NULL, NULL),
(1287, 'ICT1287', NULL, 'HP Laserjet 1200', 4, 1, 4, NULL, NULL, NULL, NULL, NULL, 17, NULL, NULL, NULL, 249, NULL, NULL, NULL, 269, NULL, NULL, NULL, NULL, NULL, NULL, NULL, 'L', NULL, NULL),
(1288, 'ICT1288', NULL, 'HP Laserjet 2200D', 9, 1, 4, NULL, NULL, NULL, NULL, NULL, 17, NULL, NULL, NULL, 249, NULL, NULL, NULL, 273, NULL, NULL, NULL, NULL, NULL, NULL, NULL, 'L', NULL, NULL),
(1289, 'ICT1289', NULL, 'Canon Digital Video Camcoder - Canon XL 1s', 9, 1, 12, NULL, NULL, NULL, NULL, NULL, 18, NULL, NULL, NULL, 249, NULL, NULL, NULL, 274, NULL, NULL, NULL, NULL, NULL, NULL, NULL, 'L', NULL, NULL),
(1290, 'ICT1290', NULL, 'HP Laserjet 2200', 4, 1, 4, NULL, NULL, NULL, NULL, NULL, 17, NULL, NULL, NULL, 249, NULL, NULL, NULL, 282, NULL, NULL, NULL, NULL, NULL, NULL, NULL, 'L', NULL, NULL),
(1291, 'ICT1291', NULL, 'HP LASERJET 2300', 4, 1, 4, NULL, NULL, NULL, NULL, NULL, 17, NULL, NULL, NULL, 249, NULL, NULL, NULL, 756, NULL, NULL, NULL, NULL, NULL, NULL, NULL, 'L', NULL, NULL),
(1292, 'ICT1292', NULL, 'INTEL PENTIUM 4 2.4GHZ PROCESSOR', 8, 1, 1, NULL, NULL, NULL, NULL, NULL, NULL, NULL, NULL, NULL, 3, NULL, NULL, NULL, 755, NULL, NULL, NULL, NULL, '2010-07-01', 5, NULL, 'M', NULL, NULL),
(1293, 'ICT1293', NULL, 'HP Laserjet 2300', 4, 1, 4, NULL, NULL, NULL, NULL, NULL, 17, NULL, NULL, NULL, 249, NULL, NULL, NULL, 287, NULL, NULL, NULL, NULL, NULL, NULL, NULL, 'L', NULL, NULL),
(1294, 'ICT1294', NULL, 'Manfrotto Camera Tripod', 9, 1, 8, NULL, NULL, NULL, NULL, NULL, NULL, NULL, NULL, NULL, 249, NULL, NULL, NULL, 328, NULL, NULL, NULL, NULL, NULL, NULL, NULL, 'L', NULL, NULL),
(1295, 'ICT1295', NULL, 'INTEL PENTIUM 4 1.8A - CPU', 8, 1, 1, NULL, NULL, NULL, NULL, NULL, NULL, NULL, NULL, NULL, 3, NULL, NULL, NULL, 326, NULL, NULL, NULL, NULL, '2010-07-01', 5, NULL, 'M', NULL, NULL),
(1296, 'ICT1296', NULL, 'INTEL PENTIUM 4 1.8A - CPU', 8, 1, 1, NULL, NULL, NULL, NULL, NULL, NULL, NULL, NULL, NULL, 3, NULL, NULL, NULL, 326, NULL, NULL, NULL, NULL, '2010-07-01', 5, NULL, 'M', NULL, NULL),
(1297, 'ICT1297', NULL, 'INTEL PENTIUM 4 1.8A - CPU', 8, 1, 1, NULL, NULL, NULL, NULL, NULL, NULL, NULL, NULL, NULL, 3, NULL, NULL, NULL, 326, NULL, NULL, NULL, NULL, '2010-07-01', 5, NULL, 'M', NULL, NULL),
(1298, 'ICT1298', NULL, 'DATABASE SERVER -HP Proliant ML350G3', 9, 1, 9, NULL, NULL, NULL, NULL, NULL, 17, NULL, NULL, NULL, 249, NULL, NULL, NULL, 314, NULL, NULL, NULL, NULL, NULL, NULL, NULL, 'H', NULL, NULL),
(1299, 'ICT1299', NULL, 'Oki Dotmatrik Printer ML790', 8, 1, 4, NULL, NULL, NULL, NULL, NULL, 20, NULL, NULL, NULL, 267, NULL, NULL, NULL, 312, NULL, NULL, NULL, NULL, '2014-12-05', 5, 'SUDAH DILUPUSKAN 2011', 'L', NULL, NULL),
(1300, 'ICT1300', NULL, 'Oki Dotmatrik Printer ML790', 4, 1, 4, NULL, NULL, NULL, NULL, NULL, 20, NULL, NULL, NULL, 249, NULL, NULL, NULL, 312, NULL, NULL, NULL, NULL, NULL, NULL, NULL, 'L', NULL, NULL),
(1301, 'ICT1301', NULL, 'OKI DOTMATRIK PRINTER ML790', 4, 1, 4, NULL, NULL, NULL, NULL, NULL, 20, NULL, NULL, NULL, 249, NULL, NULL, NULL, 312, NULL, NULL, NULL, NULL, NULL, NULL, NULL, 'L', NULL, NULL),
(1302, 'ICT1302', NULL, 'OKI DOTMATRIK PRINTER ML790', 4, 1, 4, NULL, NULL, NULL, NULL, NULL, 20, NULL, NULL, NULL, 249, NULL, NULL, NULL, 312, NULL, NULL, NULL, NULL, NULL, NULL, NULL, 'L', NULL, NULL),
(1303, 'ICT1303', NULL, 'Epson CX5100 multi functional printer', 4, 1, 4, NULL, NULL, NULL, NULL, NULL, 22, NULL, NULL, NULL, 249, NULL, NULL, NULL, 305, NULL, NULL, NULL, NULL, NULL, NULL, NULL, 'L', NULL, NULL),
(1304, 'ICT1304', NULL, 'Router HQ C1700/ New Router c2620', 9, 1, 6, NULL, NULL, NULL, NULL, NULL, NULL, NULL, NULL, NULL, 249, NULL, NULL, NULL, 291, NULL, NULL, NULL, NULL, NULL, NULL, NULL, 'H', NULL, NULL),
(1305, 'ICT1305', NULL, 'INTERFACE CARD', 4, 1, 19, NULL, NULL, NULL, NULL, NULL, NULL, NULL, NULL, NULL, 249, NULL, NULL, NULL, 667, NULL, NULL, NULL, NULL, NULL, NULL, NULL, 'L', NULL, NULL),
(1306, 'ICT1306', NULL, 'HP DDS 4 DATA CARTRIDGE', 4, 3, 9, NULL, NULL, NULL, NULL, NULL, 17, NULL, NULL, NULL, 222, NULL, NULL, NULL, 657, NULL, NULL, NULL, NULL, NULL, NULL, NULL, 'H', NULL, NULL),
(1307, 'ICT1307', NULL, 'INTEL PENTIUM IV 2.4GHZ', 8, 1, 1, NULL, NULL, NULL, NULL, NULL, NULL, NULL, NULL, NULL, 3, NULL, NULL, NULL, 655, NULL, NULL, NULL, NULL, '2010-07-01', 5, NULL, 'M', NULL, NULL),
(1309, 'ICT1309', NULL, 'PRINTER RIBBON TALLY T6050', 4, 3, 9, NULL, NULL, NULL, NULL, NULL, 19, NULL, NULL, NULL, 222, NULL, NULL, NULL, 768, NULL, NULL, NULL, NULL, NULL, NULL, NULL, 'H', NULL, NULL),
(1310, 'ICT1310', NULL, 'DIGITAL CAMERA', 4, 1, 8, NULL, NULL, NULL, NULL, NULL, NULL, NULL, NULL, NULL, 249, NULL, NULL, NULL, 765, NULL, NULL, NULL, NULL, NULL, NULL, NULL, 'L', NULL, NULL),
(1311, 'ICT1311', NULL, 'LB 810 LASER PRINTER', 4, 1, 4, NULL, NULL, NULL, NULL, NULL, NULL, NULL, NULL, NULL, 249, NULL, NULL, NULL, 760, NULL, NULL, NULL, NULL, NULL, NULL, NULL, 'L', NULL, NULL),
(1312, 'ICT1312', NULL, 'PC PROMICRO', 8, 1, 1, NULL, NULL, NULL, NULL, NULL, NULL, NULL, NULL, NULL, 3, NULL, NULL, NULL, 395, NULL, NULL, NULL, NULL, '2010-07-01', 5, NULL, 'M', NULL, NULL),
(1313, 'ICT1313', NULL, 'BROTHER-HL-1240', 4, 1, 4, NULL, NULL, NULL, NULL, NULL, NULL, NULL, NULL, NULL, 249, NULL, NULL, NULL, 793, NULL, NULL, NULL, NULL, NULL, NULL, NULL, 'L', NULL, NULL),
(1314, 'ICT1314', NULL, 'INTEL PENTIUM III 650 MHZ', 8, 1, 1, NULL, NULL, NULL, NULL, NULL, NULL, NULL, NULL, NULL, 3, NULL, NULL, NULL, 785, NULL, NULL, NULL, NULL, '2010-07-01', 5, NULL, 'M', NULL, NULL),
(1315, 'ICT1315', NULL, '15" SVGA MONITOR', 4, 1, 3, NULL, NULL, NULL, NULL, NULL, NULL, NULL, NULL, NULL, 249, NULL, NULL, NULL, 786, NULL, NULL, NULL, NULL, NULL, NULL, NULL, 'L', NULL, NULL),
(1325, 'ICT1325', NULL, 'ACER ASPIRE SA90-D30L', 8, 1, 1, NULL, NULL, 'A9482703', NULL, NULL, 27, NULL, NULL, NULL, 263, NULL, NULL, NULL, 820, NULL, NULL, NULL, 1, '2014-08-28', 5, 'TENDER 2 / 2014', 'M', NULL, NULL),
(1326, 'ICT1326', NULL, 'ACER ASPIRE SA90-D30L', 1, 1, 1, NULL, NULL, 'PTS710C0077190A99C2703', NULL, NULL, 27, '116', NULL, NULL, 226, NULL, NULL, NULL, 820, NULL, 'labuan3', NULL, 1, NULL, NULL, NULL, 'M', NULL, NULL),
(1327, 'ICT1327', NULL, 'MS WIN XP PRO', 1, 2, 1, NULL, NULL, 'F7TYT-TDQP6-H8KTR-THRJ4-CF6T6', NULL, NULL, 15, '070', NULL, NULL, 222, NULL, NULL, 1325, 915, NULL, '22', NULL, NULL, NULL, NULL, NULL, 'M', NULL, NULL),
(1328, 'ICT1328', NULL, 'MS WIN XP PRO', 4, 2, 1, NULL, NULL, 'HRXPM-2HMY8-PXH93-WYRQC-BGGFB', NULL, NULL, 15, NULL, NULL, NULL, 222, NULL, NULL, NULL, 915, NULL, NULL, NULL, NULL, NULL, NULL, NULL, 'M', NULL, NULL),
(1329, 'ICT1329', NULL, 'MS WIN XP PRO', 1, 2, 1, NULL, NULL, 'PMPQF-M78RK-TRBQT-X4294-JYVQW', NULL, NULL, 15, '011', NULL, NULL, 222, NULL, NULL, 1325, 915, NULL, '29', NULL, NULL, NULL, NULL, NULL, 'M', NULL, NULL),
(1330, 'ICT1330', NULL, 'ACER 17" AL1717F LCD MONITOR', 1, 1, 3, '2007-06-25', NULL, '7200502F4045', NULL, '2887', 27, '070', NULL, 0, 267, NULL, NULL, 1325, 916, NULL, '22', NULL, NULL, NULL, NULL, NULL, 'L', NULL, NULL),
(1331, 'ICT1331', NULL, 'ACER 17" AL1717F LCD MONITOR', 1, 1, 3, '2007-06-25', NULL, '7170C1734045', NULL, '2887', 27, '011', NULL, 3650, 201, NULL, NULL, 1326, 916, NULL, '29', NULL, NULL, NULL, NULL, NULL, 'L', NULL, NULL),
(1332, 'ICT1332', NULL, 'ACER 17" AL1717F LCD MONITOR', 4, 1, 3, '2007-06-25', NULL, '7170C42D4045', NULL, '2887', 27, NULL, NULL, 0, 267, NULL, NULL, NULL, 916, NULL, NULL, NULL, NULL, NULL, NULL, NULL, 'L', NULL, NULL),
(1345, 'ICT1345', NULL, '17" FLAT CRT MONITOR FOR SUN FIRE V210 SERVER', 4, 1, 3, NULL, NULL, NULL, NULL, NULL, 36, NULL, NULL, NULL, 249, NULL, NULL, NULL, 835, NULL, NULL, NULL, NULL, NULL, NULL, NULL, 'L', NULL, NULL),
(1365, 'ICT1365', NULL, 'HP COLOR LASERJET 2605DN', 2, 1, 4, NULL, NULL, 'CNHJ77600T', NULL, NULL, 17, NULL, NULL, NULL, 267, NULL, NULL, NULL, 935, NULL, NULL, NULL, 1, NULL, NULL, NULL, 'L', NULL, NULL),
(1385, 'ICT1385', NULL, 'MY OFFICE 2007 RETAIL PACK', 4, 2, 24, NULL, NULL, '6001369973', NULL, NULL, 39, NULL, NULL, NULL, 222, NULL, NULL, NULL, 819, NULL, NULL, 'YES', NULL, NULL, NULL, NULL, 'L', NULL, NULL),
(1386, 'ICT1386', NULL, 'MY OFFICE 2007 RETAIL PACK', 4, 2, 24, NULL, NULL, '6001369990', NULL, NULL, 39, NULL, NULL, NULL, 222, NULL, NULL, NULL, 819, NULL, NULL, 'YES', NULL, NULL, NULL, NULL, 'L', NULL, NULL),
(1387, 'ICT1387', NULL, 'MY OFFICE 2007 RETAIL PACK', 4, 2, 24, NULL, NULL, '6001369989', NULL, NULL, 39, NULL, NULL, NULL, 222, NULL, NULL, NULL, 819, NULL, NULL, 'YES', NULL, NULL, NULL, NULL, 'L', NULL, NULL),
(1388, 'ICT1388', NULL, 'MY OFFICE 2007 RETAIL PACK', 4, 2, 24, NULL, NULL, '6001369988', NULL, NULL, 39, NULL, NULL, NULL, 222, NULL, NULL, NULL, 819, NULL, NULL, 'YES', NULL, NULL, NULL, NULL, 'L', NULL, NULL),
(1389, 'ICT1389', NULL, 'MY OFFICE 2007 RETAIL PACK', 4, 2, 24, NULL, NULL, '6001369992', NULL, NULL, 39, NULL, NULL, NULL, 222, NULL, NULL, NULL, 819, NULL, NULL, 'YES', NULL, NULL, NULL, NULL, 'L', NULL, NULL),
(1390, 'ICT1390', NULL, 'MY OFFICE 2007 RETAIL PACK', 4, 2, 24, NULL, NULL, '6001369991', NULL, NULL, 39, NULL, NULL, NULL, 222, NULL, NULL, NULL, 819, NULL, NULL, 'YES', NULL, NULL, NULL, NULL, 'L', NULL, NULL),
(1391, 'ICT1391', NULL, 'MY OFFICE 2007 RETAIL PACK', 4, 2, 24, NULL, NULL, '6001369977', NULL, NULL, 39, NULL, NULL, NULL, 222, NULL, NULL, NULL, 819, NULL, NULL, 'YES', NULL, NULL, NULL, NULL, 'L', NULL, NULL),
(1392, 'ICT1392', NULL, 'MY OFFICE 2007 RETAIL PACK', 4, 2, 24, NULL, NULL, '601-7382303', NULL, NULL, 39, NULL, NULL, NULL, 222, NULL, NULL, NULL, 819, NULL, NULL, 'YES', NULL, NULL, NULL, NULL, 'L', NULL, NULL),
(1393, 'ICT1393', NULL, 'MY OFFICE 2007 RETAIL PACK', 4, 2, 24, NULL, NULL, '601-7382221', NULL, NULL, 39, NULL, NULL, NULL, 222, NULL, NULL, NULL, 819, NULL, NULL, 'YES', NULL, NULL, NULL, NULL, 'L', NULL, NULL),
(1394, 'ICT1394', NULL, 'MY OFFICE 2007 RETAIL PACK', 4, 2, 24, NULL, NULL, '601-7382354', NULL, NULL, 39, NULL, NULL, NULL, 222, NULL, NULL, NULL, 819, NULL, NULL, 'YES', NULL, NULL, NULL, NULL, 'L', NULL, NULL),
(1395, 'ICT1395', NULL, 'MY OFFICE 2007 RETAIL PACK', 4, 2, 24, NULL, NULL, '601-7382249', NULL, NULL, 39, NULL, NULL, NULL, 222, NULL, NULL, NULL, 819, NULL, NULL, 'YES', NULL, NULL, NULL, NULL, 'L', NULL, NULL),
(1396, 'ICT1396', NULL, 'MY OFFICE 2007 RETAIL PACK', 4, 2, 24, NULL, NULL, '601-7382248', NULL, NULL, 39, NULL, NULL, NULL, 222, NULL, NULL, NULL, 819, NULL, NULL, 'YES', NULL, NULL, NULL, NULL, 'L', NULL, NULL),
(1397, 'ICT1397', NULL, 'MY OFFICE 2007 RETAIL PACK', 4, 2, 24, NULL, NULL, '601-7382343', NULL, NULL, 39, NULL, NULL, NULL, 222, NULL, NULL, NULL, 819, NULL, NULL, 'YES', NULL, NULL, NULL, NULL, 'L', NULL, NULL),
(1398, 'ICT1398', NULL, 'MY OFFICE 2007 RETAIL PACK', 4, 2, 24, NULL, NULL, '601-7382162', NULL, NULL, 39, NULL, NULL, NULL, 222, NULL, NULL, NULL, 819, NULL, NULL, 'YES', NULL, NULL, NULL, NULL, 'L', NULL, NULL),
(1399, 'ICT1399', NULL, 'MY OFFICE 2007 RETAIL PACK', 4, 2, 24, NULL, NULL, '601-7382153', NULL, NULL, 39, NULL, NULL, NULL, 222, NULL, NULL, NULL, 819, NULL, NULL, 'YES', NULL, NULL, NULL, NULL, 'L', NULL, NULL),
(1400, 'ICT1400', NULL, 'MY OFFICE 2007 RETAIL PACK', 4, 2, 24, NULL, NULL, '601-7382266', NULL, NULL, 39, NULL, NULL, NULL, 222, NULL, NULL, NULL, 819, NULL, NULL, 'YES', NULL, NULL, NULL, NULL, 'L', NULL, NULL),
(1401, 'ICT1401', NULL, 'MY OFFICE 2007 RETAIL PACK', 4, 2, 24, NULL, NULL, '6001369760', NULL, NULL, 39, NULL, NULL, NULL, 222, NULL, NULL, NULL, 819, NULL, NULL, 'YES', NULL, NULL, NULL, NULL, 'L', NULL, NULL),
(1402, 'ICT1402', NULL, 'MY OFFICE 2007 RETAIL PACK', 4, 2, 24, NULL, NULL, '601-7382306', NULL, NULL, 39, NULL, NULL, NULL, 222, NULL, NULL, NULL, 819, NULL, NULL, 'YES', NULL, NULL, NULL, NULL, 'L', NULL, NULL),
(1403, 'ICT1403', NULL, 'MY OFFICE 2007 RETAIL PACK', 4, 2, 24, NULL, NULL, '601-7382319', NULL, NULL, 39, NULL, NULL, NULL, 222, NULL, NULL, NULL, 819, NULL, NULL, 'YES', NULL, NULL, NULL, NULL, 'L', NULL, NULL),
(1404, 'ICT1404', NULL, 'MY OFFICE 2007 RETAIL PACK', 4, 2, 24, NULL, NULL, '601-7382235', NULL, NULL, 39, NULL, NULL, NULL, 222, NULL, NULL, NULL, 819, NULL, NULL, 'YES', NULL, NULL, NULL, NULL, 'L', NULL, NULL),
(1405, 'ICT1405', NULL, 'MY OFFICE 2007 RETAIL PACK', 4, 2, 24, NULL, NULL, '6001369903', NULL, NULL, 39, NULL, NULL, NULL, 222, NULL, NULL, NULL, 819, NULL, NULL, 'YES', NULL, NULL, NULL, NULL, 'L', NULL, NULL),
(1406, 'ICT1406', NULL, 'MY OFFICE 2007 RETAIL PACK', 4, 2, 24, NULL, NULL, '6001369864', NULL, NULL, 39, NULL, NULL, NULL, 222, NULL, NULL, NULL, 819, NULL, NULL, 'YES', NULL, NULL, NULL, NULL, 'L', NULL, NULL),
(1407, 'ICT1407', NULL, 'MY OFFICE 2007 RETAIL PACK', 4, 2, 24, NULL, NULL, '601-7382347', NULL, NULL, 39, NULL, NULL, NULL, 222, NULL, NULL, NULL, 819, NULL, NULL, 'YES', NULL, NULL, NULL, NULL, 'L', NULL, NULL),
(1408, 'ICT1408', NULL, 'MY OFFICE 2007 RETAIL PACK', 4, 2, 24, NULL, NULL, '601-7382171', NULL, NULL, 39, NULL, NULL, NULL, 222, NULL, NULL, NULL, 819, NULL, NULL, 'YES', NULL, NULL, NULL, NULL, 'L', NULL, NULL),
(1409, 'ICT1409', NULL, 'MY OFFICE 2007 RETAIL PACK', 4, 2, 24, NULL, NULL, '6001369804', NULL, NULL, 39, NULL, NULL, NULL, 222, NULL, NULL, NULL, 819, NULL, NULL, 'YES', NULL, NULL, NULL, NULL, 'L', NULL, NULL),
(1410, 'ICT1410', NULL, 'MY OFFICE 2007 RETAIL PACK', 4, 2, 24, NULL, NULL, '601-7382232', NULL, NULL, 39, NULL, NULL, NULL, 222, NULL, NULL, NULL, 819, NULL, NULL, 'YES', NULL, NULL, NULL, NULL, 'L', NULL, NULL),
(1411, 'ICT1411', NULL, 'MY OFFICE 2007 RETAIL PACK', 4, 2, 24, NULL, NULL, '601-7382215', NULL, NULL, 39, NULL, NULL, NULL, 222, NULL, NULL, NULL, 819, NULL, NULL, 'YES', NULL, NULL, NULL, NULL, 'L', NULL, NULL),
(1412, 'ICT1412', NULL, 'MY OFFICE 2007 RETAIL PACK', 4, 2, 24, NULL, NULL, '601-7382228', NULL, NULL, 39, NULL, NULL, NULL, 222, NULL, NULL, NULL, 819, NULL, NULL, 'YES', NULL, NULL, NULL, NULL, 'L', NULL, NULL),
(1413, 'ICT1413', NULL, 'MY OFFICE 2007 RETAIL PACK', 4, 2, 24, NULL, NULL, '601-7382229', NULL, NULL, 39, NULL, NULL, NULL, 222, NULL, NULL, NULL, 819, NULL, NULL, 'YES', NULL, NULL, NULL, NULL, 'L', NULL, NULL),
(1414, 'ICT1414', NULL, 'MY OFFICE 2007 RETAIL PACK', 4, 2, 24, NULL, NULL, '601-7382256', NULL, NULL, 39, NULL, NULL, NULL, 222, NULL, NULL, NULL, 819, NULL, NULL, 'YES', NULL, NULL, NULL, NULL, 'L', NULL, NULL),
(1415, 'ICT1415', NULL, 'MY OFFICE 2007 RETAIL PACK', 4, 2, 24, NULL, NULL, '601-7382293', NULL, NULL, 39, NULL, NULL, NULL, 222, NULL, NULL, NULL, 819, NULL, NULL, 'YES', NULL, NULL, NULL, NULL, 'L', NULL, NULL),
(1416, 'ICT1416', NULL, 'MY OFFICE 2007 RETAIL PACK', 4, 2, 24, NULL, NULL, '6001369792', NULL, NULL, 39, NULL, NULL, NULL, 222, NULL, NULL, NULL, 819, NULL, NULL, 'YES', NULL, NULL, NULL, NULL, 'L', NULL, NULL),
(1417, 'ICT1417', NULL, 'MY OFFICE 2007 RETAIL PACK', 4, 2, 24, NULL, NULL, '601-7382237', NULL, NULL, 39, NULL, NULL, NULL, 222, NULL, NULL, NULL, 819, NULL, NULL, 'YES', NULL, NULL, NULL, NULL, 'L', NULL, NULL),
(1418, 'ICT1418', NULL, 'MY OFFICE 2007 RETAIL PACK', 4, 2, 24, NULL, NULL, '6001369805', NULL, NULL, 39, NULL, NULL, NULL, 222, NULL, NULL, NULL, 819, NULL, NULL, 'YES', NULL, NULL, NULL, NULL, 'L', NULL, NULL),
(1419, 'ICT1419', NULL, 'MY OFFICE 2007 RETAIL PACK', 4, 2, 24, NULL, NULL, '6001369806', NULL, NULL, 39, NULL, NULL, NULL, 222, NULL, NULL, NULL, 819, NULL, NULL, 'YES', NULL, NULL, NULL, NULL, 'L', NULL, NULL),
(1425, 'ICT1425', NULL, 'ACER 17" LCD MONITOR', 1, 1, 3, NULL, NULL, 'ETL770C096728000FF4042', NULL, NULL, 27, '081', NULL, NULL, 267, NULL, NULL, NULL, 978, NULL, '97', NULL, NULL, NULL, NULL, NULL, 'L', NULL, NULL),
(1426, 'ICT1426', NULL, 'ACER 17" LCD MONITOR', 1, 1, 3, NULL, NULL, 'ETL770C0967261514B4045', NULL, NULL, 27, NULL, NULL, 690, 267, NULL, NULL, NULL, 978, NULL, '87', NULL, NULL, NULL, NULL, NULL, 'L', NULL, NULL),
(1427, 'ICT1427', NULL, 'ACER 17" LCD MONITOR', 1, 1, 3, NULL, NULL, 'ETL770C096728000D64042', NULL, NULL, 27, '109', NULL, 690, 267, NULL, NULL, NULL, 978, NULL, '30', NULL, NULL, NULL, NULL, NULL, 'L', NULL, NULL),
(1428, 'ICT1428', NULL, 'ACER 17" LCD MONITOR', 4, 1, 3, NULL, NULL, 'ETL770C096726151394045', NULL, NULL, 27, NULL, NULL, 690, 267, NULL, NULL, NULL, 978, NULL, NULL, NULL, NULL, NULL, NULL, NULL, 'L', NULL, NULL),
(1429, 'ICT1429', NULL, 'ACER 17" LCD MONITOR', 4, 1, 3, NULL, NULL, 'ETL770C096728000EF4042', NULL, NULL, 27, NULL, NULL, NULL, 267, NULL, NULL, NULL, 978, NULL, NULL, NULL, NULL, NULL, NULL, NULL, 'L', NULL, NULL),
(1430, 'ICT1430', NULL, 'HP COLOR LASERJET 2605DN', 2, 1, 4, NULL, NULL, 'CNHJ77600T', NULL, NULL, 17, NULL, NULL, NULL, 267, NULL, NULL, NULL, 981, NULL, NULL, NULL, 1, NULL, NULL, NULL, 'L', NULL, NULL),
(1431, 'ICT1431', NULL, 'HP COLOR LASERJET 3600', 1, 1, 4, NULL, NULL, 'CNXKB74515', NULL, NULL, 17, NULL, NULL, NULL, 267, NULL, NULL, NULL, 980, NULL, NULL, NULL, NULL, NULL, NULL, NULL, 'L', NULL, NULL),
(1432, 'ICT1432', NULL, 'FOTOFUSION EXTREME SOFTWARE', 1, 2, 30, NULL, NULL, NULL, NULL, NULL, 44, '084', NULL, NULL, 222, NULL, NULL, NULL, 982, NULL, '9', NULL, NULL, NULL, NULL, NULL, 'L', NULL, NULL);
INSERT INTO `assets` (`asset_id`, `ict_id`, `harta_id`, `butiran`, `status`, `kod_kategori`, `kod_sub_kategori`, `tkh_beli`, `tkh_jaminan`, `no_siri`, `no_invoice`, `no_rujukan`, `jenama`, `emp_id`, `kod_pembekal`, `harga_beli`, `lokasi_id`, `ipaddress`, `catatan`, `ict_no_master`, `pembelian_id`, `kod_pinjam`, `pengguna_id`, `kod_lesen`, `kod_auditict`, `tkh_disposed`, `kod_alasan_disp`, `catat_disp`, `kod_tahaprisiko`, `created_at`, `updated_at`) VALUES
(1445, 'ICT1445', NULL, 'WACOM INTUOS3 9X12 MONITOR', 1, 1, 3, '2007-09-19', NULL, '7FZM23214', NULL, '3823', NULL, '084', NULL, 1980, 249, NULL, NULL, NULL, 995, NULL, '9', NULL, NULL, NULL, NULL, NULL, 'L', NULL, NULL),
(1446, 'ICT1446', NULL, 'LINKSYS WAG354G ROUTER STREAMYX', 1, 1, 6, NULL, NULL, 'SN600G12318', NULL, NULL, 40, NULL, NULL, NULL, 267, NULL, NULL, NULL, 996, NULL, NULL, NULL, NULL, NULL, NULL, NULL, 'H', NULL, NULL),
(1447, 'ICT1447', NULL, 'LINKSYS WAG354G ROUTER STREAMYX', 4, 1, 6, '2007-09-19', NULL, 'SN600G524216', NULL, '3743', 40, NULL, NULL, 550, 249, NULL, NULL, NULL, 996, NULL, NULL, NULL, NULL, NULL, NULL, NULL, 'H', NULL, NULL),
(1448, 'ICT1448', NULL, 'LINKSYS WAG354G ROUTER STREAMYX', 4, 1, 6, '2007-09-19', NULL, 'SN600G612362', NULL, '3743', 40, NULL, NULL, 550, 249, NULL, NULL, NULL, 996, NULL, NULL, NULL, NULL, NULL, NULL, NULL, 'H', NULL, NULL),
(1465, 'ICT1465', NULL, 'ACER ASPIRE 4520 NOTEBOOK', 1, 1, 2, NULL, NULL, 'LXAHS0C01373516B042500', NULL, NULL, 27, NULL, NULL, NULL, 267, NULL, NULL, NULL, 1015, NULL, NULL, NULL, 1, NULL, NULL, NULL, 'M', NULL, NULL),
(1485, 'ICT1485', NULL, 'ACER ASPIRE 4520 NOTEBOOK', 8, 1, 2, NULL, NULL, 'LXAHS0C013735171022500', NULL, NULL, 27, '15', NULL, NULL, 22, NULL, NULL, NULL, 1015, NULL, 'khaliD', NULL, NULL, '2010-12-24', 1, NULL, 'M', NULL, NULL),
(1505, 'ICT1505', NULL, 'ASPIRE M1100-240L', 9, 1, 1, '2008-04-21', NULL, '39952703', NULL, '5328', 27, '059', NULL, 990, 249, NULL, NULL, NULL, 1095, NULL, NULL, NULL, NULL, NULL, NULL, NULL, 'M', NULL, NULL),
(1506, 'ICT1506', NULL, 'ASPIRE M1100-240L', 9, 1, 1, NULL, NULL, 'PTS890C0278110394E2703', NULL, NULL, 27, NULL, NULL, NULL, 263, NULL, NULL, NULL, NULL, NULL, NULL, NULL, 1, NULL, NULL, NULL, 'M', NULL, NULL),
(1507, 'ICT1507', NULL, 'ASPIRE M1100-240L', 8, 1, 1, NULL, NULL, 'PTS890C0278110CD1B2703', NULL, NULL, 27, NULL, NULL, NULL, 263, NULL, NULL, NULL, 1095, NULL, NULL, NULL, 1, '2014-08-28', 5, 'TENDER 2 / 2014', 'M', NULL, NULL),
(1508, 'ICT1508', NULL, 'ASPIRE M1100-240L', 1, 1, 1, NULL, NULL, 'PTS890C0278110CD582703', NULL, NULL, 27, NULL, NULL, NULL, 263, NULL, NULL, NULL, 1095, NULL, NULL, NULL, 1, NULL, NULL, NULL, 'M', NULL, NULL),
(1509, 'ICT1509', NULL, 'ASPIRE M1100-240L', 8, 1, 1, NULL, NULL, 'PTS890C0278110CDB52703', NULL, NULL, 27, NULL, NULL, NULL, 263, NULL, NULL, NULL, 1095, NULL, NULL, NULL, 1, '2014-08-28', 5, 'TENDER 2 / 2014', 'M', NULL, NULL),
(1510, 'ICT1510', NULL, 'ASPIRE M1100-240L', 1, 1, 1, NULL, NULL, '0CCE2703', NULL, NULL, 27, '059', NULL, NULL, 235, NULL, NULL, NULL, 1095, NULL, 'kaunter7dz', NULL, 1, NULL, NULL, NULL, 'M', NULL, NULL),
(1511, 'ICT1511', NULL, 'ASPIRE M1100-240L', 9, 1, 1, NULL, NULL, 'PTS890C0278110CD2D2703', NULL, NULL, 27, NULL, NULL, NULL, 263, NULL, NULL, NULL, 1095, NULL, NULL, NULL, 1, NULL, NULL, NULL, 'M', NULL, NULL),
(1512, 'ICT1512', NULL, 'ACER ASPIRE M1100-240L', 9, 1, 1, NULL, NULL, 'PTS890C0278110CD3A2703', NULL, NULL, 27, NULL, NULL, NULL, 263, NULL, NULL, NULL, 1095, NULL, NULL, NULL, 1, NULL, NULL, NULL, 'M', NULL, NULL),
(1514, 'ICT1514', NULL, 'ASPIRE M1100-240L', 1, 1, 1, NULL, NULL, 'PTS890C0278110CDC12703', NULL, NULL, 27, '059', NULL, NULL, 240, NULL, NULL, NULL, 1095, NULL, NULL, NULL, 1, NULL, NULL, NULL, 'M', NULL, NULL),
(1515, 'ICT1515', NULL, 'ASPIRE M1100-240L', 8, 1, 1, NULL, NULL, '0CD592703', NULL, NULL, 27, NULL, NULL, NULL, 263, NULL, NULL, NULL, 1095, NULL, NULL, NULL, 1, '2014-08-28', 5, 'TENDER 2 / 2014', 'M', NULL, NULL),
(1516, 'ICT1516', NULL, 'ASPIRE M1100-240L', 9, 1, 1, '2008-04-21', NULL, 'PTS890C0278110393B2703', NULL, '5328', 27, '059', NULL, 990, 249, NULL, NULL, NULL, 1095, NULL, 'mtdi2', NULL, 1, NULL, NULL, NULL, 'M', NULL, NULL),
(1517, 'ICT1517', NULL, 'ASPIRE M1100-240L', 9, 1, 1, NULL, NULL, 'PTS890C027811038762703', NULL, NULL, 27, NULL, NULL, NULL, 263, NULL, NULL, NULL, 1095, NULL, NULL, NULL, 1, NULL, NULL, NULL, 'M', NULL, NULL),
(1530, 'ICT1530', NULL, 'ACER 17" LCD MONITOR', 1, 1, 3, NULL, NULL, 'ETLAL080088091ED834200', NULL, NULL, 27, NULL, NULL, NULL, 267, NULL, NULL, NULL, 1096, NULL, NULL, NULL, NULL, NULL, NULL, NULL, 'L', NULL, NULL),
(1531, 'ICT1531', NULL, 'ACER 17" LCD MONITOR', 1, 1, 3, NULL, NULL, 'ETLAL080088091ED834200', NULL, NULL, 27, NULL, NULL, NULL, 267, NULL, NULL, NULL, 1096, NULL, NULL, NULL, NULL, NULL, NULL, NULL, 'L', NULL, NULL),
(1532, 'ICT1532', NULL, 'ACER 17" LCD MONITOR', 1, 1, 3, NULL, NULL, 'ETLAL080088091EDB54200', NULL, NULL, 27, NULL, NULL, NULL, 267, NULL, NULL, NULL, 1096, NULL, NULL, NULL, NULL, NULL, NULL, NULL, 'L', NULL, NULL),
(1533, 'ICT1533', NULL, 'ACER 17" LCD MONITOR', 1, 1, 3, NULL, NULL, 'ETLAL080088091EDBB4200', NULL, NULL, 27, NULL, NULL, NULL, 267, NULL, NULL, NULL, 1096, NULL, NULL, NULL, NULL, NULL, NULL, NULL, 'L', NULL, NULL),
(1534, 'ICT1534', NULL, 'ACER 17" LCD MONITOR', 1, 1, 3, NULL, NULL, 'ETLAL080088091ED854200', NULL, NULL, 27, NULL, NULL, NULL, 267, NULL, NULL, NULL, 1096, NULL, NULL, NULL, NULL, NULL, NULL, NULL, 'L', NULL, NULL),
(1535, 'ICT1535', NULL, 'ACER 17" LCD MONITOR', 1, 1, 3, NULL, NULL, 'ETLAL080088091EDC04200', NULL, NULL, 27, NULL, NULL, NULL, 267, NULL, NULL, NULL, 1096, NULL, NULL, NULL, NULL, NULL, NULL, NULL, 'L', NULL, NULL),
(1536, 'ICT1536', NULL, 'ACER 17" LCD MONITOR', 1, 1, 3, NULL, NULL, 'ETLAL080088091EDB94200', NULL, NULL, 27, NULL, NULL, 0, 267, NULL, NULL, NULL, 1096, NULL, '93', NULL, NULL, NULL, NULL, NULL, 'L', NULL, NULL),
(1537, 'ICT1537', NULL, 'ACER 17" LCD MONITOR', 1, 1, 3, NULL, NULL, 'ETLAL080088091EDBD4200', NULL, NULL, 27, NULL, NULL, NULL, 267, NULL, NULL, NULL, 1096, NULL, NULL, NULL, NULL, NULL, NULL, NULL, 'L', NULL, NULL),
(1538, 'ICT1538', NULL, 'ACER 17" LCD MONITOR', 1, 1, 3, NULL, NULL, 'ETLAL080088091ED7C4200', NULL, NULL, 27, NULL, NULL, NULL, 267, NULL, NULL, NULL, 1096, NULL, NULL, NULL, NULL, NULL, NULL, NULL, 'L', NULL, NULL),
(1539, 'ICT1539', NULL, 'ACER 17" LCD MONITOR', 1, 1, 3, NULL, NULL, 'ETLAL080088091ED824200', NULL, NULL, 27, '099', NULL, NULL, 267, NULL, NULL, NULL, 1096, NULL, '48', NULL, NULL, NULL, NULL, NULL, 'L', NULL, NULL),
(1540, 'ICT1540', NULL, 'ACER 17" LCD MONITOR', 1, 1, 3, NULL, NULL, 'ETLAL080088091EDB84200', NULL, NULL, 27, NULL, NULL, NULL, 267, NULL, NULL, NULL, 1096, NULL, '94', NULL, NULL, NULL, NULL, NULL, 'L', NULL, NULL),
(1541, 'ICT1541', NULL, 'ACER 17" LCD MONITOR', 1, 1, 3, NULL, NULL, 'ETLAL080088091ED7F4200', NULL, NULL, 27, NULL, NULL, NULL, 267, NULL, NULL, NULL, 1096, NULL, NULL, NULL, NULL, NULL, NULL, NULL, 'L', NULL, NULL),
(1542, 'ICT1542', NULL, 'ACER 17" LCD MONITOR', 1, 1, 3, NULL, NULL, 'ETLAL080088091EDB14200', NULL, NULL, 27, NULL, NULL, NULL, 267, NULL, NULL, NULL, 1096, NULL, NULL, NULL, NULL, NULL, NULL, NULL, 'L', NULL, NULL),
(1543, 'ICT1543', NULL, 'ACER 17" LCD MONITOR', 1, 1, 3, NULL, NULL, 'ETLAL080088091EDB64200', NULL, NULL, 27, NULL, NULL, NULL, 267, NULL, NULL, NULL, 1096, NULL, NULL, NULL, NULL, NULL, NULL, NULL, 'L', NULL, NULL),
(1544, 'ICT1544', NULL, 'ACER 17" LCD MONITOR', 1, 1, 3, NULL, NULL, 'ETLAL080088091EDB44200', NULL, NULL, 27, NULL, NULL, NULL, 267, NULL, NULL, NULL, 1096, NULL, NULL, NULL, NULL, NULL, NULL, NULL, 'L', NULL, NULL),
(1545, 'ICT1545', NULL, 'ACER 17" LCD MONITOR', 1, 1, 3, NULL, NULL, 'ETLAL080088091EDB24200', NULL, NULL, 27, '098', NULL, NULL, 267, NULL, NULL, NULL, 1096, NULL, '52', NULL, NULL, NULL, NULL, NULL, 'L', NULL, NULL),
(1546, 'ICT1546', NULL, 'ACER 17" LCD MONITOR', 1, 1, 3, NULL, NULL, 'ETLAL080088091EDC24200', NULL, NULL, 27, NULL, NULL, NULL, 267, NULL, NULL, NULL, 1096, NULL, NULL, NULL, NULL, NULL, NULL, NULL, 'L', NULL, NULL),
(1547, 'ICT1547', NULL, 'ACER 17" LCD MONITOR', 1, 1, 3, NULL, NULL, 'ETLAL080088091EDBF4200', NULL, NULL, 27, NULL, NULL, NULL, 267, NULL, NULL, NULL, 1096, NULL, NULL, NULL, NULL, NULL, NULL, NULL, 'L', NULL, NULL),
(1548, 'ICT1548', NULL, 'ACER 17" LCD MONITOR', 1, 1, 3, NULL, NULL, 'ETLAL080088091EDBE4200', NULL, NULL, 27, NULL, NULL, NULL, 267, NULL, NULL, NULL, 1096, NULL, NULL, NULL, NULL, NULL, NULL, NULL, 'L', NULL, NULL),
(1549, 'ICT1549', NULL, 'ACER 17" LCD MONITOR', 1, 1, 3, NULL, NULL, 'ETLAL080088091EDB34200', NULL, NULL, 27, NULL, NULL, NULL, 267, NULL, NULL, NULL, 1096, NULL, NULL, NULL, NULL, NULL, NULL, NULL, 'L', NULL, NULL),
(1550, 'ICT1550', NULL, 'ACER 17" LCD MONITOR', 8, 1, 3, NULL, NULL, 'ETLAL080088091ED814200', NULL, NULL, 27, '100', NULL, NULL, 12, NULL, NULL, NULL, 1096, NULL, '10', NULL, NULL, '2010-07-01', 5, NULL, 'L', NULL, NULL),
(1551, 'ICT1551', NULL, 'ACER 17" LCD MONITOR', 8, 1, 3, NULL, NULL, 'ETLAL080088091ED7E4200', NULL, NULL, 27, NULL, NULL, NULL, 199, NULL, NULL, NULL, 1096, NULL, NULL, NULL, NULL, '2010-07-01', NULL, NULL, 'L', NULL, NULL),
(1552, 'ICT1552', NULL, 'ACER 17" LCD MONITOR', 8, 1, 3, NULL, NULL, 'ETLAL080088091ED7D4200', NULL, NULL, 27, NULL, NULL, NULL, 3, NULL, NULL, NULL, 1096, NULL, NULL, NULL, NULL, '2010-07-01', NULL, NULL, 'L', NULL, NULL),
(1553, 'ICT1553', NULL, 'ASPIRE M1100-240L', 4, 1, 1, NULL, NULL, 'PTS890C027811039432703', NULL, NULL, 27, '169', NULL, NULL, 237, NULL, NULL, NULL, 1095, NULL, 'kaunter3wm', NULL, 1, NULL, NULL, NULL, 'M', NULL, NULL),
(1554, 'ICT1554', NULL, 'ACER ASPIRE M1100-240L', 1, 1, 1, '2008-04-21', NULL, 'PTS890C027811038822703', NULL, '5328', 27, NULL, NULL, 990, 267, NULL, NULL, NULL, 1095, NULL, NULL, NULL, 1, NULL, NULL, NULL, 'M', NULL, NULL),
(1555, 'ICT1555', NULL, 'ASPIRE M1100-240L', 9, 1, 1, NULL, NULL, 'CD1E2703', NULL, NULL, 27, NULL, NULL, NULL, 263, NULL, NULL, NULL, 1095, NULL, NULL, NULL, 1, NULL, NULL, NULL, 'M', NULL, NULL),
(1556, 'ICT1556', NULL, 'ASPIRE M1100-240L', 1, 1, 1, NULL, NULL, 'PTS890C0278110CD742703', NULL, NULL, 27, 'KS017', NULL, NULL, 232, NULL, NULL, NULL, 1095, NULL, 'praktikal4', NULL, 1, NULL, NULL, NULL, 'M', NULL, NULL),
(1557, 'ICT1557', NULL, 'ASPIRE M1100-240L', 9, 1, 1, NULL, NULL, 'PTS890C0278110CCA22703', NULL, NULL, 27, NULL, NULL, NULL, 263, NULL, NULL, NULL, 1095, NULL, NULL, NULL, 1, NULL, NULL, NULL, 'M', NULL, NULL),
(1558, 'ICT1558', NULL, 'ASPIRE M1100-240L', 1, 1, 1, NULL, NULL, 'PTS890C0278110CD492703', NULL, NULL, 27, '059', NULL, NULL, 238, NULL, NULL, NULL, 1095, NULL, 'kaunter7pj', NULL, 1, NULL, NULL, NULL, 'M', NULL, NULL),
(1559, 'ICT1559', NULL, 'ASPIRE M1100-240L', 9, 1, 1, NULL, NULL, '8110CD3E2703', NULL, NULL, 27, NULL, NULL, NULL, 263, NULL, NULL, NULL, 1095, NULL, NULL, NULL, 1, NULL, NULL, NULL, 'M', NULL, NULL),
(1560, 'ICT1560', NULL, 'ASPIRE M1100-240L', 9, 1, 1, NULL, NULL, 'PTS890C0278110CD172703', NULL, NULL, 27, NULL, NULL, NULL, 263, NULL, NULL, NULL, 1095, NULL, NULL, NULL, 1, NULL, NULL, NULL, 'M', NULL, NULL),
(1561, 'ICT1561', NULL, 'ASPIRE M1100-240L', 9, 1, 1, '2008-04-21', NULL, 'PTS890C0278110CD502703', NULL, '5328', 27, '059', NULL, 990, 249, NULL, NULL, NULL, 1095, NULL, 'kaunter3wm', NULL, 1, NULL, NULL, NULL, 'M', NULL, NULL),
(1562, 'ICT1562', NULL, 'ASPIRE M1100-240L', 8, 1, 1, NULL, NULL, '0CC982703', NULL, NULL, 27, NULL, NULL, NULL, 263, NULL, NULL, NULL, 1095, NULL, NULL, NULL, 1, '2014-08-28', 5, 'TENDER 2 / 2014', 'M', NULL, NULL),
(1563, 'ICT1563', NULL, 'ASPIRE M1100-240L', 1, 1, 1, '2008-04-21', NULL, 'PTS890C027811039792703', NULL, '5328', 27, 'LP006', NULL, 990, 200, NULL, NULL, NULL, 1095, NULL, NULL, NULL, 1, NULL, NULL, NULL, 'M', NULL, NULL),
(1565, 'ICT1565', NULL, 'WINDOWS XP PROFESSIONAL W/SP2C 1 PK OEM', 1, 2, 26, NULL, NULL, 'RKX3K-2XBDT-V6JD7-3RT7T-TDM2D', NULL, NULL, 15, NULL, NULL, NULL, 199, NULL, NULL, NULL, 1097, NULL, NULL, NULL, NULL, NULL, NULL, NULL, 'L', NULL, NULL),
(1566, 'ICT1566', NULL, 'WINDOWS XP PROFESSIONAL W/SP2C 1 PK OEM', 1, 2, 26, NULL, NULL, 'CYB67-QFGWV-H462Q-YMY8Y-83MXQ', NULL, NULL, 15, NULL, NULL, NULL, 199, NULL, NULL, NULL, 1097, NULL, NULL, NULL, NULL, NULL, NULL, NULL, 'L', NULL, NULL),
(1567, 'ICT1567', NULL, 'WINDOWS XP PROFESSIONAL W/SP2C 1 PK OEM', 1, 2, 26, NULL, NULL, 'T8GVT-2RC79-P3XVH-3CBCM-83M73', NULL, NULL, 15, '099', NULL, NULL, 199, NULL, NULL, NULL, 1097, NULL, '48', NULL, NULL, NULL, NULL, NULL, 'L', NULL, NULL),
(1568, 'ICT1568', NULL, 'WINDOWS XP PROFESSIONAL W/SP2C 1 PK OEM', 1, 2, 26, NULL, NULL, 'FY633-HK2MF-BWY9J-XQPKH-K6QYY', NULL, NULL, 15, '107', NULL, NULL, 199, NULL, NULL, NULL, 1097, NULL, '51', NULL, NULL, NULL, NULL, NULL, 'L', NULL, NULL),
(1569, 'ICT1569', NULL, 'WINDOWS XP PROFESSIONAL W/SP2C 1 PK OEM', 1, 2, 26, NULL, NULL, 'MGCBM-B8T4W-8JRR6-67KT4-XVMBW', NULL, NULL, 15, NULL, NULL, NULL, 199, NULL, NULL, NULL, 1097, NULL, NULL, NULL, NULL, NULL, NULL, NULL, 'L', NULL, NULL),
(1570, 'ICT1570', NULL, 'WINDOWS XP PROFESSIONAL W/SP2C 1 PK OEM', 1, 2, 26, NULL, NULL, 'QMRKB-2CK39-YRXXR-YXDJ8-HGQWB', NULL, NULL, 15, NULL, NULL, NULL, 199, NULL, NULL, NULL, 1097, NULL, NULL, NULL, NULL, NULL, NULL, NULL, 'L', NULL, NULL),
(1571, 'ICT1571', NULL, 'WINDOWS XP PROFESSIONAL W/SP2C 1 PK OEM', 1, 2, 26, NULL, NULL, 'K33BT-4W6XD-RX6PC-GYC4W-P8HD8', NULL, NULL, 15, '098', NULL, NULL, 30, NULL, NULL, NULL, 1097, NULL, '52', NULL, NULL, NULL, NULL, NULL, 'L', NULL, NULL),
(1572, 'ICT1572', NULL, 'WINDOWS XP PROFESSIONAL W/SP2C 1 PK OEM', 1, 2, 26, NULL, NULL, 'G84RX-B28XV-9384C-9H7WX-M6F3M', NULL, NULL, 15, NULL, NULL, NULL, 199, NULL, NULL, NULL, 1097, NULL, NULL, NULL, NULL, NULL, NULL, NULL, 'L', NULL, NULL),
(1573, 'ICT1573', NULL, 'WINDOWS XP PROFESSIONAL W/SP2C 1 PK OEM', 1, 2, 26, NULL, NULL, 'GTPCB-G67JP-VCFWW-3XD4V-W9DYM', NULL, NULL, 15, '100', NULL, NULL, 12, NULL, NULL, NULL, 1097, NULL, '10', 'YES', NULL, NULL, NULL, NULL, 'L', NULL, NULL),
(1574, 'ICT1574', NULL, 'WINDOWS XP PROFESSIONAL W/SP2C 1 PK OEM', 1, 2, 26, NULL, NULL, 'M2CB7-J8WJV-DVCTG-DPVM8-P8HTY', NULL, NULL, 15, NULL, NULL, NULL, 199, NULL, NULL, NULL, 1097, NULL, NULL, NULL, NULL, NULL, NULL, NULL, 'L', NULL, NULL),
(1575, 'ICT1575', NULL, 'WINDOWS XP PROFESSIONAL W/SP2C 1 PK OEM', 1, 2, 26, NULL, NULL, 'J4VG4-FMH48-J3XXT-BGFPG-G9Y2Y', NULL, NULL, 15, NULL, NULL, NULL, 199, NULL, NULL, NULL, 1097, NULL, NULL, NULL, NULL, NULL, NULL, NULL, 'L', NULL, NULL),
(1576, 'ICT1576', NULL, 'WINDOWS XP PROFESSIONAL W/SP2C 1 PK OEM', 1, 2, 26, NULL, NULL, 'M3DVJ-VM68Q-4RVWR-QPWKP-4KP9Q', NULL, NULL, 15, NULL, NULL, NULL, 199, NULL, NULL, NULL, 1097, NULL, NULL, NULL, NULL, NULL, NULL, NULL, 'L', NULL, NULL),
(1577, 'ICT1577', NULL, 'WINDOWS XP PROFESSIONAL W/SP2C 1 PK OEM', 1, 2, 26, NULL, NULL, 'B42DG-P6M6G-4D4TF-6GVVW-DBV86', NULL, NULL, 15, NULL, NULL, NULL, 199, NULL, NULL, NULL, 1097, NULL, NULL, NULL, NULL, NULL, NULL, NULL, 'L', NULL, NULL),
(1578, 'ICT1578', NULL, 'WINDOWS XP PROFESSIONAL W/SP2C 1 PK OEM', 1, 2, 26, NULL, NULL, 'D9VM8-P2GXH-HQHYM-DQY98-Q2GXW', NULL, NULL, 15, NULL, NULL, NULL, 199, NULL, NULL, NULL, 1097, NULL, NULL, NULL, NULL, NULL, NULL, NULL, 'L', NULL, NULL),
(1579, 'ICT1579', NULL, 'WINDOWS XP PROFESSIONAL W/SP2C 1 PK OEM', 1, 2, 26, NULL, NULL, 'W24RH-F8GGX-4TDGX-MB7GV-CT2RG', NULL, NULL, 15, NULL, NULL, NULL, 199, NULL, NULL, NULL, 1097, NULL, NULL, NULL, NULL, NULL, NULL, NULL, 'L', NULL, NULL),
(1580, 'ICT1580', NULL, 'WINDOWS XP PROFESSIONAL W/SP2C 1 PK OEM', 1, 2, 26, NULL, NULL, 'WRGBD-XV899-R43TX-DMCDC-BMKHG', NULL, NULL, 15, NULL, NULL, NULL, 199, NULL, NULL, NULL, 1097, NULL, NULL, NULL, NULL, NULL, NULL, NULL, 'L', NULL, NULL),
(1581, 'ICT1581', NULL, 'WINDOWS XP PROFESSIONAL W/SP2C 1 PK OEM', 1, 2, 26, NULL, NULL, 'WQB9C-QM2XY-TW4YQ-JVGV7-GYWQG', NULL, NULL, 15, NULL, NULL, NULL, 199, NULL, NULL, NULL, 1097, NULL, NULL, NULL, NULL, NULL, NULL, NULL, 'L', NULL, NULL),
(1582, 'ICT1582', NULL, 'WINDOWS XP PROFESSIONAL W/SP2C 1 PK OEM', 1, 2, 26, NULL, NULL, 'R3YVD-YK7P4-WJXX6-94BBR-7DC8T', NULL, NULL, 15, NULL, NULL, NULL, 199, NULL, NULL, NULL, 1097, NULL, NULL, NULL, NULL, NULL, NULL, NULL, 'L', NULL, NULL),
(1583, 'ICT1583', NULL, 'WINDOWS XP PROFESSIONAL W/SP2C 1 PK OEM', 1, 2, 26, NULL, NULL, 'GH3MB-7MGTQ-WW7BX-C4M23-89DTG', NULL, NULL, 15, NULL, NULL, NULL, 199, NULL, NULL, NULL, 1097, NULL, NULL, NULL, NULL, NULL, NULL, NULL, 'L', NULL, NULL),
(1584, 'ICT1584', NULL, 'WINDOWS XP PROFESSIONAL W/SP2C 1 PK OEM', 1, 2, 26, NULL, NULL, 'W4PTH-VK6XC-HXB7D-PHPBX-KJHD3', NULL, NULL, 15, NULL, NULL, NULL, 199, NULL, NULL, NULL, 1097, NULL, NULL, NULL, NULL, NULL, NULL, NULL, 'L', NULL, NULL),
(1585, 'ICT1585', NULL, 'WINDOWS XP PROFESSIONAL W/SP2C 1 PK OEM', 1, 2, 26, NULL, NULL, 'KT98M-Q7K9G-CKHMM-JV69G-T7MC8', NULL, NULL, 15, NULL, NULL, NULL, 199, NULL, NULL, NULL, 1097, NULL, NULL, NULL, NULL, NULL, NULL, NULL, 'L', NULL, NULL),
(1586, 'ICT1586', NULL, 'WINDOWS XP PROFESSIONAL W/SP2C 1 PK OEM', 1, 2, 26, NULL, NULL, 'MQYQY-H3D64-G28T4-VVHFH-RBJ8M', NULL, NULL, 15, NULL, NULL, NULL, 199, NULL, NULL, NULL, 1097, NULL, NULL, NULL, NULL, NULL, NULL, NULL, 'L', NULL, NULL),
(1587, 'ICT1587', NULL, 'WINDOWS XP PROFESSIONAL W/SP2C 1 PK OEM', 1, 2, 26, NULL, NULL, 'GPW87-QFFK6-W693J-BHD4B-9VK9D', NULL, NULL, 15, NULL, NULL, NULL, 199, NULL, NULL, NULL, 1097, NULL, NULL, NULL, NULL, NULL, NULL, NULL, 'L', NULL, NULL),
(1605, 'ICT1605', NULL, 'MOTOROLA GP2100 WALKIE TALKIE APLHA SERIES 99CH', 1, 1, 27, NULL, NULL, '246XHYH347', NULL, NULL, 48, '144', NULL, NULL, 212, NULL, NULL, NULL, 1115, NULL, NULL, NULL, NULL, NULL, NULL, NULL, 'L', NULL, NULL),
(1606, 'ICT1606', NULL, 'MOTOROLA GP2100 WALKIE TALKIE APLHA SERIES 99CH', 1, 1, 27, NULL, NULL, '246XHYH350', NULL, NULL, 48, '125', NULL, NULL, 212, NULL, NULL, NULL, 1115, NULL, NULL, NULL, NULL, NULL, NULL, NULL, 'L', NULL, NULL),
(1607, 'ICT1607', NULL, 'MOTOROLA GP2100 WALKIE TALKIE APLHA SERIES 99CH', 1, 1, 27, NULL, NULL, '246XHYH353', NULL, NULL, 48, '095', NULL, NULL, 212, NULL, NULL, NULL, 1115, NULL, NULL, NULL, NULL, NULL, NULL, NULL, 'L', NULL, NULL),
(1608, 'ICT1608', NULL, 'MOTOROLA GP2100 WALKIE TALKIE APLHA SERIES 99CH', 1, 1, 27, NULL, NULL, '246XHYH354', NULL, NULL, 48, '144', NULL, NULL, 212, NULL, NULL, NULL, 1115, NULL, NULL, NULL, NULL, NULL, NULL, NULL, 'L', NULL, NULL),
(1609, 'ICT1609', NULL, 'MOTOROLA GP2100 WALKIE TALKIE APLHA SERIES 99CH', 1, 1, 27, NULL, NULL, '246XHYH355', NULL, NULL, 48, '144', NULL, NULL, 212, NULL, NULL, NULL, 1115, NULL, NULL, NULL, NULL, NULL, NULL, NULL, 'L', NULL, NULL),
(1610, 'ICT1610', NULL, 'TALLY 5040', 8, 1, 4, NULL, NULL, '803CA06263', NULL, NULL, 19, NULL, NULL, NULL, 263, NULL, NULL, NULL, 1116, NULL, NULL, NULL, 1, '2014-09-05', 5, 'TENDER 2 /2014', 'L', NULL, NULL),
(1611, 'ICT1611', NULL, 'TALLY 5040', 1, 1, 4, NULL, NULL, '803CA06274', NULL, NULL, 19, '170', NULL, NULL, 233, NULL, NULL, NULL, 1116, NULL, 'hatini', NULL, NULL, NULL, NULL, NULL, 'L', NULL, NULL),
(1612, 'ICT1612', NULL, 'TALLY 5040', 1, 1, 4, NULL, NULL, '803CA06278', NULL, NULL, 19, '179', NULL, NULL, 219, NULL, NULL, NULL, 1116, NULL, 'daniel', NULL, NULL, NULL, NULL, NULL, 'L', NULL, NULL),
(1613, 'ICT1613', NULL, 'TALLY 5040', 8, 1, 4, NULL, NULL, '803CA06281', NULL, NULL, 19, NULL, NULL, NULL, 263, NULL, NULL, NULL, 1116, NULL, NULL, NULL, NULL, '2014-09-05', 5, 'TENDER 2 /2014', 'L', NULL, NULL),
(1614, 'ICT1614', NULL, 'TALLY 5040', 1, 1, 4, NULL, NULL, '803CA06282', NULL, NULL, 19, '004', NULL, 3328, 219, NULL, NULL, NULL, 1116, NULL, 'wan', NULL, NULL, NULL, NULL, NULL, 'L', NULL, NULL),
(1615, 'ICT1615', NULL, 'TALLY 5040', 9, 1, 4, NULL, NULL, '803CA06276', NULL, NULL, 19, '059', NULL, NULL, 263, NULL, NULL, NULL, 1116, NULL, NULL, NULL, 1, NULL, NULL, NULL, 'L', NULL, NULL),
(1616, 'ICT1616', NULL, 'TALLY 5040', 8, 1, 4, NULL, NULL, '803CA06284', NULL, NULL, 19, NULL, NULL, NULL, 263, NULL, NULL, NULL, 1116, NULL, NULL, NULL, NULL, '2014-09-05', 5, 'TENDER 2 /2014', 'L', NULL, NULL),
(1617, 'ICT1617', NULL, 'TALLY 5040', 1, 1, 4, NULL, NULL, '803CA06044', NULL, NULL, 19, NULL, NULL, NULL, 248, NULL, NULL, NULL, 1116, NULL, NULL, NULL, NULL, NULL, NULL, NULL, 'L', NULL, NULL),
(1618, 'ICT1618', NULL, 'TALLY 5040', 1, 1, 4, NULL, NULL, '803CA06049', NULL, NULL, 19, '180', NULL, 3328, 219, NULL, NULL, NULL, 1116, NULL, 'fadzilah', NULL, NULL, NULL, NULL, NULL, 'L', NULL, NULL),
(1619, 'ICT1619', NULL, 'TALLY 5040', 8, 1, 4, NULL, NULL, '803CA06072', NULL, NULL, 19, NULL, NULL, NULL, 263, NULL, NULL, NULL, 1116, NULL, NULL, NULL, NULL, '2014-09-05', 5, 'TENDER 2 /2014', 'L', NULL, NULL),
(1620, 'ICT1620', NULL, 'TALLY 5040', 8, 1, 4, NULL, NULL, '803CA06074', NULL, NULL, 19, NULL, NULL, NULL, 263, NULL, NULL, NULL, 1116, NULL, NULL, NULL, NULL, '2014-09-05', 5, 'TENDER 2 /2014', 'L', NULL, NULL),
(1621, 'ICT1621', NULL, 'TALLY 5040', 8, 1, 4, NULL, NULL, '803CA06075', NULL, NULL, 19, NULL, NULL, NULL, 263, NULL, NULL, NULL, 1116, NULL, NULL, NULL, 1, '2014-09-05', 5, 'TENDER 2 /2014', 'L', NULL, NULL),
(1622, 'ICT1622', NULL, 'TALLY 5040', 9, 1, 4, NULL, NULL, '803CA06021', NULL, NULL, 19, NULL, NULL, NULL, 263, NULL, NULL, NULL, 1116, NULL, NULL, NULL, 1, NULL, NULL, NULL, 'L', NULL, NULL),
(1625, 'ICT1625', NULL, 'SANYO PROJECTOR PDG-PSU21B', 1, 1, 7, NULL, NULL, '78401180', NULL, NULL, 23, NULL, NULL, NULL, 222, NULL, NULL, NULL, 1136, NULL, NULL, NULL, NULL, NULL, NULL, NULL, 'L', NULL, NULL),
(1645, 'ICT1645', NULL, 'ACER 16.1"W LCD MONITOR', 8, 1, 3, NULL, NULL, 'ETLAL0800881309C5D4202', NULL, NULL, 27, NULL, NULL, NULL, 199, NULL, NULL, NULL, 1155, NULL, NULL, NULL, NULL, '2010-07-01', NULL, NULL, 'L', NULL, NULL),
(1665, 'ICT1665', NULL, 'ACER VERITON M480', 1, 1, 1, NULL, NULL, 'V760Z005ZE925040', NULL, NULL, 27, '147', NULL, NULL, 226, NULL, NULL, NULL, 1259, NULL, 'rehimah', NULL, 1, NULL, NULL, NULL, 'M', NULL, NULL),
(1666, 'ICT1666', NULL, 'ACER VERITON M480', 1, 1, 1, NULL, NULL, 'V760Z005ZE923030', NULL, NULL, 27, '103', NULL, NULL, 212, NULL, NULL, NULL, 1259, NULL, 'syaiful', NULL, 1, NULL, NULL, NULL, 'M', NULL, NULL),
(1667, 'ICT1667', NULL, 'ACER VERITON M480', 1, 1, 1, NULL, NULL, 'V760Z005ZE925047', NULL, NULL, 27, '181', NULL, NULL, 226, NULL, NULL, NULL, 1259, NULL, 'azwan', NULL, 1, NULL, NULL, NULL, 'M', NULL, NULL),
(1668, 'ICT1668', NULL, 'ACER VERITON M480', 1, 1, 1, NULL, NULL, 'V760Z005ZE925043', NULL, NULL, 27, '210', NULL, NULL, 226, NULL, NULL, NULL, 1259, NULL, 'asrilb', NULL, 1, NULL, NULL, NULL, 'M', NULL, NULL),
(1669, 'ICT1669', NULL, 'ACER VERITON M480', 1, 1, 1, NULL, NULL, 'V760Z005ZE925044', NULL, NULL, 27, '116', NULL, NULL, 226, NULL, NULL, NULL, 1259, NULL, 'labuan1', NULL, 1, NULL, NULL, NULL, 'M', NULL, NULL),
(1670, 'ICT1670', NULL, 'ACER VERITON M480', 1, 1, 1, NULL, NULL, 'V760Z005ZE923027', NULL, NULL, 27, '116', NULL, NULL, 226, NULL, NULL, NULL, 1259, NULL, 'labuan2', NULL, 1, NULL, NULL, NULL, 'M', NULL, NULL),
(1685, 'ICT1685', NULL, 'SERVER HP-VM3-WINDOWS SERVER 2008 STD 1-4CPU', 1, 1, 9, NULL, NULL, 'SGH847XHAE-VM3', NULL, NULL, 17, NULL, NULL, NULL, 222, NULL, NULL, NULL, 1238, NULL, NULL, NULL, 1, NULL, NULL, NULL, 'H', NULL, NULL),
(1705, 'ICT1705', NULL, 'CELCOM USB BROADBAND', 11, 1, 28, NULL, NULL, 'A: 19649043 T: 0133985758', NULL, NULL, NULL, NULL, NULL, NULL, 249, NULL, NULL, NULL, 1315, NULL, NULL, NULL, NULL, NULL, NULL, NULL, 'L', NULL, NULL),
(1706, 'ICT1706', NULL, 'CELCOM USB BROADBAND', 11, 1, 28, NULL, NULL, 'A: 48482630 T: 0133887365', NULL, NULL, NULL, NULL, NULL, NULL, 222, NULL, NULL, NULL, 1317, NULL, NULL, NULL, NULL, NULL, NULL, NULL, 'L', NULL, NULL),
(1707, 'ICT1707', NULL, 'MAXIS USB BROADBAND', 1, 1, 28, NULL, NULL, 'A: 1143898755', NULL, NULL, 60, '011', NULL, NULL, 222, NULL, NULL, NULL, 1316, NULL, 'RAIS', NULL, NULL, NULL, NULL, NULL, 'L', NULL, NULL),
(1708, 'ICT1708', NULL, 'MAXIS USB BROADBAND', 1, 1, 28, NULL, NULL, 'A:1108304435 T:0126731564', NULL, NULL, 60, NULL, NULL, NULL, 222, NULL, NULL, NULL, 1318, NULL, NULL, NULL, NULL, NULL, NULL, NULL, 'L', NULL, NULL),
(1725, 'ICT1725', NULL, 'ACER VERITON L480-274B', 1, 1, 1, NULL, NULL, 'PSVA00Z00293000E079000', NULL, NULL, 27, '059', NULL, NULL, 234, NULL, NULL, NULL, 1270, NULL, 'kaunter1sm', NULL, 1, NULL, NULL, NULL, 'M', NULL, NULL),
(1726, 'ICT1726', NULL, 'ACER VERITON L480-274B', 1, 1, 1, NULL, NULL, 'PSVA00Z00293000E3F9000', NULL, NULL, 27, '145', NULL, NULL, 212, NULL, NULL, NULL, 1270, NULL, 'iskandar', NULL, 1, NULL, NULL, NULL, 'M', NULL, NULL),
(1727, 'ICT1727', NULL, 'ACER VERITON L480-274B', 1, 1, 1, NULL, NULL, 'PSVA00Z00293000E059000', NULL, NULL, 27, NULL, NULL, NULL, 267, NULL, NULL, NULL, 1270, NULL, NULL, NULL, 1, NULL, NULL, NULL, 'M', NULL, NULL),
(1728, 'ICT1728', NULL, 'ACER VERITON L480-274B', 1, 1, 1, NULL, NULL, 'PSVA00Z00293000E449000', NULL, NULL, 27, '059', NULL, NULL, 239, NULL, NULL, NULL, 1270, NULL, 'mtdi4', NULL, 1, NULL, NULL, NULL, 'M', NULL, NULL),
(1729, 'ICT1729', NULL, 'ACER VERITON L480-274B', 1, 1, 1, NULL, NULL, 'PSVA00Z00293000E2D9000', NULL, NULL, 27, '066', NULL, NULL, 233, NULL, NULL, NULL, 1270, NULL, 'prcenter4', NULL, 1, NULL, NULL, NULL, 'M', NULL, NULL),
(1730, 'ICT1730', NULL, 'ACER VERITON L480-274B', 1, 1, 1, NULL, NULL, 'PSVA00Z00293000E099000', NULL, NULL, 27, '202', NULL, NULL, 219, NULL, NULL, NULL, 1270, NULL, 'SAIFUL', NULL, 1, NULL, NULL, NULL, 'M', NULL, NULL),
(1731, 'ICT1731', NULL, 'ACER VERITON L480-274B', 1, 1, 1, NULL, NULL, 'PSVA00Z00293000E279000', NULL, NULL, 27, '144', NULL, NULL, 212, NULL, NULL, NULL, 1270, NULL, 'sobri', NULL, 1, NULL, NULL, NULL, 'M', NULL, NULL),
(1745, 'ICT1745', NULL, 'ACER VERITON M460', 9, 1, 1, '2009-04-01', NULL, 'E918008', NULL, '9391', 27, NULL, NULL, 2150, 249, NULL, NULL, NULL, 1241, NULL, NULL, NULL, 1, NULL, NULL, NULL, 'M', NULL, NULL),
(1746, 'ICT1746', NULL, 'ACER VERITON M460', 9, 1, 1, '2009-04-01', NULL, 'E918009', NULL, '9391', 27, '195', NULL, 2150, 249, NULL, NULL, NULL, 1241, NULL, 'hidayah', NULL, 1, NULL, NULL, NULL, 'M', NULL, NULL),
(1747, 'ICT1747', NULL, 'ACER VERITON M460', 8, 1, 1, NULL, NULL, 'E918013', NULL, NULL, 27, NULL, NULL, NULL, 263, NULL, NULL, NULL, 1241, NULL, NULL, NULL, 1, '2014-08-28', 5, 'TENDER 2 / 2014', 'M', NULL, NULL),
(1748, 'ICT1748', NULL, 'ACER VERITON M460', 8, 1, 1, NULL, NULL, 'E918003', NULL, NULL, 27, NULL, NULL, NULL, 263, NULL, NULL, NULL, 1241, NULL, NULL, NULL, 1, '2014-08-28', 5, 'TENDER 2 / 2014', 'M', NULL, NULL),
(1749, 'ICT1749', NULL, 'ACER VERITON M460', 9, 1, 1, '2009-04-01', NULL, 'E918014', NULL, '9391', 27, 'KS006', NULL, 2150, 249, NULL, NULL, NULL, 1241, NULL, 'faezah', NULL, 1, NULL, NULL, NULL, 'M', NULL, NULL),
(1750, 'ICT1750', NULL, 'ACER VERITON M460', 1, 1, 1, NULL, NULL, 'E918004', NULL, NULL, 27, '222', NULL, NULL, 229, NULL, NULL, NULL, 1241, NULL, 'zulfadzli', NULL, 1, NULL, NULL, NULL, 'M', NULL, NULL),
(1751, 'ICT1751', NULL, 'ACER VERITON M460', 4, 1, 1, '2009-04-01', NULL, 'E918012', NULL, '9391', 27, '214', NULL, 2150, 249, NULL, NULL, NULL, 1241, NULL, 'lee', NULL, 1, NULL, NULL, NULL, 'M', NULL, NULL),
(1752, 'ICT1752', NULL, 'ACER VERITON M460', 1, 1, 1, NULL, NULL, 'E918002', NULL, NULL, 27, '059', NULL, NULL, 241, NULL, NULL, NULL, 1241, NULL, 'kepong4', NULL, 1, NULL, NULL, NULL, 'M', NULL, NULL),
(1753, 'ICT1753', NULL, 'ACER VERITON M460', 8, 1, 1, NULL, NULL, 'E918001', NULL, NULL, 27, NULL, NULL, NULL, 263, NULL, NULL, NULL, 1241, NULL, NULL, NULL, 1, '2014-08-28', 5, 'TENDER 2 / 2014', 'M', NULL, NULL),
(1754, 'ICT1754', NULL, 'ACER VERITON M460', 1, 1, 1, NULL, NULL, 'E918007', NULL, NULL, 27, '179', NULL, NULL, 248, NULL, NULL, NULL, 1241, NULL, 'daniel', NULL, 1, NULL, NULL, NULL, 'M', NULL, NULL),
(1755, 'ICT1755', NULL, 'ACER VERITON M460', 9, 1, 1, '2009-04-01', NULL, 'E918015', NULL, '9391', 27, '118', NULL, 2150, 249, NULL, NULL, NULL, 1241, NULL, 'faizul', NULL, 1, NULL, NULL, NULL, 'M', NULL, NULL),
(1756, 'ICT1756', NULL, 'ACER VERITON M460', 9, 1, 1, '2009-04-01', NULL, 'E918006', NULL, '9391', 27, NULL, NULL, 2150, 263, NULL, NULL, NULL, 1241, NULL, NULL, NULL, 1, NULL, NULL, NULL, 'M', NULL, NULL),
(1757, 'ICT1757', NULL, 'ACER VERITON M460', 9, 1, 1, '2009-04-01', NULL, 'E918010', NULL, '9391', 27, '060', NULL, 2150, 249, NULL, NULL, NULL, 1241, NULL, 'SABRI', NULL, 1, NULL, NULL, NULL, 'M', NULL, NULL),
(1758, 'ICT1758', NULL, 'ACER VERITON M460', 8, 1, 1, NULL, NULL, 'E918011', NULL, NULL, 27, NULL, NULL, NULL, 263, NULL, NULL, NULL, 1241, NULL, NULL, NULL, 1, '2014-08-28', 5, 'TENDER 2 / 2014', 'M', NULL, NULL),
(1759, 'ICT1759', NULL, 'ACER VERITON M460', 1, 1, 1, NULL, NULL, 'E918016', NULL, NULL, 27, '149', NULL, NULL, 219, NULL, NULL, NULL, 1241, NULL, 'ishak', NULL, 1, NULL, NULL, NULL, 'M', NULL, NULL),
(1765, 'ICT1765', NULL, 'ACER VERITON M460', 8, 1, 1, NULL, NULL, 'E918005', NULL, NULL, 27, NULL, NULL, NULL, 263, NULL, NULL, NULL, 1241, NULL, NULL, NULL, 1, '2014-08-28', 5, 'TENDER 2 / 2014', 'M', NULL, NULL),
(1785, 'ICT1785', NULL, 'ACER TM6793-842G25', 8, 1, 2, NULL, NULL, NULL, NULL, NULL, 27, NULL, NULL, NULL, 222, NULL, NULL, NULL, 1264, NULL, NULL, NULL, 1, NULL, NULL, NULL, 'M', NULL, NULL),
(1786, 'ICT1786', NULL, 'ACER TM6793-842G25', 8, 1, 2, NULL, NULL, 'LXTQ70Z11390824AC31601', NULL, NULL, 27, NULL, NULL, NULL, 263, NULL, NULL, NULL, 1264, NULL, NULL, NULL, 1, '2014-08-28', 5, 'TENDER 2 / 2014', 'M', NULL, NULL),
(1787, 'ICT1787', NULL, 'ACER TM6793-842G25', 8, 1, 2, NULL, NULL, 'LXTQ70Z11390824B7E1601', NULL, NULL, 27, NULL, NULL, NULL, 263, NULL, NULL, NULL, 1264, NULL, NULL, NULL, 1, '2014-08-28', 5, 'TENDER 2 / 2014', 'M', NULL, NULL),
(1788, 'ICT1788', NULL, 'ACER TM6793-842G25', 8, 1, 2, NULL, NULL, 'LXTQ70Z113908286DB1601', NULL, NULL, 27, '39', NULL, NULL, 19, NULL, NULL, NULL, 1264, NULL, 'Ghani', NULL, NULL, '2012-03-05', 1, NULL, 'M', NULL, NULL),
(1789, 'ICT1789', NULL, 'ACER TM6793-842G25', 1, 1, 2, NULL, NULL, 'LXTQ70Z11390824A211601', NULL, NULL, 27, '059', NULL, NULL, 232, NULL, NULL, NULL, 1264, NULL, 'uprm', NULL, 1, NULL, NULL, NULL, 'M', NULL, NULL),
(1790, 'ICT1790', NULL, 'ACER TM6793-842G25', 8, 1, 2, NULL, NULL, 'LXTQ70Z113909087991601', NULL, NULL, 27, NULL, NULL, NULL, 263, NULL, NULL, NULL, 1264, NULL, NULL, NULL, 1, '2014-08-28', 5, 'TENDER 2 / 2014', 'M', NULL, NULL),
(1791, 'ICT1791', NULL, 'ACER TM6793-842G25', 8, 1, 2, NULL, NULL, 'LXTQ70Z11390824A1F1601', NULL, NULL, 27, NULL, NULL, NULL, 263, NULL, NULL, NULL, 1264, NULL, NULL, NULL, 1, '2014-08-28', 5, 'TENDER 2 / 2014', 'M', NULL, NULL),
(1792, 'ICT1792', NULL, 'NOTEBOOK ACER TM6793-842G25', 1, 1, 2, NULL, NULL, 'LXTQ70Z1139082862A1601', NULL, NULL, 27, '070', NULL, 3345, 222, NULL, NULL, NULL, 1264, NULL, 'NORMAN1', NULL, 1, NULL, NULL, NULL, 'M', NULL, NULL),
(1793, 'ICT1793', NULL, 'ACER TM6793-842G25', 8, 1, 2, NULL, NULL, 'LXTQ70Z11390824C301601', NULL, NULL, 27, NULL, NULL, NULL, 263, NULL, NULL, NULL, 1264, NULL, NULL, NULL, 1, '2014-08-28', 5, 'TENDER 2 / 2014', 'M', NULL, NULL),
(1794, 'ICT1794', NULL, 'ACER TM6793-842G25', 8, 1, 2, NULL, NULL, 'LXTQ70Z11390824A251601', NULL, NULL, 27, NULL, NULL, NULL, 263, NULL, NULL, NULL, 1264, NULL, NULL, NULL, 1, '2014-08-28', 5, 'TENDER 2 / 2014', 'M', NULL, NULL),
(1795, 'ICT1795', NULL, 'ACER TM6793-842G25', 8, 1, 2, NULL, NULL, 'LXTQ70Z11390824A1A1601', NULL, NULL, 27, NULL, NULL, NULL, 263, NULL, NULL, NULL, 1264, NULL, NULL, NULL, 1, '2014-09-05', 5, 'TENDER 2 /2014', 'M', NULL, NULL),
(1805, 'ICT1805', NULL, 'TALLY 5040', 1, 1, 4, NULL, NULL, '9010A14497', NULL, NULL, 19, NULL, NULL, NULL, 267, NULL, NULL, NULL, 1240, NULL, NULL, NULL, NULL, NULL, NULL, NULL, 'L', NULL, NULL),
(1806, 'ICT1806', NULL, 'TALLY 5040', 1, 1, 4, NULL, NULL, '9010A14514', NULL, NULL, 19, '213', NULL, NULL, 219, NULL, NULL, NULL, 1240, NULL, 'nizam', NULL, 1, NULL, NULL, NULL, 'L', NULL, NULL),
(1807, 'ICT1807', NULL, 'TALLY 5040', 9, 1, 4, NULL, NULL, '9010A14501', NULL, NULL, 19, NULL, NULL, NULL, 267, NULL, NULL, NULL, 1240, NULL, NULL, NULL, NULL, NULL, NULL, NULL, 'L', NULL, NULL),
(1808, 'ICT1808', NULL, 'TALLY 5040', 1, 1, 4, NULL, NULL, '9010A14496', NULL, NULL, 19, NULL, NULL, NULL, 248, NULL, NULL, NULL, 1240, NULL, NULL, NULL, NULL, NULL, NULL, NULL, 'L', NULL, NULL),
(1809, 'ICT1809', NULL, 'TALLY 5040', 8, 1, 4, NULL, NULL, '9010A14518', NULL, NULL, 19, NULL, NULL, NULL, 263, NULL, NULL, NULL, 1240, NULL, NULL, NULL, NULL, '2014-09-05', 5, 'TENDER 2 /2014', 'L', NULL, NULL),
(1810, 'ICT1810', NULL, 'TALLY 5040', 8, 1, 4, NULL, NULL, '9010A14517', NULL, NULL, 19, NULL, NULL, NULL, 263, NULL, NULL, NULL, 1240, NULL, NULL, NULL, 1, '2014-09-05', 5, 'TENDER 2 /2014', 'L', NULL, NULL),
(1811, 'ICT1811', NULL, 'TALLY 5040', 9, 1, 4, NULL, NULL, '9010A14548', NULL, NULL, 19, '116', NULL, NULL, 226, NULL, NULL, NULL, 1240, NULL, NULL, NULL, 1, NULL, NULL, NULL, 'L', NULL, NULL),
(1812, 'ICT1812', NULL, 'TALLY 5040', 1, 1, 4, NULL, NULL, '9010A14522', NULL, NULL, 19, NULL, NULL, NULL, 248, NULL, NULL, NULL, 1240, NULL, NULL, NULL, 1, NULL, NULL, NULL, 'L', NULL, NULL),
(1813, 'ICT1813', NULL, 'TALLY 5040', 9, 1, 4, NULL, NULL, '9010A14520', NULL, NULL, 19, NULL, NULL, NULL, 226, NULL, NULL, NULL, 1240, NULL, NULL, NULL, 1, NULL, NULL, NULL, 'L', NULL, NULL),
(1814, 'ICT1814', NULL, 'TALLY 5040', 1, 1, 4, NULL, NULL, '9010A14507', NULL, NULL, 19, NULL, NULL, 3400, 248, NULL, NULL, NULL, 1240, NULL, NULL, NULL, NULL, NULL, NULL, NULL, 'L', NULL, NULL),
(1825, 'ICT1825', NULL, 'ASPIRE M1201-242P', 8, 1, 1, '2008-07-23', NULL, '828051162701', NULL, '6603', 27, NULL, NULL, 1925, 263, NULL, NULL, NULL, 1400, NULL, NULL, NULL, 1, '2014-08-28', 5, 'TENDER 2 / 2014', 'M', NULL, NULL),
(1826, 'ICT1826', NULL, 'ASPIRE M1201-242P', 1, 1, 1, '2008-07-23', NULL, 'E832007', NULL, '6603', 27, 'KS015', NULL, 1925, 232, NULL, NULL, NULL, 1400, NULL, 'praktikal11', NULL, 1, NULL, NULL, NULL, 'M', NULL, NULL),
(1827, 'ICT1827', NULL, 'ASPIRE M1201-242P', 1, 1, 1, '2008-07-23', NULL, '50E72701', NULL, '6603', 27, '059', NULL, 1925, 236, NULL, NULL, NULL, 1400, NULL, 'kaunter6mn', NULL, 1, NULL, NULL, NULL, 'M', NULL, NULL),
(1828, 'ICT1828', NULL, 'ASPIRE M1201-242P', 9, 1, 1, '2008-07-23', NULL, 'PTSAY0C001828051142701', NULL, '6603', 27, NULL, NULL, 1925, 263, NULL, NULL, NULL, 1400, NULL, NULL, NULL, 1, NULL, NULL, NULL, 'M', NULL, NULL),
(1829, 'ICT1829', NULL, 'ASPIRE M1201-242P', 9, 1, 1, '2008-07-23', NULL, '050F02701', NULL, '6603', 27, NULL, NULL, 1925, 263, NULL, NULL, NULL, 1400, NULL, NULL, NULL, 1, NULL, NULL, NULL, 'M', NULL, NULL),
(1830, 'ICT1830', NULL, 'ASPIRE M1201-242P', 9, 1, 1, '2008-07-23', NULL, 'PTSAY0C001828050E62701', NULL, '6603', 27, NULL, NULL, 1925, 263, NULL, NULL, NULL, 1400, NULL, NULL, NULL, 1, NULL, NULL, NULL, 'M', NULL, NULL),
(1831, 'ICT1831', NULL, 'ASPIRE M1201-242P', 1, 1, 1, '2008-07-23', NULL, 'E832025', NULL, '6603', 27, NULL, NULL, 1925, 267, NULL, NULL, NULL, 1400, NULL, NULL, NULL, 1, NULL, NULL, NULL, 'M', NULL, NULL),
(1832, 'ICT1832', NULL, 'ASPIRE M1201-242P', 9, 1, 1, '2008-07-23', NULL, 'F12701', NULL, '6603', 27, NULL, NULL, 1925, 263, NULL, NULL, NULL, 1400, NULL, NULL, NULL, 1, NULL, NULL, NULL, 'M', NULL, NULL),
(1833, 'ICT1833', NULL, 'ASPIRE M1201-242P', 8, 1, 1, '2008-07-23', NULL, 'PTSAY0C001828051132701', NULL, '6603', 27, NULL, NULL, 1925, 263, NULL, NULL, NULL, 1400, NULL, NULL, NULL, 1, '2014-08-28', 5, 'TENDER 2 / 2014', 'M', NULL, NULL),
(1834, 'ICT1834', NULL, 'ASPIRE M1201-242P', 8, 1, 1, '2008-07-23', NULL, 'F32701', NULL, '6603', 27, NULL, NULL, 1925, 263, NULL, NULL, NULL, 1400, NULL, NULL, NULL, 1, '2014-08-28', 5, 'TENDER 2 / 2014', 'M', NULL, NULL),
(1835, 'ICT1835', NULL, 'ASPIRE M1201-242P', 8, 1, 1, '2008-07-23', NULL, 'PTSAY0C0018280511C2701', NULL, '6603', 27, NULL, NULL, 1925, 263, NULL, NULL, NULL, 1400, NULL, NULL, NULL, 1, '2014-08-28', 5, 'TENDER 2 / 2014', 'M', NULL, NULL),
(1836, 'ICT1836', NULL, 'ASPIRE M1201-242P', 8, 1, 1, '2008-07-23', NULL, 'PTSAY0C001828050F42701', NULL, '6603', 27, NULL, NULL, 1925, 263, NULL, NULL, NULL, 1400, NULL, NULL, NULL, 1, '2014-08-28', 5, 'TENDER 2 / 2014', 'M', NULL, NULL),
(1837, 'ICT1837', NULL, 'ASPIRE M1201-242P', 1, 1, 1, '2008-07-23', NULL, 'PTSAY0C0018280510A2701', NULL, '6603', 27, 'KS014', NULL, 1925, 232, NULL, NULL, NULL, 1400, NULL, 'praktikal12', NULL, 1, NULL, NULL, NULL, 'M', NULL, NULL),
(1838, 'ICT1838', NULL, 'ASPIRE M1201-242P', 1, 1, 1, '2008-07-23', NULL, 'PTSAY0C001828050B92701', NULL, '6603', 27, '214', NULL, 1925, 228, NULL, NULL, NULL, 1400, NULL, 'praktikal13', NULL, 1, NULL, NULL, NULL, 'M', NULL, NULL),
(1839, 'ICT1839', NULL, 'ASPIRE M1201-242P', 9, 1, 1, '2008-07-23', NULL, 'PTSAY0C001828050F62701', NULL, '6603', 27, NULL, NULL, 1925, 263, NULL, NULL, NULL, 1400, NULL, NULL, NULL, 1, NULL, NULL, NULL, 'M', NULL, NULL),
(1840, 'ICT1840', NULL, 'ASPIRE M1201-242P', 8, 1, 1, '2008-07-23', NULL, 'PTSAY0C001828051122701', NULL, '6603', 27, NULL, NULL, 1925, 263, NULL, NULL, NULL, 1400, NULL, NULL, NULL, 1, '2014-08-28', 5, 'TENDER 2 / 2014', 'M', NULL, NULL),
(1841, 'ICT1841', NULL, 'ASPIRE M1201-242P', 8, 1, 1, '2008-07-23', NULL, 'PTSAY0C001828050EA2701', NULL, '6603', 27, NULL, NULL, 1925, 263, NULL, NULL, NULL, 1400, NULL, NULL, NULL, 1, '2014-08-28', 5, 'TENDER 2 / 2014', 'M', NULL, NULL),
(1842, 'ICT1842', NULL, 'ASPIRE M1201-242P', 1, 1, 1, '2008-07-23', NULL, 'PTSAY0C001828051192701', NULL, '6603', 27, 'P120', NULL, 1925, 228, NULL, NULL, NULL, 1400, NULL, 'praktikal4', NULL, 1, NULL, NULL, NULL, 'M', NULL, NULL),
(1843, 'ICT1843', NULL, 'ASPIRE M1201-242P', 9, 1, 1, '2008-07-23', NULL, 'PTSAY0C001828050ED2701', NULL, '6603', 27, NULL, NULL, 1925, 263, NULL, NULL, NULL, 1400, NULL, NULL, NULL, 1, NULL, NULL, NULL, 'M', NULL, NULL),
(1844, 'ICT1844', NULL, 'ASPIRE M1201-242P', 9, 1, 1, '2008-07-23', NULL, 'PTSAY0C0018280510E2701', NULL, '6603', 27, NULL, NULL, 1925, 263, NULL, NULL, NULL, 1400, NULL, NULL, NULL, 1, NULL, NULL, NULL, 'M', NULL, NULL),
(1845, 'ICT1845', NULL, 'ASPIRE M1201-242P', 8, 1, 1, '2008-07-23', NULL, 'PTSAY0C001828050F52701', NULL, '6603', 27, NULL, NULL, 1925, 263, NULL, NULL, NULL, 1400, NULL, NULL, NULL, 1, '2014-08-28', 5, 'TENDER 2 / 2014', 'M', NULL, NULL),
(1846, 'ICT1846', NULL, 'ASPIRE M1201-242P', 8, 1, 1, '2008-07-23', NULL, 'PTSAY0C00182850FD2701', NULL, '6603', 27, '168', NULL, 1925, 212, NULL, NULL, NULL, 1400, NULL, 'azmatun', NULL, 1, '2014-08-28', 5, 'TENDER 2 / 2014', 'M', NULL, NULL),
(1847, 'ICT1847', NULL, 'ASPIRE M1201-242P', 1, 1, 1, '2008-07-23', NULL, 'PTSAY0C001828050EB2701', NULL, '6603', 27, '162', NULL, 1925, 229, NULL, NULL, NULL, 1400, NULL, 'praktikal13', NULL, 1, NULL, NULL, NULL, 'M', NULL, NULL),
(1848, 'ICT1848', NULL, 'ASPIRE M1201-242P', 9, 1, 1, '2008-07-23', NULL, 'PTSAY0C00182804E7C2701', NULL, '6603', 27, NULL, NULL, 1925, 225, NULL, NULL, NULL, 1400, NULL, 'praktikal13', NULL, 1, '2014-08-28', 5, 'TENDER 2 / 2014', 'M', NULL, NULL),
(1849, 'ICT1849', NULL, 'ASPIRE M1201-242P', 9, 1, 1, '2008-07-23', NULL, '828051172701', NULL, '6603', 27, NULL, NULL, 1925, 263, NULL, NULL, NULL, 1400, NULL, NULL, NULL, 1, NULL, NULL, NULL, 'M', NULL, NULL),
(1850, 'ICT1850', NULL, 'ASPIRE M1201-242P', 1, 1, 1, '2008-07-23', NULL, 'PTSAY0C0018280512D2701', NULL, '6603', 27, '059', NULL, 1925, 234, NULL, NULL, NULL, 1400, NULL, NULL, NULL, 1, NULL, NULL, NULL, 'M', NULL, NULL),
(1851, 'ICT1851', NULL, 'ASPIRE M1201-242P', 1, 1, 1, '2008-07-23', NULL, 'PTSAY0C001828050FE2701', NULL, '6603', 27, NULL, NULL, 1925, 267, NULL, NULL, NULL, 1400, NULL, 'qms', NULL, 1, NULL, NULL, NULL, 'M', NULL, NULL),
(1865, 'ICT1865', NULL, 'ACER TRAVELMATE 6493', 1, 1, 2, NULL, NULL, 'LXTQ70Z3989462441F1601', NULL, NULL, 27, '078', NULL, NULL, 211, NULL, NULL, NULL, 1403, NULL, 'shah', NULL, 1, NULL, NULL, NULL, 'M', NULL, NULL),
(1885, 'ICT1885', NULL, 'SAMSUNG SCX-4521F ALL IN ONE', 9, 1, 4, NULL, NULL, '8P75BAXS40003K', NULL, NULL, 32, NULL, NULL, NULL, 263, NULL, NULL, NULL, 1415, NULL, NULL, NULL, NULL, NULL, NULL, NULL, 'L', NULL, NULL),
(1905, 'ICT1905', NULL, 'SAMSUNG SCX-4521F ALL IN ONE', 1, 1, 4, NULL, NULL, '8P75BAJSA02201D', NULL, NULL, 32, '059', NULL, NULL, 239, NULL, NULL, NULL, 1415, NULL, 'mtdi4', NULL, NULL, NULL, NULL, NULL, 'L', NULL, NULL),
(1925, 'ICT1925', NULL, 'BROADBAND WIMAX /ACC 102621414', 11, 1, 28, NULL, NULL, 'DVKZI3812483/USPKT093704253', NULL, NULL, NULL, NULL, NULL, NULL, 248, NULL, NULL, NULL, 1435, NULL, NULL, NULL, NULL, NULL, NULL, NULL, 'L', NULL, NULL),
(1945, 'ICT1945', NULL, 'ALAT TIMBANG EMAS BL3200H', 6, 1, 10, NULL, NULL, 'D455300423', NULL, NULL, 35, '059', NULL, NULL, 199, NULL, NULL, NULL, NULL, NULL, NULL, NULL, NULL, NULL, NULL, NULL, 'L', NULL, NULL),
(1946, 'ICT1946', NULL, 'ALAT TIMBANG EMAS BL3200H', 6, 1, 10, NULL, NULL, 'D455300457', NULL, NULL, 35, '059', NULL, NULL, 238, NULL, NULL, NULL, NULL, NULL, NULL, NULL, NULL, NULL, NULL, NULL, 'L', NULL, NULL),
(1965, 'ICT1965', NULL, 'HP LASERJET P1006', 1, 1, 4, NULL, NULL, 'VNC4C48898', NULL, NULL, 17, '144', NULL, NULL, 234, NULL, NULL, NULL, 1243, NULL, 'sobri', NULL, NULL, NULL, NULL, NULL, 'L', NULL, NULL),
(1985, 'ICT1985', NULL, 'SAMSUNG SCX-4521F ALL IN ONE', 1, 1, 4, NULL, NULL, '8P75BAJSA01887R', NULL, NULL, 32, NULL, NULL, NULL, 267, NULL, NULL, NULL, 1415, NULL, 'mtdi2', NULL, NULL, NULL, NULL, NULL, 'L', NULL, NULL),
(2005, 'ICT2005', NULL, 'ACER-ASPIRE M1201-242L', 1, 1, 1, NULL, NULL, 'SAY0C005LE842020', NULL, NULL, 27, '178', NULL, NULL, 219, NULL, NULL, NULL, 1396, NULL, 'noraiman', NULL, 1, NULL, NULL, NULL, 'M', NULL, NULL),
(2006, 'ICT2006', NULL, 'ACER-ASPIRE M1201-242L', 1, 1, 1, NULL, NULL, 'SAY0C005LE842006', NULL, NULL, 27, NULL, NULL, NULL, 228, NULL, NULL, NULL, 1396, NULL, NULL, NULL, 2, NULL, NULL, NULL, 'M', NULL, NULL),
(2007, 'ICT2007', NULL, 'ACER-ASPIRE M1201-242L', 8, 1, 1, NULL, NULL, 'SAY0C005LE842007', NULL, NULL, 27, NULL, NULL, NULL, 263, NULL, NULL, NULL, 1396, NULL, NULL, NULL, 1, '2014-08-28', 5, 'TENDER 2 / 2014', 'M', NULL, NULL),
(2008, 'ICT2008', NULL, 'ACER-ASPIRE M1201-242L', 1, 1, 1, NULL, NULL, 'SAY0C005LE842027', NULL, NULL, 27, NULL, NULL, NULL, 248, NULL, NULL, NULL, 1396, NULL, NULL, NULL, 1, NULL, NULL, NULL, 'M', NULL, NULL),
(2009, 'ICT2009', NULL, 'ACER-ASPIRE M1201-242L', 9, 1, 1, NULL, NULL, 'SAY0C005LE842003', NULL, NULL, 27, NULL, NULL, NULL, 263, NULL, NULL, NULL, 1396, NULL, NULL, NULL, 1, NULL, NULL, NULL, 'M', NULL, NULL),
(2010, 'ICT2010', NULL, 'ACER-ASPIRE M1201-242L', 8, 1, 1, NULL, NULL, 'SAY0C005LE842021', NULL, NULL, 27, NULL, NULL, NULL, 263, NULL, NULL, NULL, 1396, NULL, NULL, NULL, 1, '2014-08-28', 5, 'TENDER 2 / 2014', 'M', NULL, NULL),
(2011, 'ICT2011', NULL, 'ACER-ASPIRE M1201-242L', 8, 1, 1, NULL, NULL, 'SAY0C005LE842013', NULL, NULL, 27, NULL, NULL, NULL, 263, NULL, NULL, NULL, 1396, NULL, NULL, NULL, 1, '2014-08-28', 5, 'TENDER 2 / 2014', 'M', NULL, NULL),
(2012, 'ICT2012', NULL, 'ACER-ASPIRE M1201-242L', 8, 1, 1, NULL, NULL, 'E842028', NULL, NULL, 27, NULL, NULL, NULL, 263, NULL, NULL, NULL, 1396, NULL, NULL, NULL, 1, '2014-08-28', 5, 'TENDER 2 / 2014', 'M', NULL, NULL),
(2013, 'ICT2013', NULL, 'ACER-ASPIRE M1201-242L', 8, 1, 1, NULL, NULL, 'SAY0C005LE842018', NULL, NULL, 27, NULL, NULL, NULL, 263, NULL, NULL, NULL, 1396, NULL, NULL, NULL, 1, '2014-08-28', 5, 'TENDER 2 / 2014', 'M', NULL, NULL),
(2014, 'ICT2014', NULL, 'ACER-ASPIRE M1201-242L', 8, 1, 1, NULL, NULL, 'SAY0C005LE842023', NULL, NULL, 27, NULL, NULL, NULL, 263, NULL, NULL, NULL, 1396, NULL, NULL, NULL, 1, '2014-08-28', 5, 'TENDER 2 / 2014', 'M', NULL, NULL),
(2015, 'ICT2015', NULL, 'ACER-ASPIRE M1201-242L', 1, 1, 1, NULL, NULL, 'SAY0C005LE842026', NULL, NULL, 27, NULL, NULL, NULL, 248, NULL, NULL, NULL, 1396, NULL, NULL, NULL, 1, NULL, NULL, NULL, 'M', NULL, NULL),
(2016, 'ICT2016', NULL, 'ACER-ASPIRE M1201-242L', 9, 1, 1, NULL, NULL, 'SAY0C005LE842008', NULL, NULL, 27, NULL, NULL, NULL, 263, NULL, NULL, NULL, 1396, NULL, NULL, NULL, 1, NULL, NULL, NULL, 'M', NULL, NULL),
(2017, 'ICT2017', NULL, 'ACER-ASPIRE M1201-242L', 1, 1, 1, NULL, NULL, 'SAY0C005LE842030', NULL, NULL, 27, '146', NULL, NULL, 212, NULL, NULL, NULL, 1396, NULL, 'liyana', NULL, 1, NULL, NULL, NULL, 'M', NULL, NULL),
(2018, 'ICT2018', NULL, 'ACER-ASPIRE M1201-242L', 1, 1, 1, NULL, NULL, 'SAY0C005LE842012', NULL, NULL, 27, '195', NULL, NULL, 228, NULL, NULL, NULL, 1396, NULL, 'hidayah', NULL, 1, NULL, NULL, NULL, 'M', NULL, NULL),
(2019, 'ICT2019', NULL, 'ACER-ASPIRE M1201-242L', 1, 1, 1, NULL, NULL, 'E842005', NULL, NULL, 27, NULL, NULL, NULL, 212, NULL, NULL, NULL, 1396, NULL, 'upsm2', NULL, 1, NULL, NULL, NULL, 'M', NULL, NULL),
(2020, 'ICT2020', NULL, 'ACER-ASPIRE M1201-242L', 9, 1, 1, NULL, NULL, 'SAY0C005LE842014', NULL, NULL, 27, NULL, NULL, NULL, 263, NULL, NULL, NULL, 1396, NULL, NULL, NULL, 1, NULL, NULL, NULL, 'M', NULL, NULL),
(2021, 'ICT2021', NULL, 'ACER-ASPIRE M1201-242L', 9, 1, 1, NULL, NULL, 'SAY0C005LE842019', NULL, NULL, 27, NULL, NULL, NULL, 263, NULL, NULL, NULL, 1396, NULL, NULL, NULL, 1, NULL, NULL, NULL, 'M', NULL, NULL),
(2022, 'ICT2022', NULL, 'ACER-ASPIRE M1201-242L', 8, 1, 1, NULL, NULL, 'E842004', NULL, NULL, 27, NULL, NULL, NULL, 263, NULL, NULL, NULL, 1396, NULL, NULL, NULL, 1, '2014-08-28', 5, 'TENDER 2 / 2014', 'M', NULL, NULL),
(2023, 'ICT2023', NULL, 'ACER-ASPIRE M1201-242L', 8, 1, 1, NULL, NULL, 'SAY0C005LE842024', NULL, NULL, 27, NULL, NULL, NULL, 263, NULL, NULL, NULL, 1396, NULL, NULL, NULL, 1, '2014-08-28', 5, 'TENDER 2 / 2014', 'M', NULL, NULL),
(2024, 'ICT2024', NULL, 'ACER-ASPIRE M1201-242L', 9, 1, 1, '2008-09-29', NULL, 'SAY0C005LE842010', NULL, '7323', 27, '059', NULL, 1920, 249, NULL, NULL, NULL, 1396, NULL, NULL, NULL, 1, NULL, NULL, NULL, 'M', NULL, NULL),
(2025, 'ICT2025', NULL, 'ACER-ASPIRE M1201-242L', 8, 1, 1, NULL, NULL, 'E842015', NULL, NULL, 27, NULL, NULL, NULL, 263, NULL, NULL, NULL, 1396, NULL, NULL, NULL, 1, '2014-08-28', 5, 'TENDER 2 / 2014', 'M', NULL, NULL),
(2026, 'ICT2026', NULL, 'ACER-ASPIRE M1201-242L', 8, 1, 1, NULL, NULL, '5LE842016', NULL, NULL, 27, NULL, NULL, NULL, 263, NULL, NULL, NULL, 1396, NULL, NULL, NULL, 1, '2014-08-28', 5, 'TENDER 2 / 2014', 'M', NULL, NULL),
(2027, 'ICT2027', NULL, 'ACER-ASPIRE M1201-242L', 1, 1, 1, NULL, NULL, 'SAY0C005LE842031', NULL, NULL, 27, '059', NULL, NULL, 267, NULL, NULL, NULL, 1396, NULL, 'kiosk', NULL, 1, NULL, NULL, NULL, 'M', NULL, NULL),
(2028, 'ICT2028', NULL, 'ACER-ASPIRE M1201-242L', 2, 1, 1, NULL, NULL, 'SAY0C005LE842029', NULL, NULL, 27, NULL, NULL, NULL, 267, NULL, NULL, NULL, 1396, NULL, NULL, NULL, 1, NULL, NULL, NULL, 'M', NULL, NULL),
(2029, 'ICT2029', NULL, 'ACER ASPIRE M1201-242L', 9, 1, 1, NULL, NULL, 'SAY0C005LE842009', NULL, NULL, 27, NULL, NULL, NULL, 263, NULL, NULL, NULL, 1396, NULL, NULL, NULL, 1, NULL, NULL, NULL, 'M', NULL, NULL),
(2030, 'ICT2030', NULL, 'ACER-ASPIRE M1201-242L', 1, 1, 1, NULL, NULL, 'SAY0C005LE842025', NULL, NULL, 27, '125', NULL, NULL, 212, NULL, NULL, NULL, 1396, NULL, 'isha', NULL, 1, NULL, NULL, NULL, 'M', NULL, NULL),
(2031, 'ICT2031', NULL, 'ACER-ASPIRE M1201-242L', 8, 1, 1, NULL, NULL, 'SAY0C005LE842001', NULL, NULL, 27, NULL, NULL, NULL, 263, NULL, NULL, NULL, 1396, NULL, NULL, NULL, 1, '2014-08-28', 5, 'TENDER 2 / 2014', 'M', NULL, NULL),
(2032, 'ICT2032', NULL, 'ACER ASPIRE M1201-242L', 9, 1, 1, NULL, NULL, 'SAY0C005LE842017', NULL, NULL, 27, NULL, NULL, NULL, 263, NULL, NULL, NULL, 1396, NULL, NULL, NULL, 1, NULL, NULL, NULL, 'M', NULL, NULL),
(2033, 'ICT2033', NULL, 'ACER-ASPIRE M1201-242L', 1, 1, 1, NULL, NULL, 'SAY0C005LE842002', NULL, NULL, 27, NULL, NULL, NULL, 237, NULL, NULL, NULL, 1396, NULL, NULL, NULL, 1, NULL, NULL, NULL, 'M', NULL, NULL),
(2034, 'ICT2034', NULL, 'ACER-ASPIRE M1201-242L', 1, 1, 1, NULL, NULL, 'SAY0C005LE842022', NULL, NULL, 27, NULL, NULL, NULL, 267, NULL, NULL, NULL, 1396, NULL, 'xportal', NULL, 1, NULL, NULL, NULL, 'M', NULL, NULL),
(2035, 'ICT2035', NULL, 'ACER-ASPIRE M1201-242L', 8, 1, 1, NULL, NULL, 'SAY0C005LE842011', NULL, NULL, 27, NULL, NULL, NULL, 263, NULL, NULL, NULL, 1396, NULL, NULL, NULL, 1, '2014-08-28', 5, 'TENDER 2 / 2014', 'M', NULL, NULL),
(2045, 'ICT2045', NULL, 'TALLY 5040', 8, 1, 4, NULL, NULL, '805CA06282', NULL, NULL, 19, NULL, NULL, NULL, 263, NULL, NULL, NULL, NULL, NULL, NULL, NULL, NULL, '2014-09-05', 5, 'TENDER 2 /2014', 'L', NULL, NULL),
(2065, 'ICT2065', NULL, 'TALLY 5040', 8, 1, 4, NULL, NULL, '805CA06911', NULL, NULL, 19, NULL, NULL, NULL, 263, NULL, NULL, NULL, 1402, NULL, NULL, NULL, NULL, '2014-09-05', 5, 'TENDER 2 /2014', 'L', NULL, NULL),
(2066, 'ICT2066', NULL, 'TALLY 5040', 8, 1, 4, NULL, NULL, '910CA11682', NULL, NULL, 19, NULL, NULL, NULL, 263, NULL, NULL, NULL, 1402, NULL, NULL, NULL, NULL, '2014-09-05', 5, 'TENDER 2 /2014', 'L', NULL, NULL),
(2067, 'ICT2067', NULL, 'TALLY 5040', 1, 1, 4, NULL, NULL, 'A11699', NULL, NULL, 19, NULL, NULL, 3575, 249, NULL, NULL, NULL, 1402, NULL, 'praktikal7', NULL, 1, NULL, NULL, NULL, 'L', NULL, NULL),
(2068, 'ICT2068', NULL, 'TALLY 5040', 8, 1, 4, NULL, NULL, '805CA06979', NULL, NULL, 19, NULL, NULL, NULL, 263, NULL, NULL, NULL, 1402, NULL, NULL, NULL, NULL, '2014-09-05', 5, 'TENDER 2 /2014', 'L', NULL, NULL),
(2069, 'ICT2069', NULL, 'ACER VERITON M480-275B', 1, 1, 1, NULL, NULL, 'V76030023E950002', NULL, NULL, 27, '112', NULL, NULL, 244, NULL, NULL, NULL, 1401, NULL, 'praktikal1', NULL, 1, NULL, NULL, NULL, 'M', NULL, NULL),
(2085, 'ICT2085', NULL, 'ACER VERITON M480-275B', 8, 1, 1, NULL, NULL, 'V76030023E950001', NULL, NULL, 27, NULL, NULL, NULL, 263, NULL, NULL, NULL, 1401, NULL, NULL, NULL, 1, '2014-08-28', 5, 'TENDER 2 / 2014', 'M', NULL, NULL),
(2086, 'ICT2086', NULL, 'ACER VERITON M480-275B', 8, 1, 1, NULL, NULL, 'V76030023E950005', NULL, NULL, 27, NULL, NULL, NULL, 263, NULL, NULL, NULL, 1401, NULL, NULL, NULL, 1, '2014-08-28', 5, 'TENDER 2 / 2014', 'M', NULL, NULL),
(2087, 'ICT2087', NULL, 'ACER VERITON M480-275B', 8, 1, 1, NULL, NULL, 'V76030023E950004', NULL, NULL, 27, NULL, NULL, NULL, 263, NULL, NULL, NULL, 1401, NULL, NULL, NULL, 1, '2014-08-28', 5, 'TENDER 2 / 2014', 'M', NULL, NULL),
(2088, 'ICT2088', NULL, 'ACER VERITON M480-275B', 1, 1, 1, NULL, NULL, 'E950003', NULL, NULL, 27, '220', NULL, NULL, 232, NULL, NULL, NULL, 1401, NULL, 'munirah', NULL, 1, NULL, NULL, NULL, 'M', NULL, NULL);
INSERT INTO `assets` (`asset_id`, `ict_id`, `harta_id`, `butiran`, `status`, `kod_kategori`, `kod_sub_kategori`, `tkh_beli`, `tkh_jaminan`, `no_siri`, `no_invoice`, `no_rujukan`, `jenama`, `emp_id`, `kod_pembekal`, `harga_beli`, `lokasi_id`, `ipaddress`, `catatan`, `ict_no_master`, `pembelian_id`, `kod_pinjam`, `pengguna_id`, `kod_lesen`, `kod_auditict`, `tkh_disposed`, `kod_alasan_disp`, `catat_disp`, `kod_tahaprisiko`, `created_at`, `updated_at`) VALUES
(2105, 'ICT2105', NULL, 'FUJI XEROX PHASER 3435DN', 1, 1, 4, NULL, NULL, 'RVX261757', NULL, NULL, 49, '004', NULL, NULL, 219, NULL, NULL, NULL, 1475, NULL, 'wan', NULL, NULL, NULL, NULL, NULL, 'L', NULL, NULL),
(2106, 'ICT2106', NULL, 'FUJI XEROX PHASER 3435DN', 1, 1, 4, NULL, NULL, 'RVX261749', NULL, NULL, 49, '056', NULL, NULL, 232, NULL, NULL, NULL, 1475, NULL, 'Fatimah', NULL, 1, NULL, NULL, NULL, 'L', NULL, NULL),
(2107, 'ICT2107', NULL, 'FUJI XEROX PHASER 3435DN', 1, 1, 4, NULL, NULL, 'RVX261722', NULL, NULL, 49, '212', NULL, NULL, 218, NULL, NULL, NULL, 1475, NULL, NULL, NULL, NULL, NULL, NULL, NULL, 'L', NULL, NULL),
(2108, 'ICT2108', NULL, 'FUJI XEROX PHASER 3435DN', 1, 1, 4, '2010-05-14', NULL, 'RVX261752', NULL, '16169', 49, '108', NULL, 1510, 249, NULL, NULL, NULL, 1475, NULL, 'faridah', NULL, 1, NULL, NULL, NULL, 'L', NULL, NULL),
(2125, 'ICT2125', NULL, 'Prestigo 375S Sanoma 533 MHz (2MB)', 8, 1, 2, NULL, NULL, 'nKM375S05C01820', NULL, NULL, 8, NULL, NULL, NULL, 100, NULL, NULL, NULL, 210, NULL, NULL, NULL, NULL, '2010-12-24', 3, NULL, 'M', NULL, NULL),
(2145, 'ICT2145', NULL, 'ACER VERITON M480', 1, 1, 1, NULL, NULL, 'E010003', NULL, NULL, 27, '110', NULL, NULL, 225, NULL, NULL, NULL, 1462, NULL, 'rafidah', NULL, 1, NULL, NULL, NULL, 'M', NULL, NULL),
(2146, 'ICT2146', NULL, 'ACER VERITON M480', 1, 1, 1, NULL, NULL, 'V76031333E010001', NULL, NULL, 27, '215', NULL, NULL, 262, NULL, NULL, NULL, 1462, NULL, 'ruzana', NULL, 1, NULL, NULL, NULL, 'M', NULL, NULL),
(2147, 'ICT2147', NULL, 'ACER VERITON M480', 1, 1, 1, NULL, NULL, 'E010006', NULL, NULL, 27, '170', NULL, NULL, 233, NULL, NULL, NULL, 1462, NULL, 'hatini', NULL, 1, NULL, NULL, NULL, 'M', NULL, NULL),
(2148, 'ICT2148', NULL, 'ACER VERITON M480', 1, 1, 1, NULL, NULL, 'V76031333E010005', NULL, NULL, 27, '095', NULL, NULL, 212, NULL, NULL, NULL, 1462, NULL, 'amir', NULL, 1, NULL, NULL, NULL, 'M', NULL, NULL),
(2149, 'ICT2149', NULL, 'ACER VERITON M480', 4, 1, 1, NULL, NULL, 'E010007', NULL, NULL, 27, '213', NULL, NULL, 248, NULL, NULL, NULL, 1462, NULL, 'login5', NULL, 1, NULL, NULL, NULL, 'M', NULL, NULL),
(2150, 'ICT2150', NULL, 'ACER VERITON M480', 8, 1, 1, NULL, NULL, 'V76031333E010008', NULL, NULL, 27, NULL, NULL, NULL, 263, NULL, NULL, NULL, 1462, NULL, NULL, NULL, 1, '2014-08-28', 5, 'TENDER 2 / 2014', 'M', NULL, NULL),
(2151, 'ICT2151', NULL, 'ACER VERITON M480', 1, 1, 1, NULL, NULL, 'E010002', NULL, NULL, 27, '208', NULL, NULL, 219, NULL, NULL, NULL, 1462, NULL, 'haidah', NULL, 1, NULL, NULL, NULL, 'M', NULL, NULL),
(2152, 'ICT2152', NULL, 'ACER VERITON M480', 1, 1, 1, NULL, NULL, 'V76031333E010010', NULL, NULL, 27, NULL, NULL, NULL, 212, NULL, NULL, NULL, 1462, NULL, 'upsm1', NULL, 1, NULL, NULL, NULL, 'M', NULL, NULL),
(2153, 'ICT2153', NULL, 'ACER VERITON M480', 1, 1, 1, NULL, NULL, 'V76031333E010009', NULL, NULL, 27, '059', NULL, NULL, 234, NULL, NULL, NULL, 1462, NULL, 'stok', NULL, 1, NULL, NULL, NULL, 'M', NULL, NULL),
(2154, 'ICT2154', NULL, 'ACER VERITON M480', 8, 1, 1, NULL, NULL, 'V76031333E010004', NULL, NULL, 27, NULL, NULL, NULL, 263, NULL, NULL, NULL, 1462, NULL, NULL, NULL, 1, '2014-08-28', 5, 'TENDER 2 / 2014', 'M', NULL, NULL),
(2165, 'ICT2165', NULL, 'ACER ASPIRE L320-263 SMALL DESKTOP', 8, 1, 1, NULL, NULL, 'PST720C003722047892701', NULL, NULL, 27, NULL, NULL, NULL, 199, NULL, NULL, NULL, 1675, NULL, NULL, NULL, NULL, '2013-05-31', 1, 'KEROSAKAN', 'M', NULL, NULL),
(2166, 'ICT2166', NULL, 'ACER ASPIRE L320-263 SMALL DESKTOP', 9, 1, 1, NULL, NULL, 'PST720C003722047122701', NULL, NULL, 27, NULL, NULL, NULL, 267, NULL, NULL, NULL, 1675, NULL, NULL, NULL, NULL, NULL, NULL, NULL, 'M', NULL, NULL),
(2167, 'ICT2167', NULL, 'ACER ASPIRE L320-263 SMALL DESKTOP', 9, 1, 1, NULL, NULL, 'PST720C003722047352701', NULL, NULL, 27, NULL, NULL, NULL, 267, NULL, NULL, NULL, 1675, NULL, NULL, NULL, NULL, NULL, NULL, NULL, 'M', NULL, NULL),
(2168, 'ICT2168', NULL, 'NOTEBOOK ACER TRAVELMATE 6493-862G32', 1, 1, 2, NULL, NULL, 'LXTQ70Z398941590781601', NULL, NULL, 27, '070', NULL, NULL, 248, NULL, NULL, NULL, 1404, NULL, 'pinjam1', NULL, 1, NULL, NULL, NULL, 'M', NULL, NULL),
(2169, 'ICT2169', NULL, 'NOTEBOOK ACER TRAVELMATE 6493-862G32', 8, 1, 2, NULL, NULL, 'LXTQ70Z398941590621601', NULL, NULL, 27, NULL, NULL, NULL, 263, NULL, NULL, NULL, 1404, NULL, NULL, NULL, 1, '2014-09-05', 5, 'TENDER 2 /2014', 'M', NULL, NULL),
(2185, 'ICT2185', NULL, 'PROJEKTOR ACER MODEL P1200', 1, 1, 7, NULL, NULL, 'EYK1601003020040C35901', NULL, NULL, 27, NULL, NULL, NULL, 222, NULL, NULL, NULL, 1755, NULL, NULL, NULL, NULL, NULL, NULL, NULL, 'L', NULL, NULL),
(2186, 'ICT2186', NULL, 'PROJEKTOR ACER MODEL P1200', 1, 1, 7, NULL, NULL, 'EYK1601003020040C45901', NULL, NULL, 27, '116', NULL, NULL, 226, NULL, NULL, NULL, 1755, NULL, 'shahrizal', NULL, NULL, NULL, NULL, NULL, 'L', NULL, NULL),
(2205, 'ICT2205', NULL, 'PC WORKSTATION/SOFTWARE VIDEO EDITING', 1, 1, 1, '2005-01-18', NULL, '180120052205', NULL, '2153', 50, '166', NULL, 30000, 249, NULL, NULL, NULL, 139, NULL, 'ruzaini', NULL, NULL, NULL, NULL, NULL, 'M', NULL, NULL),
(2206, 'ICT2206', NULL, 'MS WINDOWS XP PRO', 1, 2, 26, NULL, NULL, NULL, NULL, NULL, 15, '084', NULL, NULL, 222, NULL, NULL, NULL, 1779, NULL, 'sukri', NULL, NULL, NULL, NULL, NULL, 'L', NULL, NULL),
(2207, 'ICT2207', NULL, 'HP PAVILLION DV4 1412 TX MOBILE', 1, 1, 2, NULL, NULL, 'CND9272N5K', NULL, NULL, 17, '096', NULL, NULL, 221, NULL, NULL, NULL, 1780, NULL, 'suhaimi', NULL, 1, NULL, NULL, NULL, 'M', NULL, NULL),
(2208, 'ICT2208', NULL, 'HP PAVILLION DV4 1412 TX MOBILE', 1, 1, 2, NULL, NULL, 'CND9272N5L', NULL, NULL, 17, '074', NULL, NULL, 221, NULL, NULL, NULL, 1781, NULL, 'AHMAD1', NULL, 1, NULL, NULL, NULL, 'M', NULL, NULL),
(2225, 'ICT2225', NULL, 'ACER TRAVELMATE 4740', 1, 1, 2, NULL, NULL, 'LXTVQ031540310BDB42000', NULL, NULL, 27, '070', NULL, NULL, 222, NULL, NULL, NULL, 1855, NULL, 'majlis2', NULL, 1, NULL, NULL, NULL, 'M', NULL, NULL),
(2226, 'ICT2226', NULL, 'ACER TRAVELMATE 4740', 1, 1, 2, NULL, NULL, 'LXTVQ031540270D10E2000', NULL, NULL, 27, '214', NULL, NULL, 222, NULL, NULL, NULL, 1855, NULL, 'majlis1', NULL, 1, NULL, NULL, NULL, 'M', NULL, NULL),
(2245, 'ICT2245', NULL, '0', 1, 1, 2, NULL, NULL, 'LXTVQ0318403307AE12000', NULL, NULL, 27, '211', NULL, NULL, 226, NULL, NULL, NULL, 1924, NULL, 'Abdullah', NULL, 1, NULL, NULL, NULL, 'M', NULL, NULL),
(2246, 'ICT2246', NULL, '0', 1, 1, 2, NULL, NULL, 'LXTVQ0318403307AE12000', NULL, NULL, 27, NULL, NULL, NULL, 248, NULL, NULL, NULL, 1924, NULL, NULL, NULL, 1, NULL, NULL, NULL, 'M', NULL, NULL),
(2247, 'ICT2247', NULL, 'MACBOOK PRO 13INC', 1, 1, 2, NULL, NULL, 'W80299Z7ATN', NULL, NULL, 51, '166', NULL, NULL, 223, NULL, NULL, NULL, 1921, NULL, 'ruzaini', NULL, NULL, NULL, NULL, NULL, 'M', NULL, NULL),
(2248, 'ICT2248', NULL, 'MACBOOK PRO', 1, 1, 2, NULL, NULL, 'W8021AWGAGW', NULL, NULL, 51, '084', NULL, NULL, 223, NULL, NULL, NULL, 1916, NULL, 'sukriazhari', NULL, NULL, NULL, NULL, NULL, 'M', NULL, NULL),
(2265, 'ICT2265', NULL, 'HP LASERJET P3005 - LABUAN', 1, 1, 4, NULL, NULL, 'CNH1F01664', NULL, NULL, 17, '147', NULL, NULL, 226, NULL, NULL, NULL, 1262, NULL, 'rehimah', NULL, 1, NULL, NULL, NULL, 'L', NULL, NULL),
(2285, 'ICT2285', NULL, 'ACER VERITON M490 \r\nCORE I3 3.06GHZ WIN7 PRO', 1, 1, 1, '2010-10-20', NULL, 'VAN03P013E043015', NULL, '18528', 27, '081', NULL, 2307, 202, NULL, NULL, NULL, 1939, NULL, 'emma', NULL, 1, NULL, NULL, NULL, 'M', NULL, NULL),
(2286, 'ICT2286', NULL, 'ACER VERITON M490 \r\nCORE I3 3.06GHZ WIN7 PRO', 1, 1, 1, NULL, NULL, '3E043003', NULL, NULL, 27, '047', NULL, NULL, 233, NULL, NULL, NULL, 1939, NULL, 'NORLAILA', NULL, 1, NULL, NULL, NULL, 'M', NULL, NULL),
(2287, 'ICT2287', NULL, 'ACER VERITON M490 \r\nCORE I3 3.06GHZ WIN7 PRO', 1, 1, 1, NULL, NULL, 'VAN03P013E043004', NULL, NULL, 27, '112', NULL, NULL, 232, NULL, NULL, NULL, 1939, NULL, 'nuzul', NULL, 1, NULL, NULL, NULL, 'M', NULL, NULL),
(2305, 'ICT2305', NULL, 'ACER VERITON M490 \r\nCORE I3 3.06GHZ WIN7 PRO', 1, 1, 1, NULL, NULL, 'E043012', NULL, NULL, 27, '028', NULL, NULL, 233, NULL, NULL, NULL, 1939, NULL, 'MISSABAH', NULL, 1, NULL, NULL, NULL, 'M', NULL, NULL),
(2306, 'ICT2306', NULL, 'ACER VERITON M490 \r\nCORE I3 3.06GHZ WIN7 PRO', 1, 1, 1, NULL, NULL, '3E043005', NULL, NULL, 27, '169', NULL, NULL, 212, NULL, NULL, NULL, 1939, NULL, 'hasbullah', NULL, 1, NULL, NULL, NULL, 'M', NULL, NULL),
(2307, 'ICT2307', NULL, 'ACER VERITON M490 \r\nCORE I3 3.06GHZ WIN7 PRO', 1, 1, 1, NULL, NULL, '3E043007', NULL, NULL, 27, '087', NULL, NULL, 211, NULL, NULL, NULL, 1939, NULL, 'azizah', NULL, 1, NULL, NULL, NULL, 'M', NULL, NULL),
(2308, 'ICT2308', NULL, 'ACER VERITON M490 \r\nCORE I3 3.06GHZ WIN7 PRO', 1, 1, 1, NULL, NULL, 'VAN03P013E043014', NULL, NULL, 27, '092', NULL, NULL, 233, NULL, NULL, NULL, 1939, NULL, 'AZRI', NULL, 1, NULL, NULL, NULL, 'M', NULL, NULL),
(2309, 'ICT2309', NULL, 'ACER VERITON M490 \r\nCORE I3 3.06GHZ WIN7 PRO', 1, 1, 1, NULL, NULL, 'E043002', NULL, NULL, 27, '136', NULL, NULL, 213, NULL, NULL, NULL, 1939, NULL, 'mfirdaus', NULL, 1, NULL, NULL, NULL, 'M', NULL, NULL),
(2310, 'ICT2310', NULL, 'ACER VERITON M490 \r\nCORE I3 3.06GHZ WIN7 PRO', 1, 1, 1, NULL, NULL, 'VAN03P013E043001', NULL, NULL, 27, '212', NULL, NULL, 218, NULL, NULL, NULL, 1939, NULL, NULL, NULL, 1, NULL, NULL, NULL, 'M', NULL, NULL),
(2311, 'ICT2311', NULL, 'ACER VERITON M490 \r\nCORE I3 3.06GHZ WIN7 PRO', 1, 1, 1, NULL, NULL, 'VAN03P013E043006', NULL, NULL, 27, '123', NULL, NULL, 213, NULL, NULL, NULL, 1939, NULL, 'rosdan', NULL, 1, NULL, NULL, NULL, 'M', NULL, NULL),
(2312, 'ICT2312', NULL, 'ACER VERITON M490 \r\nCORE I3 3.06GHZ WIN7 PRO', 1, 1, 1, NULL, NULL, 'VAN03P013E043010', NULL, NULL, 27, '027', NULL, NULL, 212, NULL, NULL, NULL, 1939, NULL, 'MUHSINI', NULL, 1, NULL, NULL, NULL, 'M', NULL, NULL),
(2313, 'ICT2313', NULL, 'ACER VERITON M490 \r\nCORE I3 3.06GHZ WIN7 PRO', 1, 1, 1, NULL, NULL, 'VAN03P013E043011', NULL, NULL, 27, '094', NULL, NULL, 212, NULL, NULL, NULL, 1939, NULL, 'FARAH', NULL, 1, NULL, NULL, NULL, 'M', NULL, NULL),
(2314, 'ICT2314', NULL, 'ACER VERITON M490 \r\nCORE I3 3.06GHZ WIN7 PRO', 1, 1, 1, NULL, NULL, 'VAN03P013E043009', NULL, NULL, 27, '080', NULL, NULL, 210, NULL, NULL, NULL, 1939, NULL, 'ZAHARIATON', NULL, 1, NULL, NULL, NULL, 'M', NULL, NULL),
(2315, 'ICT2315', NULL, 'ACER VERITON M490 \r\nCORE I3 3.06GHZ WIN7 PRO', 1, 1, 1, NULL, NULL, '3E043013', NULL, NULL, 27, '213', NULL, NULL, 219, NULL, NULL, NULL, 1939, NULL, 'nizam', NULL, 1, NULL, NULL, NULL, 'M', NULL, NULL),
(2316, 'ICT2316', NULL, 'ACER VERITON M490 \r\nCORE I3 3.06GHZ WIN7 PRO', 1, 1, 1, NULL, NULL, 'VAN03P013E043014', NULL, NULL, 27, '106', NULL, NULL, 244, NULL, NULL, NULL, 1939, NULL, 'prcenter4', NULL, 1, NULL, NULL, NULL, 'M', NULL, NULL),
(2325, 'ICT2325', NULL, 'DELL VOSTRO 3700 - NHANANI', 1, 1, 2, NULL, NULL, '8590641805', NULL, NULL, 2, '074', NULL, NULL, 221, NULL, NULL, NULL, 1922, NULL, 'husaizi', NULL, NULL, NULL, NULL, NULL, 'M', NULL, NULL),
(2345, 'ICT2345', NULL, 'NOTEBOOK ACER TRAVELMATE 8472\r\nINTEL I5 4GB DDR3', 1, 1, 2, NULL, NULL, '1120B5272500', NULL, NULL, 27, NULL, NULL, NULL, 212, NULL, NULL, NULL, 2004, NULL, 'hr-m1', NULL, 1, NULL, NULL, NULL, 'M', NULL, NULL),
(2346, 'ICT2346', NULL, 'NOTEBOOK ACER TRAVELMATE 8472\r\nINTEL I5 4GB DDR3', 8, 1, 2, NULL, NULL, '117B62500', NULL, NULL, 27, NULL, NULL, NULL, 249, NULL, NULL, NULL, 2004, NULL, NULL, NULL, 1, '2014-09-05', 5, 'TENDER 2 /2014', 'M', NULL, NULL),
(2347, 'ICT2347', NULL, 'NOTEBOOK ACER TRAVELMATE 8472\r\nINTEL I5 4GB DDR3', 1, 1, 2, NULL, NULL, '117D72500', NULL, NULL, 27, NULL, NULL, NULL, 248, NULL, NULL, NULL, 2004, NULL, NULL, NULL, 1, NULL, NULL, NULL, 'M', NULL, NULL),
(2348, 'ICT2348', NULL, 'NOTEBOOK ACER TRAVELMATE 8472\r\nINTEL I5 4GB DDR3', 1, 1, 2, NULL, NULL, '112DB50F2500', NULL, NULL, 27, '214', NULL, NULL, 248, NULL, NULL, NULL, 2004, NULL, 'pinjam1', NULL, 1, NULL, NULL, NULL, 'M', NULL, NULL),
(2365, 'ICT2365', NULL, 'NOTEBOOK ACER TRAVELMATE 8472\r\nINTEL I5 4GB DDR3', 1, 1, 2, NULL, NULL, '117CB2500', NULL, NULL, 27, '149', NULL, NULL, 216, NULL, NULL, NULL, 2004, NULL, 'audit', NULL, 1, NULL, NULL, NULL, 'M', NULL, NULL),
(2405, 'ICT2405', NULL, 'XEROX PHASER 3435DN PRINTER', 1, 1, 4, '2011-06-08', NULL, 'RVX451726', NULL, '21327', 49, '064', NULL, 1640, 204, NULL, NULL, NULL, 2015, NULL, 'noraini', NULL, NULL, NULL, NULL, NULL, 'L', NULL, NULL),
(2406, 'ICT2406', NULL, 'XEROX PHASER 3435DN PRINTER', 1, 1, 4, NULL, NULL, 'RVX451742', NULL, NULL, 49, '059', NULL, NULL, 238, NULL, NULL, NULL, 2015, NULL, 'kaunter1pj', NULL, 1, NULL, NULL, NULL, 'L', NULL, NULL),
(2425, 'ICT2425', NULL, 'XEROX PHASER 3435DN PRINTER', 1, 1, 4, NULL, NULL, 'RVX451728', NULL, NULL, 49, '157', NULL, NULL, 216, NULL, NULL, NULL, 2015, NULL, 'sufiah', NULL, 1, NULL, NULL, NULL, 'L', NULL, NULL),
(2426, 'ICT2426', NULL, 'XEROX PHASER 3435DN PRINTER', 1, 1, 4, '2011-06-08', NULL, 'RVX451746', NULL, '21327', 49, '012', NULL, 1640, 202, NULL, NULL, NULL, 2015, NULL, 'hakim', NULL, 1, NULL, NULL, NULL, 'L', NULL, NULL),
(2445, 'ICT2445', NULL, 'DELL VOSTRO 3750 I7-2630QM', 1, 1, 2, NULL, NULL, 'D9G5QQ1', NULL, NULL, 2, '017', NULL, NULL, 219, NULL, NULL, NULL, 2035, NULL, 'SAKINAH', NULL, 1, NULL, NULL, NULL, 'M', NULL, NULL),
(2446, 'ICT2446', NULL, 'XEROX PHASER 3435DN PRINTER', 1, 1, 4, NULL, NULL, 'RVX451753', NULL, NULL, 49, NULL, NULL, NULL, 222, NULL, NULL, NULL, 2015, NULL, NULL, NULL, NULL, NULL, NULL, NULL, 'L', NULL, NULL),
(2447, 'ICT2447', NULL, 'XEROX PHASER 3435DN PRINTER', 1, 1, 4, NULL, NULL, 'RVX451734', NULL, NULL, 49, '059', NULL, NULL, 235, NULL, NULL, NULL, 2015, NULL, 'kaunter4dz', NULL, NULL, NULL, NULL, NULL, 'L', NULL, NULL),
(2448, 'ICT2448', NULL, 'MESIN EDITING - GRAS VALLEY HDSTORM PLUS NLE SYS', 1, 1, 1, '2011-03-30', NULL, '52205', NULL, '20556', 50, '166', NULL, 30000, 223, NULL, NULL, NULL, 1999, NULL, 'ruzaini', NULL, NULL, NULL, NULL, NULL, 'M', NULL, NULL),
(2449, 'ICT2449', NULL, 'SMART PRO UPS NP-SPR2K2-WMAJU', 1, 1, 26, NULL, NULL, NULL, NULL, NULL, 52, NULL, NULL, NULL, 237, NULL, NULL, NULL, 2040, NULL, NULL, NULL, NULL, NULL, NULL, NULL, 'L', NULL, NULL),
(2450, 'ICT2450', NULL, 'TALLY T2265', 2, 1, 4, NULL, NULL, '93028716', NULL, NULL, 19, NULL, NULL, NULL, 267, NULL, NULL, NULL, 2007, NULL, NULL, NULL, 1, NULL, NULL, NULL, 'L', NULL, NULL),
(2451, 'ICT2451', NULL, 'ACER VERITON M6610G INTEL CORE I5 2300', 1, 1, 1, NULL, NULL, 'VCC03A013E119014', NULL, NULL, 27, '059', NULL, NULL, 237, NULL, NULL, NULL, 2042, NULL, NULL, NULL, 1, NULL, NULL, NULL, 'M', NULL, NULL),
(2452, 'ICT2452', NULL, 'ACER VERITON M6610G INTEL CORE I5 2300', 1, 1, 1, NULL, NULL, 'VCC03A013E119003', NULL, NULL, 27, '166', NULL, NULL, 223, NULL, NULL, NULL, 2042, NULL, 'ruzaini', NULL, 1, NULL, NULL, NULL, 'M', NULL, NULL),
(2453, 'ICT2453', NULL, 'ACER VERITON M6610G INTEL CORE I5 2300', 1, 1, 1, NULL, NULL, 'VCC03A013E119002', NULL, NULL, 27, '059', NULL, NULL, 246, NULL, NULL, NULL, 2042, NULL, NULL, NULL, 1, NULL, NULL, NULL, 'M', NULL, NULL),
(2454, 'ICT2454', NULL, 'ACER VERITON M6610G INTEL CORE I5 2300', 1, 1, 1, NULL, NULL, 'VCC03A013E119012', NULL, NULL, 27, '083', NULL, NULL, 222, NULL, NULL, NULL, 2042, NULL, 'MERANG', NULL, 1, NULL, NULL, NULL, 'M', NULL, NULL),
(2455, 'ICT2455', NULL, 'ACER VERITON M6610G INTEL CORE I5 2300', 1, 1, 1, NULL, NULL, 'VCC03A013E119001', NULL, NULL, 27, NULL, NULL, NULL, 267, NULL, NULL, NULL, 2042, NULL, NULL, NULL, 1, NULL, NULL, NULL, 'M', NULL, NULL),
(2456, 'ICT2456', NULL, 'ACER VERITON M6610G INTEL CORE I5 2300', 1, 1, 1, NULL, NULL, 'VCC03A013E119006', NULL, NULL, 27, '150', NULL, NULL, 233, NULL, NULL, 2456, 2042, NULL, 'khaizad', NULL, 1, NULL, NULL, NULL, 'M', NULL, NULL),
(2457, 'ICT2457', NULL, 'ACER VERITON M6610G INTEL CORE I5 2300', 1, 1, 1, NULL, NULL, 'VCC03A013E119009', NULL, NULL, 27, '225', NULL, NULL, 216, NULL, NULL, NULL, 2042, NULL, 'risya', NULL, 1, NULL, NULL, NULL, 'M', NULL, NULL),
(2458, 'ICT2458', NULL, 'ACER VERITON M6610G INTEL CORE I5 2300', 1, 1, 1, NULL, NULL, 'VCC03A013E119011', NULL, NULL, 27, '032', NULL, NULL, 212, NULL, NULL, NULL, 2042, NULL, 'azhar', NULL, 1, NULL, NULL, NULL, 'M', NULL, NULL),
(2459, 'ICT2459', NULL, 'ACER VERITON M6610G INTEL CORE I5 2300', 1, 1, 1, '2011-04-08', NULL, 'VCC03A013E119004', NULL, '21319', 27, '223', NULL, 2230, 221, NULL, NULL, NULL, 2042, NULL, 'firaziz', NULL, 1, NULL, NULL, NULL, 'M', NULL, NULL),
(2460, 'ICT2460', NULL, 'ACER VERITON M6610G INTEL CORE I5 2300', 1, 1, 1, NULL, NULL, 'VCC03A013E119015', NULL, NULL, 27, '098', NULL, NULL, 233, NULL, NULL, NULL, 2042, NULL, 'zaidi', NULL, 1, NULL, NULL, NULL, 'M', NULL, NULL),
(2461, 'ICT2461', NULL, 'ACER VERITON M6610G INTEL CORE I5 2300', 1, 1, 1, NULL, NULL, 'E119008', NULL, NULL, 27, '163', NULL, NULL, 219, NULL, NULL, NULL, 2042, NULL, 'hasmah', NULL, 1, NULL, NULL, NULL, 'M', NULL, NULL),
(2462, 'ICT2462', NULL, 'ACER VERITON M6610G INTEL CORE I5 2300', 1, 1, 1, NULL, NULL, 'VCC03A013E119013', NULL, NULL, 27, '171', NULL, NULL, 215, NULL, NULL, NULL, 2042, NULL, 'sofizal', NULL, 1, NULL, NULL, NULL, 'M', NULL, NULL),
(2463, 'ICT2463', NULL, 'ACER VERITON M6610G INTEL CORE I5 2300', 1, 1, 1, NULL, NULL, 'VCC03A013E119005', NULL, NULL, 27, '059', NULL, NULL, 240, NULL, NULL, NULL, 2042, NULL, 'puchong4', NULL, 1, NULL, NULL, NULL, 'M', NULL, NULL),
(2464, 'ICT2464', NULL, 'ACER VERITON M6610G INTEL CORE I5 2300', 1, 1, 1, NULL, NULL, 'VCC03A013E119007', NULL, NULL, 27, '059', NULL, NULL, 238, NULL, NULL, NULL, 2042, NULL, 'kaunter5pj', NULL, 1, NULL, NULL, NULL, 'M', NULL, NULL),
(2465, 'ICT2465', NULL, 'ACER VERITON M6610G INTEL CORE I5 2300', 1, 1, 1, NULL, NULL, 'VCC03A013E119010', NULL, NULL, 27, '059', NULL, NULL, 237, NULL, NULL, NULL, 2042, NULL, 'kaunter6wm', NULL, 1, NULL, NULL, NULL, 'M', NULL, NULL),
(2485, 'ICT2485', NULL, 'NOTEBOOK ACER TRAVELMATE 8472\r\nINTEL I5 4GB DDR3', 8, 1, 2, NULL, NULL, '115002', NULL, NULL, 27, NULL, NULL, NULL, 263, NULL, NULL, NULL, 2004, NULL, NULL, NULL, 1, '2014-09-05', 5, 'TENDER 2 /2014', 'M', NULL, NULL),
(2486, 'ICT2486', NULL, 'UPS - NP-TITAN 9310\r\n- SHAMELIN', 1, 1, 26, '2010-02-19', NULL, '08090328961', NULL, '15068', 52, NULL, NULL, 24499, 247, NULL, NULL, NULL, 2005, NULL, NULL, NULL, NULL, NULL, NULL, NULL, 'L', NULL, NULL),
(2487, 'ICT2487', NULL, 'PRINTER-TALLY LINE T6215', 1, 1, 4, NULL, NULL, '232379', NULL, NULL, 19, NULL, NULL, NULL, 233, NULL, NULL, NULL, 1455, NULL, NULL, NULL, NULL, NULL, NULL, NULL, 'L', NULL, NULL),
(2488, 'ICT2488', NULL, 'SERVER - SUPERMICRO  VIRTUALIZATION X8DTI-LN4F', 1, 1, 9, NULL, NULL, '10.10.1.201-VM1', NULL, NULL, 53, NULL, NULL, NULL, 222, NULL, NULL, NULL, 1269, NULL, NULL, NULL, 1, NULL, NULL, NULL, 'H', NULL, NULL),
(2489, 'ICT2489', NULL, 'SERVER - SUPERMICRO  VIRTUALIZATION X8DTI-LN4F', 1, 1, 9, NULL, NULL, '10.10.1.202-VM2', NULL, NULL, 53, NULL, NULL, NULL, 222, NULL, NULL, NULL, 1269, NULL, NULL, NULL, 1, NULL, NULL, NULL, 'H', NULL, NULL),
(2490, 'ICT2490', NULL, 'SERVER-SUN FIRE V210 SERVER', 9, 1, 9, '2007-01-05', NULL, 'FM54810180', NULL, '2721', 36, NULL, NULL, 27363, 249, NULL, NULL, NULL, 2050, NULL, NULL, NULL, NULL, NULL, NULL, NULL, 'H', NULL, NULL),
(2491, 'ICT2491', NULL, 'PROJECTOR-ACER  P1201B', 10, 1, 7, NULL, NULL, 'EYJCK01003122018835901', NULL, NULL, 27, NULL, NULL, NULL, 222, NULL, NULL, NULL, 2057, NULL, NULL, NULL, NULL, NULL, NULL, NULL, 'L', NULL, NULL),
(2492, 'ICT2492', NULL, 'PROJECTOR-ACER  P1201B', 1, 1, 7, NULL, NULL, 'EYJCK010031220187A590', NULL, NULL, 27, NULL, NULL, NULL, 222, NULL, NULL, NULL, 2057, NULL, NULL, NULL, NULL, NULL, NULL, NULL, 'L', NULL, NULL),
(2505, 'ICT2505', NULL, 'DUAL - NODE VM SERVER 2 X INT.XEON E5620, 24GB RAM', 1, 1, 9, NULL, NULL, 'SMC0025901DA255/DA285', NULL, NULL, 53, NULL, NULL, NULL, 247, NULL, NULL, NULL, 2075, NULL, NULL, NULL, 1, NULL, NULL, NULL, 'H', NULL, NULL),
(2525, 'ICT2525', NULL, 'PRINTER FUJI XEROX DOCUPRINT - C2200', 1, 1, 4, NULL, NULL, 'UKW006272', NULL, NULL, 49, '189', NULL, NULL, 230, NULL, NULL, NULL, 2095, NULL, 'mazhar', NULL, 1, NULL, NULL, NULL, 'L', NULL, NULL),
(2526, 'ICT2526', NULL, 'PRINTER FUJI XEROX DOCUPRINT - C2200', 1, 1, 4, NULL, NULL, 'UKW006495', NULL, NULL, 49, '166', NULL, NULL, 223, NULL, NULL, NULL, 2095, NULL, 'ruzaini', NULL, NULL, NULL, NULL, NULL, 'L', NULL, NULL),
(2527, 'ICT2527', NULL, 'PRINTER FUJI XEROX DOCUPRINT - C2200', 1, 1, 4, NULL, NULL, 'UKW006494', NULL, NULL, 49, NULL, NULL, NULL, 201, NULL, NULL, NULL, 2095, NULL, 'RAIS', NULL, NULL, NULL, NULL, NULL, 'L', NULL, NULL),
(2545, 'ICT2545', NULL, 'FUJI XEROX PHASER 3435DN LASER PRINTER', 1, 1, 4, NULL, NULL, '451632', NULL, NULL, 49, '096', NULL, NULL, 221, NULL, NULL, NULL, 2115, NULL, 'suhaimi', NULL, 1, NULL, NULL, NULL, 'L', NULL, NULL),
(2546, 'ICT2546', NULL, 'FUJI XEROX PHASER 3435DN LASER PRINTER', 1, 1, 4, '2011-09-29', NULL, '451209', NULL, '22295', 49, '198', NULL, 1230, 249, NULL, NULL, NULL, 2115, NULL, 'faezah', NULL, 1, NULL, NULL, NULL, 'L', NULL, NULL),
(2547, 'ICT2547', NULL, 'FUJI XEROX PHASER 3435DN LASER PRINTER', 1, 1, 4, NULL, NULL, '451194', NULL, NULL, 49, '059', NULL, NULL, 259, NULL, NULL, NULL, 2115, NULL, 'kaunter2p15', NULL, 1, NULL, NULL, NULL, 'L', NULL, NULL),
(2548, 'ICT2548', NULL, 'FUJI XEROX PHASER 3435DN LASER PRINTER', 1, 1, 4, NULL, NULL, '451189', NULL, NULL, 49, '059', NULL, NULL, 267, NULL, NULL, NULL, 2115, NULL, 'Hakemal', NULL, NULL, NULL, NULL, NULL, 'L', NULL, NULL),
(2565, 'ICT2565', NULL, 'PROJEKTOR ACER P1201B', 1, 1, 7, NULL, NULL, '14000246959', NULL, NULL, 27, NULL, NULL, NULL, 222, NULL, NULL, NULL, 2135, NULL, NULL, NULL, NULL, NULL, NULL, NULL, 'L', NULL, NULL),
(2566, 'ICT2566', NULL, 'PROJEKTOR ACER P1201B', 1, 1, 7, NULL, NULL, '12800197859', NULL, NULL, 27, NULL, NULL, NULL, 222, NULL, NULL, NULL, 2135, NULL, NULL, NULL, NULL, NULL, NULL, NULL, 'L', NULL, NULL),
(2585, 'ICT2585', NULL, 'VISIO PRO 2010 32-BIT/X64  - SUHAIMI,AHMAD,NANI', 1, 2, 31, NULL, NULL, 'FJGH2-2F2XQ-FDR8J-KW8KH-C', NULL, NULL, 15, '096', NULL, NULL, 222, NULL, NULL, NULL, 2048, NULL, 'suhaimi', NULL, NULL, NULL, NULL, NULL, 'L', NULL, NULL),
(2586, 'ICT2586', NULL, 'VISIO PRO 2010 32-BIT/X64  - SUHAIMI,AHMAD,NANI', 1, 2, 31, NULL, NULL, '4D7GC-X2R48-9VYV8-63TMY-WQVGY', NULL, NULL, 15, '074', NULL, NULL, 222, NULL, NULL, NULL, 2048, NULL, 'ahmad-PC', NULL, NULL, NULL, NULL, NULL, 'L', NULL, NULL),
(2587, 'ICT2587', NULL, 'VISIO PRO 2010 32-BIT/X64  - SUHAIMI,AHMAD,NANI', 1, 2, 31, NULL, NULL, 'TCGW3-GP9MW-JVQ9R-RC6PC-F', NULL, NULL, 15, '148', NULL, NULL, 222, NULL, NULL, NULL, 2048, NULL, 'nhanani', NULL, NULL, NULL, NULL, NULL, 'L', NULL, NULL),
(2588, 'ICT2588', NULL, 'PRINTER TALLY T2265 TINGKAT 4', 1, 1, 4, NULL, NULL, '93028742', NULL, NULL, 19, NULL, NULL, NULL, 267, NULL, NULL, NULL, 2155, NULL, NULL, NULL, 1, NULL, NULL, NULL, 'L', NULL, NULL),
(2605, 'ICT2605', NULL, 'ADOBE PHOTOSHOP LIGHTROOM 3 - MAC OS', 1, 2, 21, NULL, NULL, '1160-4007-9608-9580-2290-', NULL, NULL, 16, '084', NULL, NULL, 222, NULL, NULL, NULL, 2176, NULL, 'SUKRIA', NULL, NULL, NULL, NULL, NULL, 'L', NULL, NULL),
(2606, 'ICT2606', NULL, 'ADOBE CREATIVE SUITE CS5.5 MASTER COLLECTION - MAC', 1, 2, 21, NULL, NULL, '1325-0721-5294-9596-3190-', NULL, NULL, 16, '084', NULL, NULL, 222, NULL, NULL, NULL, 2175, NULL, 'SUKRIA', NULL, NULL, NULL, NULL, NULL, 'L', NULL, NULL),
(2625, 'ICT2625', NULL, 'NOTEBOOK ACER TM4750', 1, 1, 2, NULL, NULL, 'V42030123E148003', NULL, NULL, 27, '142', NULL, NULL, 228, NULL, NULL, NULL, 2215, NULL, 'shafiq', NULL, 1, NULL, NULL, NULL, 'M', NULL, NULL),
(2627, 'ICT2627', NULL, 'NOTEBOOK ACER TM4750', 1, 1, 2, '2011-10-27', NULL, 'V42030123E148005', NULL, '22596', 27, '127', NULL, 2265, 231, NULL, NULL, NULL, 2215, NULL, 'fauzi', NULL, 1, NULL, NULL, NULL, 'M', NULL, NULL),
(2628, 'ICT2628', NULL, 'NOTEBOOK ACER TM4750', 1, 1, 2, NULL, NULL, 'V42030123E148004', NULL, NULL, 27, '103', NULL, NULL, 226, NULL, NULL, NULL, 2215, NULL, 'syaiful', NULL, 1, NULL, NULL, NULL, 'M', NULL, NULL),
(2629, 'ICT2629', NULL, 'NOTEBOOK ACER TM4750', 1, 1, 2, NULL, NULL, 'V42030123E148002', NULL, NULL, 27, '214', NULL, NULL, 228, NULL, NULL, NULL, 2215, NULL, 'pinjam3', NULL, 1, NULL, NULL, NULL, 'M', NULL, NULL),
(2630, 'ICT2630', NULL, 'NOTEBOOK ACER TM4750', 1, 1, 2, NULL, NULL, 'V42030123E148006', NULL, NULL, 27, '157', NULL, NULL, 216, NULL, NULL, NULL, 2215, NULL, 'sufiah', NULL, 1, NULL, NULL, NULL, 'M', NULL, NULL),
(2631, 'ICT2631', NULL, 'NOTEBOOK ACER TM4750', 1, 1, 2, NULL, NULL, 'V42030123E148001', NULL, NULL, 27, '129', NULL, NULL, 218, NULL, NULL, NULL, 2215, NULL, 'azlina', NULL, 1, NULL, NULL, NULL, 'M', NULL, NULL),
(2645, 'ICT2645', NULL, 'DELL PRECICSION M4600 - AMRAN MAMAT', 1, 1, 2, NULL, NULL, '89DK5S1', NULL, NULL, 2, '083', NULL, NULL, 222, NULL, NULL, NULL, 2195, NULL, 'MERANG', NULL, 1, NULL, NULL, NULL, 'M', NULL, NULL),
(2665, 'ICT2665', '1', 'ACER VERITON S6610G', 1, 1, 1, NULL, NULL, 'E149130', NULL, NULL, 27, '070', NULL, NULL, 222, NULL, NULL, NULL, 2295, NULL, 'Norman', NULL, 1, NULL, NULL, NULL, 'H', NULL, NULL),
(2685, 'ICT2685', NULL, 'HIGH AVAILABILITY STORAGE (HAS)', 1, 1, 9, NULL, NULL, 'S636S6L21B08784', NULL, NULL, 53, NULL, NULL, NULL, 247, NULL, NULL, NULL, 2315, NULL, NULL, NULL, 1, NULL, NULL, NULL, 'H', NULL, NULL),
(2686, 'ICT2686', NULL, 'PEMBELIAN MIXER 16CH', 1, 1, 12, '2011-12-12', NULL, 'WTCRN01171', NULL, '23024', NULL, NULL, NULL, 4680, 248, NULL, NULL, NULL, 2236, NULL, NULL, NULL, NULL, NULL, NULL, NULL, 'L', NULL, NULL),
(2687, 'ICT2687', NULL, 'ACER VERITON S6610G', 1, 1, 1, NULL, NULL, 'E149149', NULL, NULL, 27, '189', NULL, NULL, 230, NULL, NULL, NULL, 2295, NULL, 'mazhar', NULL, 1, NULL, NULL, NULL, 'M', NULL, NULL),
(2688, 'ICT2688', NULL, 'ACER VERITON S6610G', 1, 1, 1, NULL, NULL, 'E149170', NULL, NULL, 27, '179', NULL, NULL, 219, NULL, NULL, NULL, 2295, NULL, 'daniel', NULL, 1, NULL, NULL, NULL, 'M', NULL, NULL),
(2689, 'ICT2689', NULL, 'ACER VERITON S6610G', 1, 1, 1, NULL, NULL, 'E149174', NULL, NULL, 27, '185', NULL, NULL, 231, NULL, NULL, NULL, 2295, NULL, 'ghafur', NULL, 1, NULL, NULL, NULL, 'M', NULL, NULL),
(2690, 'ICT2690', NULL, 'ACER VERITON S6610G', 1, 1, 1, '2012-01-03', NULL, 'E149155', NULL, '23125', 27, '221', NULL, 2230, 229, NULL, NULL, NULL, 2295, NULL, 'nurhidayah', NULL, 1, NULL, NULL, NULL, 'M', NULL, NULL),
(2691, 'ICT2691', NULL, 'ACER VERITON S6610G', 1, 1, 1, '2012-01-03', NULL, 'E149152', NULL, '23125', 27, '140', NULL, 2230, 205, NULL, NULL, NULL, 2295, NULL, 'ashikin', NULL, 1, NULL, NULL, NULL, 'M', NULL, NULL),
(2692, 'ICT2692', NULL, 'ACER VERITON S6610G', 1, 1, 1, NULL, NULL, 'E149138', NULL, NULL, 27, NULL, NULL, NULL, 267, NULL, NULL, NULL, 2295, NULL, NULL, NULL, 1, NULL, NULL, NULL, 'M', NULL, NULL),
(2693, 'ICT2693', NULL, 'ACER VERITON S6610G', 1, 1, 1, NULL, NULL, 'E149156', NULL, NULL, 27, '059', NULL, NULL, 241, NULL, NULL, NULL, 2295, NULL, NULL, NULL, 1, NULL, NULL, NULL, 'M', NULL, NULL),
(2694, 'ICT2694', NULL, 'ACER VERITON S6610G', 1, 1, 1, NULL, NULL, 'E149129', NULL, NULL, 27, '120', NULL, NULL, 212, NULL, NULL, NULL, 2295, NULL, 'GHANI', NULL, 1, NULL, NULL, NULL, 'M', NULL, NULL),
(2695, 'ICT2695', NULL, 'ACER VERITON S6610G', 1, 1, 1, '2012-01-03', NULL, 'E149175', NULL, '23125', 27, '188', NULL, 2230, 201, NULL, NULL, NULL, 2295, NULL, 'juwaini', NULL, 1, NULL, NULL, NULL, 'M', NULL, NULL),
(2696, 'ICT2696', NULL, '24 PORT GIGABIT ETHERNET MANAGED SWITCH - PUCHONG', 1, 1, 5, NULL, NULL, '7M9B7M1', NULL, NULL, 2, NULL, NULL, NULL, 240, NULL, NULL, NULL, 2320, NULL, NULL, NULL, NULL, NULL, NULL, NULL, 'H', NULL, NULL),
(2697, 'ICT2697', NULL, '24 PORT GIGABIT ETHERNET MANAGED SWITCH - PUCHONG', 1, 1, 5, NULL, NULL, 'GL9B7M1', NULL, NULL, 2, NULL, NULL, NULL, 240, NULL, NULL, NULL, 2320, NULL, NULL, NULL, NULL, NULL, NULL, NULL, 'H', NULL, NULL),
(2698, 'ICT2698', NULL, '24 PORT GIGABIT ETHERNET MANAGED SWITCH - MANJALAR', 1, 1, 5, '2012-01-27', NULL, '3J9B7M1', NULL, '23567', 2, '162', NULL, 2162, 205, NULL, NULL, NULL, 2319, NULL, 'ekmal', NULL, NULL, NULL, NULL, NULL, 'H', NULL, NULL),
(2699, 'ICT2699', NULL, '24 PORT GIGABIT ETHERNET MANAGED SWITCH - MANJALAR', 1, 1, 5, NULL, NULL, 'FH9B7M1', NULL, NULL, 2, NULL, NULL, NULL, 241, NULL, NULL, NULL, 2319, NULL, NULL, NULL, NULL, NULL, NULL, NULL, 'H', NULL, NULL),
(2700, 'ICT2700', NULL, 'SCANNER FUJITSU FI5530C2', 1, 1, 18, NULL, NULL, '011618', NULL, NULL, 7, '124', NULL, NULL, 233, NULL, NULL, NULL, 2322, NULL, 'suriawati', NULL, NULL, NULL, NULL, NULL, 'L', NULL, NULL),
(2701, 'ICT2701', NULL, '24 PORT GIGABIT ETHERNET MANAGER SWITCH - WM', 1, 1, 5, '2011-09-06', NULL, '0264-A05', NULL, '21577', 2, NULL, NULL, 2160, 237, NULL, NULL, NULL, 2323, NULL, NULL, NULL, NULL, NULL, NULL, NULL, 'H', NULL, NULL),
(2702, 'ICT2702', NULL, '24 PORT GIGABIT ETHERNET MANAGER SWITCH - WM', 1, 1, 5, NULL, NULL, '0269-A05', NULL, NULL, 2, NULL, NULL, NULL, 237, NULL, NULL, NULL, 2323, NULL, NULL, NULL, NULL, NULL, NULL, NULL, 'H', NULL, NULL),
(2703, 'ICT2703', NULL, 'IPAD 2 WITH WI-FI + 3G, STORAGE 64GB', 1, 1, 2, '2011-08-24', NULL, 'F1DKNY', NULL, '21886', 51, '035', NULL, 2549, 203, NULL, NULL, NULL, 2324, NULL, 'AZRIN', NULL, NULL, NULL, NULL, NULL, 'M', NULL, NULL),
(2704, 'ICT2704', NULL, 'IPAD 2 WITH WI-FI + 3G, STORAGE 64GB', 9, 1, 29, NULL, NULL, '3DKNY', NULL, NULL, 51, '071', NULL, NULL, 219, NULL, NULL, NULL, 2324, NULL, 'azhan', NULL, NULL, NULL, NULL, NULL, 'M', NULL, NULL),
(2705, 'ICT2705', NULL, 'IPAD 2 WITH WI-FI + 3G, STORAGE 64GB', 1, 1, 2, '2011-08-24', NULL, 'BSDFJ3', NULL, '21886', 51, '038', NULL, 2549, 205, NULL, NULL, NULL, 2324, NULL, 'MOHD', NULL, NULL, NULL, NULL, NULL, 'M', NULL, NULL),
(2706, 'ICT2706', NULL, 'IPAD 2 WITH WI-FI + 3G, STORAGE 64GB', 1, 1, 2, '2011-08-24', NULL, 'AYMDFJ3', NULL, '21886', 51, '011', NULL, 2549, 201, NULL, NULL, NULL, 2324, NULL, 'RAIS', NULL, NULL, NULL, NULL, NULL, 'M', NULL, NULL),
(2707, 'ICT2707', NULL, 'IPAD 2 WITH WI-FI + 3G, STORAGE 64GB', 1, 1, 2, '2011-08-24', NULL, 'YUDFJ3', NULL, '21886', 51, '012', NULL, 2549, 202, NULL, NULL, NULL, 2324, NULL, 'Hakim', NULL, NULL, NULL, NULL, NULL, 'M', NULL, NULL),
(2725, 'ICT2725', NULL, 'ACER NOTEBOOK TRAVELMATE 4750', 1, 1, 2, NULL, NULL, 'E432000', NULL, NULL, 27, '131', NULL, NULL, 225, NULL, NULL, NULL, 2336, NULL, 'iznan', NULL, 1, NULL, NULL, NULL, 'M', NULL, NULL),
(2726, 'ICT2726', NULL, 'ACER NOTEBOOK TRAVELMATE 4750', 1, 1, 2, NULL, NULL, 'DC02000', NULL, NULL, 27, '122', NULL, NULL, 232, NULL, NULL, NULL, 2336, NULL, 'zulkifli', NULL, 1, NULL, NULL, NULL, 'M', NULL, NULL),
(2727, 'ICT2727', NULL, 'ACER NOTEBOOK TRAVELMATE 4750', 1, 1, 2, NULL, NULL, 'E4C2000', NULL, NULL, 27, '107', NULL, NULL, 229, NULL, NULL, NULL, 2336, NULL, 'aniqah', NULL, 1, NULL, NULL, NULL, 'M', NULL, NULL),
(2728, 'ICT2728', NULL, 'ACER NOTEBOOK TRAVELMATE 4750', 1, 1, 2, NULL, NULL, 'E382000', NULL, NULL, 27, 'P046', NULL, NULL, 225, NULL, NULL, NULL, 2336, NULL, 'fitrina', NULL, 1, NULL, NULL, NULL, 'M', NULL, NULL),
(2729, 'ICT2729', NULL, 'ACER NOTEBOOK TRAVELMATE 4750', 1, 1, 2, NULL, NULL, 'E072000', NULL, NULL, 27, '121', NULL, NULL, 225, NULL, NULL, NULL, 2336, NULL, 'hazwan', NULL, 1, NULL, NULL, NULL, 'M', NULL, NULL),
(2730, 'ICT2730', NULL, 'ACER NOTEBOOK TRAVELMATE 4750', 1, 1, 2, NULL, NULL, 'DCB2000', NULL, NULL, 27, '098', NULL, NULL, 233, NULL, NULL, NULL, 2336, NULL, 'zaidi', NULL, 1, NULL, NULL, NULL, 'M', NULL, NULL),
(2731, 'ICT2731', NULL, 'ACER NOTEBOOK TRAVELMATE 4750', 1, 1, 2, NULL, NULL, 'DE32000', NULL, NULL, 27, '132', NULL, NULL, 229, NULL, NULL, NULL, 2336, NULL, 'azman', NULL, 1, NULL, NULL, NULL, 'M', NULL, NULL),
(2732, 'ICT2732', NULL, 'ACER NOTEBOOK TRAVELMATE 4750', 1, 1, 2, NULL, NULL, 'E482000', NULL, NULL, 27, '158', NULL, NULL, 229, NULL, NULL, NULL, 2336, NULL, 'dziyaulhak', NULL, 1, NULL, NULL, NULL, 'M', NULL, NULL),
(2733, 'ICT2733', NULL, 'ACER NOTEBOOK TRAVELMATE 4750', 1, 1, 2, NULL, NULL, 'E082000', NULL, NULL, 27, '117', NULL, NULL, 227, NULL, NULL, NULL, 2336, NULL, 'annuar', NULL, 1, NULL, NULL, NULL, 'M', NULL, NULL),
(2734, 'ICT2734', NULL, 'ACER NOTEBOOK TRAVELMATE 4750', 1, 1, 2, NULL, NULL, 'E5F2000', NULL, NULL, 27, '060', NULL, NULL, 227, NULL, NULL, NULL, 2336, NULL, 'SABRI', NULL, 1, NULL, NULL, NULL, 'M', NULL, NULL),
(2735, 'ICT2735', NULL, 'ACER NOTEBOOK TRAVELMATE 4750', 1, 1, 2, NULL, NULL, 'E2C2000', NULL, NULL, 27, '118', NULL, NULL, 225, NULL, NULL, NULL, 2336, NULL, 'faizul', NULL, 1, NULL, NULL, NULL, 'M', NULL, NULL),
(2736, 'ICT2736', NULL, 'ACER NOTEBOOK TRAVELMATE 4750', 1, 1, 2, NULL, NULL, 'BF52000', NULL, NULL, 27, '089', NULL, NULL, 229, NULL, NULL, NULL, 2336, NULL, 'FAKHRUR', NULL, 1, NULL, NULL, NULL, 'M', NULL, NULL),
(2765, 'ICT2765', NULL, 'XEROX PHASER 3435DN', 1, 1, 4, NULL, NULL, 'RVX453410', NULL, NULL, 49, '078', NULL, NULL, 260, NULL, NULL, NULL, 2396, NULL, 'latihan10', NULL, NULL, NULL, NULL, NULL, 'L', NULL, NULL),
(2766, 'ICT2766', NULL, 'XEROX PHASER 3435DN', 1, 1, 4, NULL, NULL, 'RVX453386', NULL, NULL, 49, '059', NULL, NULL, 238, NULL, NULL, NULL, 2396, NULL, 'kaunter3pj', NULL, NULL, NULL, NULL, NULL, 'L', NULL, NULL),
(2767, 'ICT2767', NULL, 'XEROX PHASER 3435DN', 1, 1, 4, NULL, NULL, 'RVX453370', NULL, NULL, 49, NULL, NULL, NULL, 267, NULL, NULL, NULL, 2396, NULL, NULL, NULL, NULL, NULL, NULL, NULL, 'L', NULL, NULL),
(2768, 'ICT2768', NULL, 'XEROX PHASER 3435DN', 1, 1, 4, NULL, NULL, 'RVX453493', NULL, NULL, 49, '059', NULL, NULL, 236, NULL, NULL, NULL, 2396, NULL, 'kaunter5mn', NULL, NULL, NULL, NULL, NULL, 'L', NULL, NULL),
(2769, 'ICT2769', NULL, 'XEROX PHASER 3435DN', 1, 1, 4, NULL, NULL, 'RVX453170', NULL, NULL, 49, '059', NULL, NULL, 237, NULL, NULL, NULL, 2396, NULL, 'kaunter4wm', NULL, NULL, NULL, NULL, NULL, 'L', NULL, NULL),
(2770, 'ICT2770', NULL, 'XEROX PHASER 3435DN', 1, 1, 4, '2012-03-19', NULL, 'RVX453178', NULL, '23573', 49, '068', NULL, 1199, 208, NULL, NULL, NULL, 2396, NULL, 'Amran', NULL, 1, NULL, NULL, NULL, 'L', NULL, NULL),
(2771, 'ICT2771', NULL, 'XEROX PHASER 3435DN', 1, 1, 4, NULL, NULL, 'RVX453161', NULL, NULL, 49, '059', NULL, NULL, 237, NULL, NULL, NULL, 2396, NULL, 'kaunter1wm', NULL, NULL, NULL, NULL, NULL, 'L', NULL, NULL),
(2772, 'ICT2772', NULL, 'XEROX PHASER 3435DN', 1, 1, 4, NULL, NULL, 'RVX453409', NULL, NULL, 49, '059', NULL, NULL, 239, NULL, NULL, NULL, 2396, NULL, 'MTDI3', NULL, NULL, NULL, NULL, NULL, 'L', NULL, NULL),
(2773, 'ICT2773', NULL, 'XEROX PHASER 3435DN', 1, 1, 4, NULL, NULL, 'RVX453396', NULL, NULL, 49, NULL, NULL, NULL, 267, NULL, NULL, NULL, 2396, NULL, NULL, NULL, NULL, NULL, NULL, NULL, 'L', NULL, NULL),
(2774, 'ICT2774', NULL, 'XEROX PHASER 3435DN', 1, 1, 4, NULL, NULL, 'RVX455645', NULL, NULL, 49, '059', NULL, NULL, 236, NULL, NULL, NULL, 2396, NULL, 'kaunter2mn', NULL, NULL, NULL, NULL, NULL, 'L', NULL, NULL),
(2775, 'ICT2775', NULL, 'XEROX PHASER 3435DN', 1, 1, 4, NULL, NULL, 'RVX453414', NULL, NULL, 49, '106', NULL, NULL, 244, NULL, NULL, NULL, 2396, NULL, 'Rosniza', NULL, NULL, NULL, NULL, NULL, 'L', NULL, NULL),
(2776, 'ICT2776', NULL, 'XEROX PHASER 3435DN', 1, 1, 4, NULL, NULL, 'RVX453337', NULL, NULL, 49, '059', NULL, NULL, 240, NULL, NULL, NULL, 2396, NULL, 'puchong1', NULL, NULL, NULL, NULL, NULL, 'L', NULL, NULL),
(2777, 'ICT2777', NULL, 'XEROX PHASER 3435DN', 1, 1, 4, NULL, NULL, 'RVX455372', NULL, NULL, 49, NULL, NULL, NULL, 267, NULL, NULL, NULL, 2396, NULL, NULL, NULL, NULL, NULL, NULL, NULL, 'L', NULL, NULL),
(2778, 'ICT2778', NULL, 'XEROX PHASER 3435DN', 1, 1, 4, NULL, NULL, 'RVX453162', NULL, NULL, 49, '059', NULL, NULL, 241, NULL, NULL, NULL, 2396, NULL, 'kepong3', NULL, NULL, NULL, NULL, NULL, 'L', NULL, NULL),
(2779, 'ICT2779', NULL, 'XEROX PHASER 3435DN', 1, 1, 4, NULL, NULL, 'RVX451966', NULL, NULL, 49, NULL, NULL, NULL, 267, NULL, NULL, NULL, 2396, NULL, NULL, NULL, NULL, NULL, NULL, NULL, 'L', NULL, NULL),
(2780, 'ICT2780', NULL, 'KODAK SCANNER I2600', 1, 1, 18, NULL, NULL, '48763814', NULL, NULL, 54, '037', NULL, NULL, 212, NULL, NULL, NULL, 2395, NULL, 'asfa', NULL, NULL, NULL, NULL, NULL, 'L', NULL, NULL),
(2781, 'ICT2781', NULL, 'KODAK SCANNER I2600', 1, 1, 18, '2012-03-19', NULL, '48763829', NULL, '23924', 54, '224', NULL, 4131, 200, NULL, NULL, NULL, 2395, NULL, 'liyana', NULL, NULL, NULL, NULL, NULL, 'L', NULL, NULL),
(2782, 'ICT2782', NULL, 'KODAK SCANNER I2600', 1, 1, 18, '2012-03-19', NULL, '48763833', NULL, '23924', 54, '051', NULL, 4131, 206, NULL, NULL, NULL, 2395, NULL, 'login3', NULL, NULL, NULL, NULL, NULL, 'L', NULL, NULL),
(2783, 'ICT2783', NULL, 'KODAK SCANNER I2600', 1, 1, 18, NULL, NULL, '48763840', NULL, NULL, 54, '027', NULL, NULL, 212, NULL, NULL, NULL, 2395, NULL, 'MUHSINI', NULL, NULL, NULL, NULL, NULL, 'L', NULL, NULL),
(2784, 'ICT2784', NULL, 'KODAK SCANNER I2600', 1, 1, 18, '2012-03-19', NULL, '48763842', NULL, '23924', 54, '064', NULL, 4131, 204, NULL, NULL, NULL, 2395, NULL, 'noraini', NULL, NULL, NULL, NULL, NULL, 'L', NULL, NULL),
(2785, 'ICT2785', NULL, 'KODAK SCANNER I2600', 1, 1, 18, NULL, NULL, '48763856', NULL, NULL, 54, '109', NULL, NULL, 202, NULL, NULL, NULL, 2395, NULL, NULL, NULL, NULL, NULL, NULL, NULL, 'L', NULL, NULL),
(2805, 'ICT2805', NULL, 'PEMBELIAN IPAD 2 WITH WIFI DAN 3G 64GB', 1, 1, 2, NULL, NULL, 'DN6GYLNTDKNY', NULL, NULL, 51, '071', NULL, NULL, 219, NULL, NULL, NULL, 2376, NULL, 'azhan', NULL, NULL, NULL, NULL, NULL, 'M', NULL, NULL),
(2825, 'ICT2825', NULL, 'ACER TRAVELMATE 4750', 1, 1, 2, '2012-04-24', NULL, '222002', NULL, '24383', 27, '071', NULL, 2265, 267, NULL, NULL, NULL, 2437, NULL, 'pinjam2', NULL, NULL, NULL, NULL, NULL, 'M', NULL, NULL),
(2826, 'ICT2826', NULL, 'ACER TRAVELMATE 4750', 1, 1, 2, NULL, NULL, '222008', NULL, NULL, 27, '068', NULL, NULL, 208, NULL, NULL, NULL, 2437, NULL, 'Amran', NULL, NULL, NULL, NULL, NULL, 'M', NULL, NULL),
(2827, 'ICT2827', NULL, 'ACER TRAVELMATE 4750', 1, 1, 2, NULL, NULL, '222004', NULL, NULL, 27, '156', NULL, NULL, 216, NULL, NULL, NULL, 2437, NULL, 'azira', NULL, NULL, NULL, NULL, NULL, 'M', NULL, NULL),
(2828, 'ICT2828', NULL, 'ACER TRAVELMATE 4750', 1, 1, 2, NULL, NULL, '222010', NULL, NULL, 27, '145', NULL, NULL, 212, NULL, NULL, NULL, 2437, NULL, 'pinjam2', NULL, NULL, NULL, NULL, NULL, 'M', NULL, NULL),
(2829, 'ICT2829', NULL, 'ACER TRAVELMATE 4750', 1, 1, 2, NULL, NULL, '222012', NULL, NULL, 27, '097', NULL, NULL, 225, NULL, NULL, NULL, 2437, NULL, 'firdaus', NULL, NULL, NULL, NULL, NULL, 'M', NULL, NULL),
(2830, 'ICT2830', NULL, 'ACER TRAVELMATE 4750', 1, 1, 2, NULL, NULL, '222006', NULL, NULL, 27, '167', NULL, NULL, 225, NULL, NULL, NULL, 2437, NULL, 'sahidi', NULL, NULL, NULL, NULL, NULL, 'M', NULL, NULL),
(2831, 'ICT2831', NULL, 'ACER TRAVELMATE 4750', 1, 1, 2, NULL, NULL, '222003', NULL, NULL, 27, '159', NULL, NULL, 228, NULL, NULL, NULL, 2437, NULL, 'razak', NULL, NULL, NULL, NULL, NULL, 'M', NULL, NULL),
(2832, 'ICT2832', NULL, 'NOTEBOOK ACER TRAVELMATE 4750', 1, 1, 2, NULL, NULL, '222005', NULL, NULL, 27, '199', NULL, NULL, 262, NULL, NULL, NULL, 2437, NULL, 'Izzathol', NULL, NULL, NULL, NULL, NULL, 'M', NULL, NULL),
(2833, 'ICT2833', NULL, 'ACER TRAVELMATE 4750', 1, 1, 2, NULL, NULL, '222001', NULL, NULL, 27, '130', NULL, NULL, 218, NULL, NULL, NULL, 2437, NULL, 'Haliza', NULL, NULL, NULL, NULL, NULL, 'M', NULL, NULL),
(2834, 'ICT2834', NULL, 'ACER TRAVELMATE 4750', 1, 1, 2, NULL, NULL, '222007', NULL, NULL, 27, NULL, NULL, NULL, 267, NULL, NULL, NULL, 2437, NULL, NULL, NULL, NULL, NULL, NULL, NULL, 'M', NULL, NULL),
(2835, 'ICT2835', NULL, 'ACER TRAVELMATE 4750', 1, 1, 2, NULL, NULL, '222011', NULL, NULL, 27, '116', NULL, NULL, 226, NULL, NULL, NULL, 2437, NULL, 'shahrizal', NULL, NULL, NULL, NULL, NULL, 'M', NULL, NULL),
(2836, 'ICT2836', NULL, 'ACER TRAVELMATE 4750', 1, 1, 2, NULL, NULL, '222009', NULL, NULL, 27, '210', NULL, NULL, 226, NULL, NULL, NULL, 2437, NULL, 'asrilb', NULL, NULL, NULL, NULL, NULL, 'M', NULL, NULL),
(2837, 'ICT2837', NULL, '16PORTS KVM SWITCH', 1, 1, 5, '2012-04-10', NULL, 'K101', NULL, '24384', NULL, NULL, NULL, 4200, 247, NULL, NULL, NULL, 2435, NULL, NULL, NULL, NULL, NULL, NULL, NULL, 'H', NULL, NULL),
(2838, 'ICT2838', NULL, 'DELL POWER CONNECT 6248 (CORE SWITCH)', 1, 1, 5, NULL, NULL, 'G87F7M1', NULL, NULL, 2, NULL, NULL, NULL, 247, NULL, NULL, NULL, 2438, NULL, NULL, NULL, NULL, NULL, NULL, NULL, 'H', NULL, NULL),
(2839, 'ICT2839', NULL, 'DELL POWER CONNECT 6248 (CORE SWITCH)', 1, 1, 5, NULL, NULL, 'FC7F7M1', NULL, NULL, 2, NULL, NULL, NULL, 247, NULL, NULL, NULL, 2438, NULL, NULL, NULL, NULL, NULL, NULL, NULL, 'H', NULL, NULL),
(2845, 'ICT2845', NULL, 'ACER-ASPIRE M1201-242L', 1, 1, 1, NULL, NULL, 'SAY0C004LE832002', NULL, NULL, 27, '164', NULL, NULL, 213, NULL, NULL, NULL, 1396, NULL, 'firdausan', NULL, 2, NULL, NULL, NULL, 'M', NULL, NULL),
(2865, 'ICT2865', NULL, 'KODAK I220 SCANNER', 1, 1, 18, '2008-09-29', NULL, 'K43842521', NULL, '7303', 54, '216', NULL, 3375, 203, NULL, NULL, NULL, 1276, NULL, 'najwa', NULL, NULL, NULL, NULL, NULL, 'L', NULL, NULL),
(2866, 'ICT2866', NULL, 'KODAK I220 SCANNER', 1, 1, 18, '2008-09-29', NULL, 'K43861690', NULL, '7303', 54, '093', NULL, 3375, 205, NULL, NULL, NULL, 1276, NULL, 'syikin', NULL, NULL, NULL, NULL, NULL, 'L', NULL, NULL),
(2867, 'ICT2867', NULL, 'KODAK I220 SCANNER', 1, 1, 18, NULL, NULL, NULL, NULL, NULL, 54, '116', NULL, 3375, 226, NULL, NULL, NULL, 1276, NULL, NULL, NULL, NULL, NULL, NULL, NULL, 'L', NULL, NULL),
(2885, 'ICT2885', NULL, 'DELL POWER CONNECT 6248 (CORE SWITCH)', 1, 1, 5, NULL, NULL, '1B7F7M1', NULL, NULL, 2, NULL, NULL, NULL, 247, NULL, NULL, NULL, 2438, NULL, NULL, NULL, NULL, NULL, NULL, NULL, 'H', NULL, NULL),
(2886, 'ICT2886', NULL, 'DELL POWER CONNECT 6248 (CORE SWITCH)', 1, 1, 5, NULL, NULL, '487F7M1', NULL, NULL, 2, NULL, NULL, NULL, 247, NULL, NULL, NULL, 2438, NULL, NULL, NULL, NULL, NULL, NULL, NULL, 'H', NULL, NULL),
(2887, 'ICT2887', NULL, 'DELL POWER CONNECT 6248 (CORE SWITCH)', 1, 1, 5, NULL, NULL, '587F7M1', NULL, NULL, 2, NULL, NULL, NULL, 247, NULL, NULL, NULL, 2438, NULL, NULL, NULL, NULL, NULL, NULL, NULL, 'H', NULL, NULL),
(2888, 'ICT2888', NULL, 'FUJI XEROX PHASER 3435DN', 1, 1, 4, NULL, NULL, 'RVX453482', NULL, NULL, 49, '059', NULL, NULL, 241, NULL, NULL, NULL, 2475, NULL, 'kepong2', NULL, NULL, NULL, NULL, NULL, 'L', NULL, NULL),
(2889, 'ICT2889', NULL, 'FUJI XEROX PHASER 3435DN', 1, 1, 4, NULL, NULL, 'RVX453482', NULL, NULL, 49, '059', NULL, NULL, 240, NULL, NULL, NULL, 2475, NULL, 'puchong3', NULL, NULL, NULL, NULL, NULL, 'L', NULL, NULL),
(2890, 'ICT2890', NULL, 'FUJI XEROX PHASER 3435DN', 1, 1, 4, NULL, NULL, 'RVX453427', NULL, NULL, 49, '059', NULL, NULL, 238, NULL, NULL, NULL, 2475, NULL, 'kaunter3pj', NULL, NULL, NULL, NULL, NULL, 'L', NULL, NULL),
(2908, 'ICT2908', NULL, 'FUJI XEROX PHASER 3435D', 1, 1, 4, NULL, NULL, 'RVX 453164', NULL, NULL, 49, '059', NULL, NULL, 235, NULL, NULL, NULL, 2475, NULL, 'kaunter1dz', NULL, NULL, NULL, NULL, NULL, 'L', NULL, NULL),
(2909, 'ICT2909', NULL, 'FUJI XEROX PHASER 3435D', 1, 1, 4, NULL, NULL, 'RVX 453488', NULL, NULL, 49, '059', NULL, NULL, 235, NULL, NULL, NULL, 2475, NULL, 'kaunter7dz', NULL, NULL, NULL, NULL, NULL, 'L', NULL, NULL),
(2910, 'ICT2910', NULL, 'FUJI XEROX PHASER 3435D', 1, 1, 4, NULL, NULL, 'RVX 453358', NULL, NULL, 49, '139', NULL, NULL, 233, NULL, NULL, NULL, 2475, NULL, 'norsafiah', NULL, NULL, NULL, NULL, NULL, 'L', NULL, NULL),
(2911, 'ICT2911', NULL, 'FUJI XEROX PHASER 3435D', 1, 1, 4, '2012-05-23', NULL, 'RVX 453375', NULL, '24651', 49, '188', NULL, 1199, 201, NULL, NULL, NULL, 2475, NULL, 'juwaini', NULL, NULL, NULL, NULL, NULL, 'L', NULL, NULL),
(2912, 'ICT2912', NULL, 'FUJI XEROX PHASER 3435D', 1, 1, 4, NULL, NULL, 'RVX 453451', NULL, NULL, 49, '059', NULL, NULL, 241, NULL, NULL, NULL, 2475, NULL, 'kepong1', NULL, NULL, NULL, NULL, NULL, 'L', NULL, NULL),
(2913, 'ICT2913', NULL, 'FUJI XEROX PHASER 3435D', 1, 1, 4, NULL, NULL, 'RVX 453453', NULL, NULL, 49, NULL, NULL, NULL, 233, NULL, NULL, NULL, 2475, NULL, NULL, NULL, NULL, NULL, NULL, NULL, 'L', NULL, NULL),
(2914, 'ICT2914', NULL, 'FUJI XEROX PHASER 3435D', 1, 1, 4, NULL, NULL, 'RVX 453483', NULL, NULL, 49, NULL, NULL, NULL, 267, NULL, NULL, NULL, 2475, NULL, NULL, NULL, NULL, NULL, NULL, NULL, 'L', NULL, NULL),
(2915, 'ICT2915', NULL, 'FUJI XEROX PHASER 3435D', 1, 1, 4, NULL, NULL, 'RVX 451990', NULL, NULL, 49, '110', NULL, NULL, 225, NULL, NULL, NULL, 2475, NULL, 'fida', NULL, NULL, NULL, NULL, NULL, 'L', NULL, NULL),
(2928, 'ICT2928', NULL, 'FUJI XEROX PHASER 3435 DN', 1, 1, 4, NULL, NULL, 'RVX 453157', NULL, NULL, 49, '059', NULL, NULL, 235, NULL, NULL, NULL, 2495, NULL, 'kaunter5dz', NULL, NULL, NULL, NULL, NULL, 'L', NULL, NULL),
(2929, 'ICT2929', NULL, 'FUJI XEROX PHASER 3435 DN', 1, 1, 4, NULL, NULL, 'RVX 453282', NULL, NULL, 49, '059', NULL, NULL, 235, NULL, NULL, NULL, 2495, NULL, 'kaunter2dz', NULL, NULL, NULL, NULL, NULL, 'L', NULL, NULL),
(2930, 'ICT2930', NULL, 'FUJI XEROX PHASER 3435 DN', 1, 1, 4, NULL, NULL, 'RVX 453485', NULL, NULL, 49, '059', NULL, NULL, 235, NULL, NULL, NULL, 2495, NULL, 'kaunter6dz', NULL, NULL, NULL, NULL, NULL, 'L', NULL, NULL),
(2931, 'ICT2931', NULL, 'FUJI XEROX PHASER 3435 DN', 1, 1, 4, NULL, NULL, 'RVX 453479', NULL, NULL, 49, '059', NULL, NULL, 235, NULL, NULL, NULL, 2495, NULL, 'kaunter3dz', NULL, NULL, NULL, NULL, NULL, 'L', NULL, NULL),
(2932, 'ICT2932', NULL, 'FUJI XEROX PHASER 3435 DN', 1, 1, 4, NULL, NULL, 'RVX 455420', NULL, NULL, 49, '059', NULL, NULL, 236, NULL, NULL, NULL, 2495, NULL, 'kaunter4mn', NULL, NULL, NULL, NULL, NULL, 'L', NULL, NULL),
(2933, 'ICT2933', NULL, 'FUJI XEROX PHASER 3435 DN', 1, 1, 4, NULL, NULL, 'RVX 453150', NULL, NULL, 49, '059', NULL, NULL, 236, NULL, NULL, NULL, 2495, NULL, 'kaunter3mn', NULL, NULL, NULL, NULL, NULL, 'L', NULL, NULL),
(2934, 'ICT2934', NULL, 'FUJI XEROX PHASER 3435 DN', 1, 1, 4, NULL, NULL, 'RVX 453415', NULL, NULL, 49, '059', NULL, NULL, 236, NULL, NULL, NULL, 2495, NULL, 'kaunter1mn', NULL, NULL, NULL, NULL, NULL, 'L', NULL, NULL),
(2935, 'ICT2935', NULL, 'FUJI XEROX PHASER 3435 DN', 1, 1, 4, NULL, NULL, 'RVX 453436', NULL, NULL, 49, '059', NULL, NULL, 237, NULL, NULL, NULL, 2495, NULL, 'kaunter2wm', NULL, NULL, NULL, NULL, NULL, 'L', NULL, NULL),
(2936, 'ICT2936', NULL, 'FUJI XEROX PHASER 3435 DN', 1, 1, 4, NULL, NULL, 'RVX 453131', NULL, NULL, 49, '059', NULL, NULL, 240, NULL, NULL, NULL, 2495, NULL, 'puchong2', NULL, NULL, NULL, NULL, NULL, 'L', NULL, NULL),
(2937, 'ICT2937', NULL, 'FUJI XEROX PHASER 3435 DN', 1, 1, 4, NULL, NULL, 'RVX 453364', NULL, NULL, 49, '059', NULL, NULL, 237, NULL, NULL, NULL, 2495, NULL, 'kaunter5wm', NULL, NULL, NULL, NULL, NULL, 'L', NULL, NULL),
(2938, 'ICT2938', NULL, 'FUJI XEROX PHASER 3435 DN', 1, 1, 4, NULL, NULL, 'RVX 453462', NULL, NULL, 49, '059', NULL, NULL, 237, NULL, NULL, NULL, 2495, NULL, 'kaunter3wm', NULL, NULL, NULL, NULL, NULL, 'L', NULL, NULL),
(2939, 'ICT2939', NULL, 'FUJI XEROX PHASER 3435 DN', 1, 1, 4, NULL, NULL, 'RVX453434', NULL, NULL, 49, '059', NULL, NULL, 239, NULL, NULL, NULL, 2495, NULL, 'mtdi2', NULL, NULL, NULL, NULL, NULL, 'L', NULL, NULL),
(2940, 'ICT2940', NULL, 'FUJI XEROX PHASER 3435 DN', 1, 1, 4, NULL, NULL, 'RVX453455', NULL, NULL, 49, '059', NULL, NULL, 239, NULL, NULL, NULL, 2495, NULL, 'mtdi', NULL, NULL, NULL, NULL, NULL, 'L', NULL, NULL),
(2948, 'ICT2948', NULL, 'FUJI XEROX PHASER 3435 DN', 1, 1, 4, NULL, NULL, 'RVX 453504', NULL, NULL, 49, '059', NULL, NULL, 234, NULL, NULL, NULL, NULL, NULL, 'kaunter3sm', NULL, NULL, NULL, NULL, NULL, 'L', NULL, NULL),
(2949, 'ICT2949', NULL, 'FUJI XEROX PHASER 3435 DN', 1, 1, 4, NULL, NULL, 'RVX 453504', NULL, NULL, 49, '059', NULL, NULL, 259, NULL, NULL, NULL, 2495, NULL, 'kaunter6p15', NULL, NULL, NULL, NULL, NULL, 'L', NULL, NULL),
(2968, 'ICT2968', NULL, '13" MACBOOK AIR APPLE - VAN BERGERAK', 1, 1, 2, NULL, NULL, 'C02JK1FZDRVD', NULL, NULL, 51, '084', NULL, NULL, 223, NULL, NULL, NULL, 2515, NULL, 'SUKRIA', NULL, 1, NULL, NULL, NULL, 'M', NULL, NULL),
(2988, 'ICT2988', NULL, 'LAPTOP ACER TM 243 - VAN BERGERAK', 1, 1, 2, NULL, NULL, 'NXV7BSM0042250A2BD7600', NULL, NULL, 27, '059', NULL, NULL, 231, NULL, NULL, NULL, 2535, NULL, 'Hakemal', NULL, 1, NULL, NULL, NULL, 'M', NULL, NULL),
(2989, 'ICT2989', NULL, 'LAPTOP ACER TM 243 - VAN BERGERAK', 1, 1, 2, NULL, NULL, 'NXV7BSM0042250A2EE7600', NULL, NULL, 27, '144', NULL, NULL, 234, NULL, NULL, NULL, 2535, NULL, 'ppzmobile2', NULL, 1, NULL, NULL, NULL, 'M', NULL, NULL),
(2990, 'ICT2990', NULL, 'NOTEBOOK ACER TM 243 - VAN BERGERAK', 1, 1, 2, NULL, NULL, 'NXV7BSM0042250A2FA7600', NULL, NULL, 27, '214', NULL, NULL, 248, NULL, NULL, NULL, 2535, NULL, 'pinjam2', NULL, NULL, NULL, NULL, NULL, 'M', NULL, NULL),
(3008, 'ICT3008', NULL, 'ACER VERITON S6610G-5232PW', 1, 1, 1, NULL, NULL, '5E8C9200', NULL, NULL, 27, '204', NULL, NULL, 246, NULL, NULL, NULL, 2555, NULL, 'kaunter1ps', NULL, NULL, NULL, NULL, NULL, 'M', NULL, NULL),
(3009, 'ICT3009', NULL, 'ACER VERITON S6610G-5232PW', 1, 1, 1, NULL, NULL, '5E7A9200', NULL, NULL, 27, '204', NULL, NULL, 246, NULL, NULL, NULL, 2555, NULL, 'kaunter2ps', NULL, NULL, NULL, NULL, NULL, 'M', NULL, NULL),
(3010, 'ICT3010', NULL, 'ACER VERITON S6610G-5232PW', 1, 1, 1, NULL, NULL, '5DFE9200', NULL, NULL, 27, '204', NULL, NULL, 246, NULL, NULL, NULL, 2555, NULL, 'kaunter3ps', NULL, NULL, NULL, NULL, NULL, 'M', NULL, NULL),
(3011, 'ICT3011', NULL, 'ACER VERITON S6610G-5232PW', 1, 1, 1, NULL, NULL, '5E679200', NULL, NULL, 27, '106', NULL, NULL, 244, NULL, NULL, NULL, 2555, NULL, NULL, NULL, NULL, NULL, NULL, NULL, 'M', NULL, NULL),
(3012, 'ICT3012', NULL, 'ACER VERITON S6610G-5232PW', 1, 1, 1, '2012-09-03', NULL, '5E969200', NULL, '25639', 27, '140', NULL, 2450, 205, NULL, NULL, NULL, 2555, NULL, 'DP', NULL, NULL, NULL, NULL, NULL, 'M', NULL, NULL),
(3028, 'ICT3028', NULL, 'FUJI XEROX DOCUPRINT P205B', 1, 1, 4, NULL, NULL, '612448', NULL, NULL, 49, '214', NULL, NULL, 267, NULL, NULL, NULL, 2575, NULL, 'AIMAN', NULL, NULL, NULL, NULL, NULL, 'L', NULL, NULL);
INSERT INTO `assets` (`asset_id`, `ict_id`, `harta_id`, `butiran`, `status`, `kod_kategori`, `kod_sub_kategori`, `tkh_beli`, `tkh_jaminan`, `no_siri`, `no_invoice`, `no_rujukan`, `jenama`, `emp_id`, `kod_pembekal`, `harga_beli`, `lokasi_id`, `ipaddress`, `catatan`, `ict_no_master`, `pembelian_id`, `kod_pinjam`, `pengguna_id`, `kod_lesen`, `kod_auditict`, `tkh_disposed`, `kod_alasan_disp`, `catat_disp`, `kod_tahaprisiko`, `created_at`, `updated_at`) VALUES
(3029, 'ICT3029', NULL, 'FUJI XEROX DOCUPRINT P205B', 1, 1, 4, NULL, NULL, '612243', NULL, NULL, 49, NULL, NULL, NULL, 267, NULL, NULL, NULL, 2575, NULL, NULL, NULL, NULL, NULL, NULL, NULL, 'L', NULL, NULL),
(3030, 'ICT3030', NULL, 'FUJI XEROX DOCUPRINT P205B', 1, 1, 4, NULL, NULL, '612611', NULL, NULL, 49, '059', NULL, NULL, 246, NULL, NULL, NULL, 2575, NULL, 'kaunter3ps', NULL, NULL, NULL, NULL, NULL, 'L', NULL, NULL),
(3031, 'ICT3031', NULL, 'FUJI XEROX DOCUPRINT P205B', 1, 1, 4, NULL, NULL, '612588', NULL, NULL, 49, NULL, NULL, NULL, 267, NULL, NULL, NULL, 2575, NULL, NULL, NULL, NULL, NULL, NULL, NULL, 'L', NULL, NULL),
(3032, 'ICT3032', NULL, 'FUJI XEROX DOCUPRINT P205B', 1, 1, 4, NULL, NULL, '612173', NULL, NULL, 49, NULL, NULL, NULL, 267, NULL, NULL, NULL, 2575, NULL, NULL, NULL, NULL, NULL, NULL, NULL, 'L', NULL, NULL),
(3033, 'ICT3033', NULL, 'FUJI XEROX DOCUPRINT P205B', 1, 1, 4, NULL, NULL, '612993', NULL, NULL, 49, '059', NULL, NULL, 246, NULL, NULL, NULL, 2575, NULL, 'kaunter2ps', NULL, NULL, NULL, NULL, NULL, 'L', NULL, NULL),
(3034, 'ICT3034', NULL, 'FUJI XEROX PHASER 3435DN', 1, 1, 4, NULL, NULL, '669515', NULL, NULL, 49, '112', NULL, NULL, 232, NULL, NULL, NULL, 2576, NULL, 'nuzul', NULL, NULL, NULL, NULL, NULL, 'L', NULL, NULL),
(3035, 'ICT3035', NULL, 'FUJI XEROX PHASER 3435DN', 1, 1, 4, NULL, NULL, 'RX669534', NULL, NULL, 49, '171', NULL, NULL, 215, NULL, NULL, NULL, 2576, NULL, 'sofizal', NULL, NULL, NULL, NULL, NULL, 'L', NULL, NULL),
(3036, 'ICT3036', NULL, 'FUJI XEROX PHASER 3435DN', 1, 1, 4, NULL, NULL, '669539', NULL, NULL, 49, '059', NULL, NULL, 259, NULL, NULL, NULL, 2576, NULL, 'kaunter5p15', NULL, NULL, NULL, NULL, NULL, 'L', NULL, NULL),
(3037, 'ICT3037', NULL, 'FUJI XEROX PHASER 3435DN', 1, 1, 4, '2012-08-14', NULL, 'RVX 669541', NULL, '25575', 49, '140', NULL, 1179, 205, NULL, NULL, NULL, 2576, NULL, 'ashikin', NULL, NULL, NULL, NULL, NULL, 'L', NULL, NULL),
(3038, 'ICT3038', NULL, 'FUJI XEROX PHASER 3435DN', 1, 1, 4, NULL, NULL, NULL, NULL, NULL, 49, NULL, NULL, NULL, 267, NULL, NULL, NULL, 2576, NULL, NULL, NULL, NULL, NULL, NULL, NULL, 'L', NULL, NULL),
(3039, 'ICT3039', NULL, 'FUJI XEROX PHASER 3435DN', 1, 1, 4, '2012-08-14', NULL, '669544', NULL, '25575', 49, '109', NULL, 1179, 202, NULL, NULL, NULL, 2576, NULL, 'masyitah', NULL, NULL, NULL, NULL, NULL, 'L', NULL, NULL),
(3040, 'ICT3040', NULL, 'APPLE MACBOOK AIR 13 INCH 256SSD', 1, 1, 2, '2012-11-23', NULL, 'C02JK1FZDRVD', NULL, '26418', 51, '038', NULL, 4667, 205, NULL, NULL, NULL, 2577, NULL, 'MOHD', NULL, NULL, NULL, NULL, NULL, 'M', NULL, NULL),
(3048, 'ICT3048', NULL, 'MAC PRO 2.4GHZ QUAD-CORE INTEL XEON (SYED)', 1, 1, 1, NULL, NULL, 'C07HP08EF4MC', NULL, NULL, 51, '189', NULL, NULL, 230, NULL, NULL, NULL, 2616, NULL, 'mazhar', NULL, NULL, NULL, NULL, NULL, 'M', NULL, NULL),
(3049, 'ICT3049', NULL, 'POWERCONNECT 5524 24 PORTS  SWITCH 10GBE', 1, 1, 5, NULL, NULL, '4RNF7M1', NULL, NULL, 2, NULL, NULL, NULL, 259, NULL, NULL, NULL, 2605, NULL, NULL, NULL, NULL, NULL, NULL, NULL, 'H', NULL, NULL),
(3050, 'ICT3050', NULL, 'POWERCONNECT 5524 24 PORTS  SWITCH 10GBE', 1, 1, 5, NULL, NULL, '1GZPTS1', NULL, NULL, 2, NULL, NULL, NULL, 235, NULL, NULL, NULL, 2605, NULL, NULL, NULL, NULL, NULL, NULL, NULL, 'H', NULL, NULL),
(3051, 'ICT3051', NULL, 'POWERCONNECT 5524 24 PORTS  SWITCH 10GBE', 1, 1, 5, NULL, NULL, 'FFZPTS1', NULL, NULL, 2, NULL, NULL, NULL, 248, NULL, NULL, NULL, 2605, NULL, NULL, NULL, NULL, NULL, NULL, NULL, 'H', NULL, NULL),
(3052, 'ICT3052', NULL, 'POWERCONNECT 5524 24 PORTS  SWITCH 10GBE', 1, 1, 5, NULL, NULL, '64H67M1', NULL, NULL, 2, NULL, NULL, NULL, 259, NULL, NULL, NULL, 2605, NULL, NULL, NULL, NULL, NULL, NULL, NULL, 'H', NULL, NULL),
(3053, 'ICT3053', NULL, 'POWERCONNECT 5524 24 PORTS  SWITCH 10GBE', 1, 1, 5, NULL, NULL, NULL, NULL, NULL, 2, NULL, NULL, NULL, 222, NULL, NULL, NULL, 2605, NULL, NULL, NULL, NULL, NULL, NULL, NULL, 'H', NULL, NULL),
(3068, 'ICT3068', NULL, 'MACBOOK PRO AIR 13\'\r\n1.8GHZ \r\n', 1, 1, 2, '2013-01-11', NULL, 'SC02JW5K6DRVD', NULL, '26979', 51, '012', NULL, 4598, 202, NULL, NULL, NULL, 2655, NULL, 'hakim', NULL, NULL, NULL, NULL, NULL, 'M', NULL, NULL),
(3069, 'ICT3069', NULL, 'MACBOOK PRO AIR 13\'\r\n1.8GHZ \r\n', 1, 1, 2, '2013-01-11', NULL, 'SC02JT1RBDRVD', NULL, '26979', 51, '035', NULL, 4598, 203, NULL, NULL, NULL, 2655, NULL, 'AZRIN', NULL, NULL, NULL, NULL, NULL, 'M', NULL, NULL),
(3088, 'ICT3088', NULL, 'ACER S5 SERIES (S5210M) PROJECTOR', 1, 1, 7, NULL, NULL, '2188401', NULL, NULL, 27, '116', NULL, NULL, 226, NULL, NULL, NULL, 2675, NULL, 'sharizal', NULL, NULL, NULL, NULL, NULL, 'L', NULL, NULL),
(3089, 'ICT3089', NULL, 'ACER S5 SERIES (S5210M) PROJECTOR', 1, 1, 7, '2012-12-10', NULL, '2178401', NULL, '26880', 27, NULL, NULL, 3216, 206, NULL, NULL, NULL, 2675, NULL, NULL, NULL, NULL, NULL, NULL, NULL, 'L', NULL, NULL),
(3090, 'ICT3090', NULL, 'ACER S5 SERIES (S5210M) PROJECTOR', 1, 1, 7, '2012-12-10', NULL, '21A8401', NULL, '26880', 27, NULL, NULL, 3216, 201, NULL, NULL, NULL, 2675, NULL, NULL, NULL, NULL, NULL, NULL, NULL, 'L', NULL, NULL),
(3091, 'ICT3091', NULL, 'ACER S5 SERIES (S5210M) PROJECTOR', 1, 1, 7, NULL, NULL, '20C8401', NULL, NULL, 27, NULL, NULL, 3215, 267, NULL, NULL, NULL, 2675, NULL, NULL, NULL, NULL, NULL, NULL, NULL, 'L', NULL, NULL),
(3108, 'ICT3108', NULL, 'ACER VERITON S6620G-5347PW', 1, 1, 1, NULL, NULL, 'DTVE1SM01230102F989200', NULL, NULL, 27, '141', NULL, NULL, 244, NULL, NULL, NULL, 2715, NULL, 'ela', NULL, NULL, NULL, NULL, NULL, 'M', NULL, NULL),
(3109, 'ICT3109', NULL, 'ACER VERITON S6620G-5347PW', 1, 1, 1, NULL, NULL, 'DTVE1SM01230102F879200', NULL, NULL, 27, '106', NULL, NULL, 244, NULL, NULL, NULL, 2715, NULL, 'Rosniza', NULL, NULL, NULL, NULL, NULL, 'M', NULL, NULL),
(3110, 'ICT3110', NULL, 'ACER VERITON S6620G-5347PW', 1, 1, 1, NULL, NULL, 'DTVE1SM01230102FA09200', NULL, NULL, 27, '152', NULL, NULL, 244, NULL, NULL, NULL, 2715, NULL, 'huzaifah', NULL, NULL, NULL, NULL, NULL, 'M', NULL, NULL),
(3111, 'ICT3111', NULL, 'ACER VERITON S6620G-5347PW', 1, 1, 1, NULL, NULL, 'DTVE1SM01230102F9F9200', NULL, NULL, 27, '170', NULL, NULL, 244, NULL, NULL, NULL, 2715, NULL, 'hartini', NULL, NULL, NULL, NULL, NULL, 'M', NULL, NULL),
(3112, 'ICT3112', NULL, 'ACER VERITON S6620G-5347PW', 1, 1, 1, NULL, NULL, 'DTVE1SM01230102F8A9200', NULL, NULL, 27, '209', NULL, NULL, 244, NULL, NULL, NULL, 2715, NULL, 'syamimi', NULL, NULL, NULL, NULL, NULL, 'M', NULL, NULL),
(3113, 'ICT3113', NULL, 'ACER VERITON S6620G-5347PW', 1, 1, 1, NULL, NULL, 'DTVE1SM01230102FA19200', NULL, NULL, 27, '214', NULL, NULL, 222, NULL, NULL, NULL, 2715, NULL, 'lee', NULL, NULL, NULL, NULL, NULL, 'M', NULL, NULL),
(3128, 'ICT3128', NULL, 'DELL POWER CONNECT  2824 - 24 PORT SWITCH', 1, 1, 5, NULL, NULL, '8VBVTS1', NULL, NULL, 2, NULL, NULL, NULL, 222, NULL, NULL, NULL, 2755, NULL, NULL, NULL, NULL, NULL, NULL, NULL, 'H', NULL, NULL),
(3148, 'ICT3148', NULL, 'ACER VERITION S6620G-7377PW INTEL I7 UKMOD', 1, 1, 1, NULL, NULL, '305004', NULL, NULL, 27, '190', NULL, NULL, 233, NULL, NULL, NULL, 2737, NULL, 'azlina', NULL, NULL, NULL, NULL, NULL, 'M', NULL, NULL),
(3149, 'ICT3149', NULL, 'ACER VERITION S6620G-7377PW INTEL I7 UKMOD', 1, 1, 1, NULL, NULL, '305012', NULL, NULL, 27, '124', NULL, NULL, 233, NULL, NULL, NULL, 2737, NULL, 'suriawati', NULL, NULL, NULL, NULL, NULL, 'M', NULL, NULL),
(3168, 'ICT3168', NULL, 'ACER VERITON S 6620G-5347PW INTEL CORE I5', 1, 1, 1, NULL, NULL, '06001', NULL, NULL, 27, '004', NULL, NULL, 219, NULL, NULL, NULL, 2795, NULL, 'wan', NULL, NULL, NULL, NULL, NULL, 'M', NULL, NULL),
(3169, 'ICT3169', NULL, 'ACER VERITON S 6620G-5347PW INTEL CORE I5', 1, 1, 1, NULL, NULL, '06002', NULL, NULL, 27, '126', NULL, NULL, 219, NULL, NULL, NULL, 2795, NULL, 'muji', NULL, NULL, NULL, NULL, NULL, 'M', NULL, NULL),
(3188, 'ICT3188', NULL, 'ACER VERITON S 6620G-5347PW INTEL CORE I5', 1, 1, 1, NULL, NULL, '06008', NULL, NULL, 27, '108', NULL, NULL, 229, NULL, NULL, NULL, 2795, NULL, 'faridah', NULL, NULL, NULL, NULL, NULL, 'M', NULL, NULL),
(3189, 'ICT3189', NULL, 'ACER VERITON S 6620G-5347PW INTEL CORE I5', 1, 1, 1, '2012-11-20', NULL, '06004', NULL, '26679', 27, '064', NULL, 2380, 204, NULL, NULL, NULL, 2795, NULL, 'noraini', NULL, NULL, NULL, NULL, NULL, 'M', NULL, NULL),
(3190, 'ICT3190', NULL, 'ACER VERITON S 6620G-5347PW INTEL CORE I5', 1, 1, 1, NULL, NULL, '06007', NULL, NULL, 27, '111', NULL, NULL, 219, NULL, NULL, NULL, 2795, NULL, 'uyun', NULL, NULL, NULL, NULL, NULL, 'M', NULL, NULL),
(3191, 'ICT3191', NULL, 'ACER VERITON S 6620G-5347PW INTEL CORE I5', 1, 1, 1, NULL, NULL, '06005', NULL, NULL, 27, '180', NULL, NULL, 219, NULL, NULL, NULL, 2795, NULL, 'fadzilah', NULL, NULL, NULL, NULL, NULL, 'M', NULL, NULL),
(3192, 'ICT3192', NULL, 'ACER VERITON S 6620G-5347PW INTEL CORE I5', 1, 1, 1, NULL, NULL, '06011', NULL, NULL, 27, '184', NULL, NULL, 220, NULL, NULL, NULL, 2795, NULL, 'Muhsin', NULL, NULL, NULL, NULL, NULL, 'M', NULL, NULL),
(3193, 'ICT3193', NULL, 'ACER VERITON S 6620G-5347PW INTEL CORE I5', 1, 1, 1, NULL, NULL, '06010', NULL, NULL, 27, '206', NULL, NULL, 228, NULL, NULL, NULL, 2795, NULL, 'imran', NULL, NULL, NULL, NULL, NULL, 'M', NULL, NULL),
(3194, 'ICT3194', NULL, 'ACER VERITON S 6620G-5347PW INTEL CORE I5', 1, 1, 1, NULL, NULL, '06009', NULL, NULL, 27, '207', NULL, NULL, 229, NULL, NULL, NULL, 2795, NULL, 'hizam', NULL, NULL, NULL, NULL, NULL, 'M', NULL, NULL),
(3195, 'ICT3195', NULL, 'ACER VERITON S 6620G-5347PW INTEL CORE I5', 1, 1, 1, NULL, NULL, '06003', NULL, NULL, 27, '205', NULL, NULL, 262, NULL, NULL, NULL, 2795, NULL, 'nargis', NULL, NULL, NULL, NULL, NULL, 'M', NULL, NULL),
(3208, 'ICT3208', NULL, 'HP PAVILION ENVY M6-1201TX\r\n-  I7-3610QM SUHAIMI', 1, 1, 2, NULL, NULL, 'CND3030ZWN', NULL, NULL, 17, '096', NULL, 3269, 221, NULL, NULL, NULL, 2780, NULL, 'suhaimi', NULL, NULL, NULL, NULL, NULL, 'M', NULL, NULL),
(3228, 'ICT3228', NULL, 'FIFENINES FAULT DUAL-NODE VM SERVER DRC WM', 1, 1, 9, NULL, NULL, 'C82700B31M80036', NULL, NULL, 53, NULL, NULL, 29700, 259, NULL, NULL, NULL, 2778, NULL, NULL, NULL, NULL, NULL, NULL, NULL, 'H', NULL, NULL),
(3248, 'ICT3248', NULL, 'FUJI XEROX PHASER 3435DN', 1, 1, 4, NULL, NULL, '673864', NULL, NULL, 49, '163', NULL, 1505, 219, NULL, NULL, NULL, 2784, NULL, 'hasmah', NULL, NULL, NULL, NULL, NULL, 'L', NULL, NULL),
(3249, 'ICT3249', NULL, 'FUJI XEROX PHASER 3435DN', 1, 1, 4, NULL, NULL, '673920', NULL, NULL, 49, '028', NULL, 1505, 233, NULL, NULL, NULL, 2784, NULL, 'MISSABAH', NULL, NULL, NULL, NULL, NULL, 'L', NULL, NULL),
(3250, 'ICT3250', NULL, 'FUJI XEROX PHASER 3435DN', 1, 1, 4, NULL, NULL, '673953', NULL, NULL, 49, NULL, NULL, 1505, 259, NULL, NULL, NULL, 2784, NULL, 'kaunter4p15', NULL, NULL, NULL, NULL, NULL, 'L', NULL, NULL),
(3251, 'ICT3251', NULL, 'FUJI XEROX PHASER 3435DN', 1, 1, 4, NULL, NULL, '674014', NULL, NULL, 49, '059', NULL, 1505, 259, NULL, NULL, NULL, 2784, NULL, 'kaunter1p15', NULL, NULL, NULL, NULL, NULL, 'L', NULL, NULL),
(3252, 'ICT3252', NULL, 'FUJI XEROX PHASER 3435DN', 1, 1, 4, NULL, NULL, '674036', NULL, NULL, 49, '027', NULL, 1505, 212, NULL, NULL, NULL, 2784, NULL, 'MUHSINI', NULL, NULL, NULL, NULL, NULL, 'L', NULL, NULL),
(3253, 'ICT3253', NULL, 'FUJI XEROX PHASER 3435DN', 1, 1, 4, NULL, NULL, '674070', NULL, NULL, 49, '059', NULL, 1505, 259, NULL, NULL, NULL, 2784, NULL, 'kaunter3p15', NULL, NULL, NULL, NULL, NULL, 'L', NULL, NULL),
(3254, 'ICT3254', NULL, 'FUJI XEROX PHASER 3435DN', 1, 1, 4, NULL, NULL, '674071', NULL, NULL, 49, '154', NULL, 1505, 233, NULL, NULL, NULL, 2784, NULL, 'zulaikha', NULL, NULL, NULL, NULL, NULL, 'L', NULL, NULL),
(3268, 'ICT3268', NULL, 'PRINTER FUJI XEROX DOCUPRINT DPC2200', 1, 1, 4, NULL, NULL, '007727', NULL, NULL, 49, '086', NULL, 2207, 212, NULL, NULL, NULL, 2875, NULL, 'affrini', NULL, NULL, NULL, NULL, NULL, 'L', NULL, NULL),
(3269, 'ICT3269', NULL, 'PRINTER FUJI XEROX DOCUPRINT DPC2200', 1, 1, 4, NULL, NULL, '007717', NULL, NULL, 49, NULL, NULL, 2207, 233, NULL, NULL, NULL, 2875, NULL, NULL, NULL, NULL, NULL, NULL, NULL, 'L', NULL, NULL),
(3288, 'ICT3288', NULL, 'KODAK I2600 SCANNER', 1, 1, 18, NULL, NULL, '49371577', NULL, NULL, 54, '080', NULL, NULL, 210, NULL, NULL, NULL, 2895, NULL, 'ZAHARIATON', NULL, NULL, NULL, NULL, NULL, 'L', NULL, NULL),
(3308, 'ICT3308', NULL, 'DELL ALIENWARE M17X 3RD', 1, 1, 2, NULL, NULL, '.', NULL, NULL, 2, '162', NULL, NULL, 222, NULL, NULL, NULL, 2916, NULL, 'ekmal', NULL, NULL, NULL, NULL, NULL, 'M', NULL, NULL),
(3309, 'ICT3309', NULL, 'DELL ALIENWARE M17X 3RD', 1, 1, 2, NULL, NULL, '5RR2FS1', NULL, NULL, 2, '196', NULL, NULL, 223, NULL, NULL, NULL, 2916, NULL, NULL, NULL, NULL, NULL, NULL, NULL, 'M', NULL, NULL),
(3328, 'ICT3328', NULL, 'ACER VERITON AZS600-5333W8', 1, 1, 1, NULL, NULL, 'CDE6300', NULL, NULL, 27, '176', NULL, 2846, 235, NULL, NULL, NULL, 2935, NULL, 'kaunter1dz', NULL, NULL, NULL, NULL, NULL, 'M', NULL, NULL),
(3329, 'ICT3329', NULL, 'ACER VERITON AZS600-5333W8', 1, 1, 1, NULL, NULL, 'CDF6300', NULL, NULL, 27, '176', NULL, 2846, 235, NULL, NULL, NULL, 2935, NULL, 'kaunter6dz', NULL, NULL, NULL, NULL, NULL, 'M', NULL, NULL),
(3330, 'ICT3330', NULL, 'ACER VERITON AZS600-5333W8', 1, 1, 1, NULL, NULL, 'D026300', NULL, NULL, 27, '176', NULL, 2846, 235, NULL, NULL, NULL, 2935, NULL, 'kaunter5dz', NULL, NULL, NULL, NULL, NULL, 'M', NULL, NULL),
(3331, 'ICT3331', NULL, 'ACER VERITON AZS600-5333W8', 1, 1, 1, NULL, NULL, 'CDD6300', NULL, NULL, 27, '059', NULL, 2846, 236, NULL, NULL, NULL, 2935, NULL, 'kaunter2mn', NULL, NULL, NULL, NULL, NULL, 'M', NULL, NULL),
(3332, 'ICT3332', NULL, 'ACER VERITON AZS600-5333W8', 1, 1, 1, NULL, NULL, 'CDB6300', NULL, NULL, 27, '176', NULL, 2846, 235, NULL, NULL, NULL, 2935, NULL, 'kaunter2dz', NULL, NULL, NULL, NULL, NULL, 'M', NULL, NULL),
(3333, 'ICT3333', NULL, 'ACER VERITON AZS600-5333W8', 1, 1, 1, NULL, NULL, 'CDA6300', NULL, NULL, 27, '059', NULL, 2846, 236, NULL, NULL, NULL, 2935, NULL, 'kaunter1mn', NULL, NULL, NULL, NULL, NULL, 'M', NULL, NULL),
(3334, 'ICT3334', NULL, 'ACER VERITON AZS600-5333W8', 1, 1, 1, NULL, NULL, 'CF06300', NULL, NULL, 27, '176', NULL, 2846, 235, NULL, NULL, NULL, 2935, NULL, 'kaunter4dz', NULL, NULL, NULL, NULL, NULL, 'M', NULL, NULL),
(3335, 'ICT3335', NULL, 'ACER VERITON AZS600-5333W8', 1, 1, 1, NULL, NULL, 'CD86300', NULL, NULL, 27, '059', NULL, 2846, 236, NULL, NULL, NULL, 2935, NULL, 'kaunter4mn', NULL, NULL, NULL, NULL, NULL, 'M', NULL, NULL),
(3336, 'ICT3336', NULL, 'ACER VERITON AZS600-5333W8', 1, 1, 1, NULL, NULL, 'C886300', NULL, NULL, 27, '176', NULL, 2846, 235, NULL, NULL, NULL, 2935, NULL, 'kaunter3dz', NULL, NULL, NULL, NULL, NULL, 'M', NULL, NULL),
(3337, 'ICT3337', NULL, 'ACER VERITON AZS600-5333W8', 1, 1, 1, NULL, NULL, 'CD96300', NULL, NULL, 27, '059', NULL, 2846, 236, NULL, NULL, NULL, 2935, NULL, 'kaunter3mn', NULL, NULL, NULL, NULL, NULL, 'M', NULL, NULL),
(3348, 'ICT3348', NULL, 'SENNHEISER WIRELESS MICROPHONE - G3 EW100', 1, 1, 13, NULL, NULL, NULL, NULL, NULL, 63, NULL, NULL, 2880, 250, NULL, NULL, NULL, 2973, NULL, NULL, NULL, NULL, NULL, NULL, NULL, 'L', NULL, NULL),
(3349, 'ICT3349', NULL, 'SHURE GOOSENECK MICROPHONE - 428DS', 1, 1, 13, NULL, NULL, NULL, NULL, NULL, 64, NULL, NULL, 1620, 250, NULL, NULL, NULL, 2973, NULL, NULL, NULL, NULL, NULL, NULL, NULL, 'L', NULL, NULL),
(3368, 'ICT3368', NULL, 'ACER VERITON L4620G-3322PW', 1, 1, 1, NULL, NULL, 'DTVFUSM001319019A09600', NULL, NULL, 27, '051', NULL, 1920, 230, NULL, NULL, NULL, 2968, NULL, 'login3', NULL, NULL, NULL, NULL, NULL, 'M', NULL, NULL),
(3388, 'ICT3388', NULL, 'PC ACER VERITON L4620G-3322PW', 1, 1, 1, NULL, NULL, '197D9600', NULL, NULL, 27, '151', NULL, 1920, 220, NULL, NULL, NULL, 2968, NULL, 'aiman', NULL, NULL, NULL, NULL, NULL, 'M', NULL, NULL),
(3389, 'ICT3389', NULL, 'ACER VERITON L4620G-3322PW', 1, 1, 1, NULL, NULL, '19A59600', NULL, NULL, 27, '068', NULL, 1920, 212, NULL, NULL, NULL, 2968, NULL, 'Amran', NULL, NULL, NULL, NULL, NULL, 'M', NULL, NULL),
(3390, 'ICT3390', NULL, 'ACER VERITON L4620G-3322PW', 1, 1, 1, NULL, NULL, '97C9600', NULL, NULL, 27, '128', NULL, 1920, 212, NULL, NULL, NULL, 2968, NULL, 'fazli', NULL, NULL, NULL, NULL, NULL, 'M', NULL, NULL),
(3391, 'ICT3391', NULL, 'PC ACER VERITON L4620G-3322PW', 1, 1, 1, '2013-06-06', NULL, '95809600', NULL, '30263', 27, '056', NULL, 1920, 232, NULL, NULL, NULL, 2968, NULL, 'Fatimah', NULL, NULL, NULL, NULL, NULL, 'M', NULL, NULL),
(3392, 'ICT3392', NULL, 'PC ACER VERITON L4620G-3322PW', 1, 1, 1, NULL, NULL, '909A99600', NULL, NULL, 27, '191', NULL, 1920, 217, NULL, NULL, NULL, 2968, NULL, 'azkiah', NULL, NULL, NULL, NULL, NULL, 'M', NULL, NULL),
(3393, 'ICT3393', NULL, 'PC ACER VERITON L4620G-3322PW', 1, 1, 1, NULL, NULL, '9859600', NULL, NULL, 27, '059', NULL, 1920, 259, NULL, NULL, NULL, 2968, NULL, 'kaunter7p15', NULL, NULL, NULL, NULL, NULL, 'M', NULL, NULL),
(3394, 'ICT3394', NULL, 'PC ACER VERITON L4620G-3322PW', 1, 1, 1, '2013-06-06', NULL, '9869600', NULL, '30263', 27, '178', NULL, 1920, 219, NULL, NULL, NULL, 2968, NULL, 'noraiman', NULL, NULL, NULL, NULL, NULL, 'M', NULL, NULL),
(3395, 'ICT3395', NULL, 'PC ACER VERITON L4620G-3322PW', 1, 1, 1, NULL, NULL, '9849600', NULL, NULL, 27, '211', NULL, 1920, 226, NULL, NULL, NULL, 2968, NULL, 'Abdullah', NULL, NULL, NULL, NULL, NULL, 'M', NULL, NULL),
(3396, 'ICT3396', NULL, 'PC ACER VERITON L4620G-3322PW', 1, 1, 1, NULL, NULL, '98A9600', NULL, NULL, 27, '217', NULL, 1920, 232, NULL, NULL, NULL, 2968, NULL, 'syaz', NULL, NULL, NULL, NULL, NULL, 'M', NULL, NULL),
(3397, 'ICT3397', NULL, 'PC ACER VERITON L4620G-3322PW', 1, 1, 1, NULL, NULL, '9019A49600', NULL, NULL, 27, '139', NULL, 1920, 233, NULL, NULL, NULL, 2968, NULL, 'norsafiah', NULL, NULL, NULL, NULL, NULL, 'M', NULL, NULL),
(3398, 'ICT3398', NULL, 'PC ACER VERITON L4620G-3322PW', 1, 1, 1, NULL, NULL, '9939600', NULL, NULL, 27, '133', NULL, 1920, 229, NULL, NULL, NULL, 2968, NULL, 'izudin', NULL, NULL, NULL, NULL, NULL, 'M', NULL, NULL),
(3408, 'ICT3408', NULL, 'TASCOM DR-40 HANDHELD 4-TRACK VOICE RECORDER', 1, 1, 14, NULL, NULL, '0210859', NULL, NULL, 56, '070', NULL, 820, 222, NULL, NULL, NULL, 2995, NULL, 'Norman', NULL, NULL, NULL, NULL, NULL, 'L', NULL, NULL),
(3409, 'ICT3409', NULL, 'TASCOM DR-40 HANDHELD 4-TRACK VOICE RECORDER', 1, 1, 14, NULL, NULL, NULL, NULL, NULL, 56, '186', NULL, 820, 229, NULL, NULL, NULL, 2995, NULL, 'basar', NULL, NULL, NULL, NULL, NULL, 'L', NULL, NULL),
(3410, 'ICT3410', NULL, 'NOTEBOOK ACER V5-471PG-53334G50S', 1, 1, 2, '2013-06-05', NULL, '95616600', NULL, '30223', 27, '188', NULL, 2653, 201, NULL, NULL, NULL, 2967, NULL, 'juwaini', NULL, NULL, NULL, NULL, NULL, 'M', NULL, NULL),
(3428, 'ICT3428', NULL, 'NOTEBOOK ACER V5-471PG-53334G50S', 1, 1, 2, NULL, NULL, '95676600', NULL, NULL, 27, '182', NULL, 2653, 219, NULL, NULL, NULL, 2967, NULL, 'norza', NULL, NULL, NULL, NULL, NULL, 'M', NULL, NULL),
(3429, 'ICT3429', NULL, 'BACKUP STRORAGE 48TB RAW \r\n-SYNOLOGY DS 2413+\r\n-4TB', 1, 1, 9, NULL, NULL, 'D5KSN00062', NULL, NULL, 57, NULL, NULL, 17800, 247, NULL, NULL, NULL, 3015, NULL, NULL, NULL, NULL, NULL, NULL, NULL, 'H', NULL, NULL),
(3449, 'ICT3449', NULL, 'KOMPUTER DELL XPS8500 - CORE I7', 1, 1, 1, NULL, NULL, '1Z0S8X1', NULL, NULL, 2, '083', NULL, 2999, 248, NULL, NULL, NULL, 2972, NULL, 'merang', NULL, NULL, NULL, NULL, NULL, 'M', NULL, NULL),
(3450, 'ICT3450', NULL, 'KOMPUTER DELL XPS8500 - CORE I7', 1, 1, 1, NULL, NULL, '4Y0S8X1', NULL, NULL, 2, '162', NULL, 2999, 247, NULL, NULL, NULL, 2972, NULL, 'ekmal', NULL, NULL, NULL, NULL, NULL, 'M', NULL, NULL),
(3451, 'ICT3451', NULL, 'KOMPUTER DELL XPS8500 - CORE I7', 1, 1, 1, NULL, NULL, '6Z0S8X1', NULL, NULL, 2, '162', NULL, 2999, 247, NULL, NULL, NULL, 2972, NULL, 'ekmal', NULL, NULL, NULL, NULL, NULL, 'M', NULL, NULL),
(3452, 'ICT3452', NULL, 'RACK 42U 19\' FLOOR STANDING RACK', 1, 1, 30, NULL, NULL, NULL, NULL, NULL, NULL, '204', NULL, 2500, 246, NULL, NULL, NULL, 3035, NULL, NULL, NULL, NULL, NULL, NULL, NULL, 'H', NULL, NULL),
(3453, 'ICT3453', NULL, 'RACK 42U 19\' FLOOR STANDING RACK', 1, 1, 30, NULL, NULL, NULL, NULL, NULL, NULL, '204', NULL, 2500, 246, NULL, NULL, NULL, 3035, NULL, NULL, NULL, NULL, NULL, NULL, NULL, 'H', NULL, NULL),
(3469, 'ICT3469', NULL, 'NOTEBOOK ACER V5-471PG-53334G50S', 1, 1, 2, '2013-06-05', NULL, '95586600', NULL, '30223', 27, '109', NULL, 2653, 202, NULL, NULL, NULL, 2967, NULL, 'masyitah', NULL, NULL, NULL, NULL, NULL, 'M', NULL, NULL),
(3489, 'ICT3489', NULL, 'POWERCONNECT 5524 FLOOR SWITCH', 1, 1, 5, NULL, NULL, '02GPFC', NULL, NULL, 2, NULL, NULL, NULL, 267, NULL, NULL, NULL, 2436, NULL, NULL, NULL, NULL, NULL, NULL, NULL, 'H', NULL, NULL),
(3490, 'ICT3490', NULL, 'POWERCONNECT 5524 FLOOR SWITCH', 1, 1, 5, NULL, NULL, 'DQNF7M1', NULL, NULL, 2, NULL, NULL, NULL, 247, NULL, NULL, NULL, 2436, NULL, NULL, NULL, NULL, NULL, NULL, NULL, 'H', NULL, NULL),
(3491, 'ICT3491', NULL, 'POWERCONNECT 5524 FLOOR SWITCH', 1, 1, 5, NULL, NULL, NULL, NULL, NULL, 2, NULL, NULL, NULL, 248, NULL, NULL, NULL, 2436, NULL, NULL, NULL, NULL, NULL, NULL, NULL, 'H', NULL, NULL),
(3492, 'ICT3492', NULL, 'POWERCONNECT 5524 FLOOR SWITCH', 1, 1, 5, NULL, NULL, '05L0247A05', NULL, NULL, 2, NULL, NULL, NULL, 267, NULL, NULL, NULL, 2436, NULL, NULL, NULL, NULL, NULL, NULL, NULL, 'H', NULL, NULL),
(3493, 'ICT3493', NULL, 'POWERCONNECT 5524 FLOOR SWITCH', 1, 1, 5, NULL, NULL, NULL, NULL, NULL, 2, NULL, NULL, NULL, 267, NULL, NULL, NULL, 2436, NULL, NULL, NULL, NULL, NULL, NULL, NULL, 'H', NULL, NULL),
(3494, 'ICT3494', NULL, 'HP PAVILION DV6-7014T X NOTEBOOK', 1, 1, 2, NULL, NULL, '4697085032', NULL, NULL, 17, '096', NULL, NULL, 221, NULL, NULL, NULL, 2815, NULL, 'suhaimi', NULL, NULL, NULL, NULL, NULL, 'M', NULL, NULL),
(3495, 'ICT3495', NULL, 'NOTEBOOK ACER V5-471PG-53334G50S', 1, 1, 2, '2013-06-05', NULL, '952D6600', NULL, '30223', 27, '140', NULL, 2653, 205, NULL, NULL, NULL, 2967, NULL, 'syikin', NULL, NULL, NULL, NULL, NULL, 'M', NULL, NULL),
(3496, 'ICT3496', NULL, 'NOTEBOOK ACER V5-471PG-53334G50S', 1, 1, 2, NULL, NULL, '955B6600', NULL, NULL, 27, '214', NULL, 2653, 248, NULL, NULL, NULL, 2967, NULL, 'pinjam1', NULL, NULL, NULL, NULL, NULL, 'M', NULL, NULL),
(3497, 'ICT3497', NULL, 'NOTEBOOK ACER V5-471PG-53334G50S', 1, 1, 2, NULL, NULL, '95266600', NULL, NULL, 27, '162', NULL, 2653, 248, NULL, NULL, NULL, 2967, NULL, NULL, NULL, NULL, NULL, NULL, NULL, 'M', NULL, NULL),
(3498, 'ICT3498', NULL, 'NOTEBOOK ACER V5-471PG-53334G50S', 1, 1, 2, NULL, NULL, '954D6600', NULL, NULL, 27, '162', NULL, 2653, 248, NULL, NULL, NULL, 2967, NULL, 'Majlis6', NULL, NULL, NULL, NULL, NULL, 'M', NULL, NULL),
(3499, 'ICT3499', NULL, 'NOTEBOOK ACER V5-471PG-53334G50S', 1, 1, 2, NULL, NULL, '95906600', NULL, NULL, 27, NULL, NULL, 2653, 248, NULL, NULL, NULL, 2967, NULL, NULL, NULL, NULL, NULL, NULL, NULL, 'M', NULL, NULL),
(3500, 'ICT3500', NULL, 'NOTEBOOK ACER V5-471PG-53334G50S', 1, 1, 2, '2013-06-05', NULL, '954C6600', NULL, '30223', 27, '064', NULL, 2653, 204, NULL, NULL, NULL, 2967, NULL, 'noraini', NULL, NULL, NULL, NULL, NULL, 'M', NULL, NULL),
(3501, 'ICT3501', NULL, 'NOTEBOOK ACER V5-471PG-53334G50S', 1, 1, 2, NULL, NULL, '95126600', NULL, NULL, 27, '009', NULL, 2653, 220, NULL, NULL, NULL, 2967, NULL, 'Razali', NULL, NULL, NULL, NULL, NULL, 'M', NULL, NULL),
(3502, 'ICT3502', NULL, 'NOTEBOOK ACER V5-471PG-53334G50S', 1, 1, 2, NULL, NULL, '95486600', NULL, NULL, 27, '099', NULL, 2653, 230, NULL, NULL, NULL, 2967, NULL, 'suhaila', NULL, NULL, NULL, NULL, NULL, 'M', NULL, NULL),
(3503, 'ICT3503', NULL, 'NOTEBOOK ACER V5-471PG-53334G50S', 1, 1, 2, NULL, NULL, '955C6600', NULL, NULL, 27, NULL, NULL, 2653, 267, NULL, NULL, NULL, 2967, NULL, NULL, NULL, NULL, NULL, NULL, NULL, 'M', NULL, NULL),
(3504, 'ICT3504', NULL, 'NOTEBOOK ACER V5-471PG-53334G50S', 1, 1, 2, NULL, NULL, '95576600', NULL, NULL, 27, '077', NULL, 2653, 228, NULL, NULL, NULL, 2967, NULL, 'SAUFI', NULL, NULL, NULL, NULL, NULL, 'M', NULL, NULL),
(3505, 'ICT3505', NULL, 'NOTEBOOK ACER V5-471PG-53334G50S', 1, 1, 2, NULL, NULL, '953F6600', NULL, NULL, 27, '186', NULL, 2653, 228, NULL, NULL, NULL, 2967, NULL, 'basar', NULL, NULL, NULL, NULL, NULL, 'M', NULL, NULL),
(3506, 'ICT3506', NULL, 'NOTEBOOK ACER V5-471PG-53334G50S', 1, 1, 2, NULL, NULL, '95696600', NULL, NULL, 27, '079', NULL, 2653, 225, NULL, NULL, NULL, 2967, NULL, 'khairul', NULL, NULL, NULL, NULL, NULL, 'M', NULL, NULL),
(3507, 'ICT3507', NULL, 'NOTEBOOK ACER V5-471PG-53334G50S', 1, 1, 2, NULL, NULL, '94486600', NULL, NULL, 27, '195', NULL, 2653, 228, NULL, NULL, NULL, 2967, NULL, NULL, NULL, NULL, NULL, NULL, NULL, 'M', NULL, NULL),
(3508, 'ICT3508', NULL, 'NOTEBOOK ACER V5-471PG-53334G50S', 1, 1, 2, NULL, NULL, '95526600', NULL, NULL, 27, '195', NULL, 2653, 228, NULL, NULL, NULL, 2967, NULL, 'hidayah', NULL, NULL, NULL, NULL, NULL, 'M', NULL, NULL),
(3509, 'ICT3509', NULL, 'NOTEBOOK ACER V5-471PG-53334G50S', 1, 1, 2, NULL, NULL, '957D6600', NULL, NULL, 27, '192', NULL, 2653, 229, NULL, NULL, NULL, 2967, NULL, 'adha', NULL, NULL, NULL, NULL, NULL, 'M', NULL, NULL),
(3510, 'ICT3510', NULL, 'NOTEBOOK ACER V5-471PG-53334G50S', 1, 1, 2, NULL, NULL, '95386600', NULL, NULL, 27, '183', NULL, 2653, 219, NULL, NULL, NULL, 2967, NULL, 'fadilah', NULL, NULL, NULL, NULL, NULL, 'M', NULL, NULL),
(3511, 'ICT3511', NULL, 'NOTEBOOK ACER V5-471PG-53334G50S', 1, 1, 2, NULL, NULL, '952E6600', NULL, NULL, 27, NULL, NULL, 2653, 222, NULL, NULL, NULL, 2967, NULL, NULL, NULL, NULL, NULL, NULL, NULL, 'M', NULL, NULL),
(3512, 'ICT3512', NULL, 'NOTEBOOK ACER V5-471PG-53334G50S', 1, 1, 2, NULL, NULL, '958C6600', NULL, NULL, 27, '162', NULL, 2653, 248, NULL, NULL, NULL, 2967, NULL, NULL, NULL, NULL, NULL, NULL, NULL, 'M', NULL, NULL),
(3513, 'ICT3513', NULL, 'NOTEBOOK ACER V5-471PG-53334G50S', 1, 1, 2, '2013-06-05', NULL, '95956600', NULL, '30223', 27, '037', NULL, 2653, 205, NULL, NULL, NULL, 2967, NULL, 'ASFA', NULL, NULL, NULL, NULL, NULL, 'M', NULL, NULL),
(3514, 'ICT3514', NULL, 'NOTEBOOK ACER V5-471PG-53334G50S', 1, 1, 2, NULL, NULL, '107B46600', NULL, NULL, 27, '078', NULL, 2653, 211, NULL, NULL, NULL, 2967, NULL, 'shah', NULL, NULL, NULL, NULL, NULL, 'M', NULL, NULL),
(3515, 'ICT3515', NULL, 'NOTEBOOK ACER V5-471PG-53334G50S', 1, 1, 2, NULL, NULL, '953A6600', NULL, NULL, 27, '193', NULL, 2653, 218, NULL, NULL, NULL, 2967, NULL, 'amiro', NULL, NULL, NULL, NULL, NULL, 'M', NULL, NULL),
(3516, 'ICT3516', NULL, 'NOTEBOOK ACER V5-471PG-53334G50S', 1, 1, 2, NULL, NULL, '95546600', NULL, NULL, 27, '063', NULL, 2653, 218, NULL, NULL, NULL, 2967, NULL, 'Mukshar', NULL, NULL, NULL, NULL, NULL, 'M', NULL, NULL),
(3529, 'ICT3529', NULL, 'POWERCONNECT(TM) 2824 24 PORT', 1, 1, 5, '2012-08-22', NULL, 'BRCP9T1', NULL, '25695', 2, '162', NULL, 2950, 205, NULL, NULL, NULL, 3075, NULL, 'ekmal', NULL, NULL, NULL, NULL, NULL, 'H', NULL, NULL),
(3530, 'ICT3530', NULL, 'POWERCONNECT(TM) 2824 24 PORT', 1, 1, 5, NULL, NULL, '30DP9T1', NULL, NULL, 2, NULL, NULL, NULL, 259, NULL, NULL, NULL, 3075, NULL, NULL, NULL, NULL, NULL, NULL, NULL, 'H', NULL, NULL),
(3531, 'ICT3531', NULL, 'POWERCONNECT(TM) 2824 24 PORT', 1, 1, 5, '2012-08-22', NULL, '2QCP9T1', NULL, '25695', 2, '162', NULL, 2950, 205, NULL, NULL, NULL, 3075, NULL, 'ekmal', NULL, NULL, NULL, NULL, NULL, 'H', NULL, NULL),
(3532, 'ICT3532', NULL, 'POWERCONNECT(TM) 2824 24 PORT', 1, 1, 5, NULL, NULL, '2SCP9T1', NULL, NULL, 2, NULL, NULL, NULL, 248, NULL, NULL, NULL, 3075, NULL, NULL, NULL, NULL, NULL, NULL, NULL, 'H', NULL, NULL),
(3533, 'ICT3533', NULL, 'POWERCONNECT(TM) 2824 24 PORT', 1, 1, 5, NULL, NULL, 'CZCP9T1', NULL, NULL, 2, NULL, NULL, NULL, 259, NULL, NULL, NULL, 3075, NULL, NULL, NULL, NULL, NULL, NULL, NULL, 'H', NULL, NULL),
(3534, 'ICT3534', NULL, 'POWERCONNECT(TM) 2824 24 PORT', 1, 1, 5, NULL, NULL, '1WCP9T1', NULL, NULL, 2, NULL, NULL, NULL, 248, NULL, NULL, NULL, 3075, NULL, NULL, NULL, NULL, NULL, NULL, NULL, 'H', NULL, NULL),
(3535, 'ICT3535', NULL, 'POWERCONNECT(TM) 2824 24 PORT', 1, 1, 5, NULL, NULL, 'FRCP9T1', NULL, NULL, 2, NULL, NULL, NULL, 259, NULL, NULL, NULL, 3075, NULL, NULL, NULL, NULL, NULL, NULL, NULL, 'H', NULL, NULL),
(3536, 'ICT3536', NULL, 'POWERCONNECT(TM) 2824 24 PORT', 1, 1, 5, NULL, NULL, 'JZK37M1', NULL, NULL, 2, NULL, NULL, NULL, 248, NULL, NULL, NULL, 3075, NULL, NULL, NULL, NULL, NULL, NULL, NULL, 'H', NULL, NULL),
(3549, 'ICT3549', NULL, 'ACER ASPIRE S7-391-53334G12 ULTRABOOK 13.3-RAIS', 1, 1, 2, NULL, NULL, '595D2000', NULL, NULL, 27, '070', NULL, 4089, 222, NULL, NULL, NULL, 3047, NULL, 'Norman', NULL, NULL, NULL, NULL, NULL, 'M', NULL, NULL),
(3569, 'ICT3569', NULL, 'NEC - SV8300 COMUN SERVER C/W:\r\n16 DIGITALN EXT PRI', 1, 1, 9, NULL, NULL, NULL, NULL, NULL, 14, NULL, NULL, NULL, 247, NULL, NULL, NULL, 3096, NULL, NULL, NULL, NULL, NULL, NULL, NULL, 'H', NULL, NULL),
(3570, 'ICT3570', NULL, 'NEC - XTV VOICE RECORDING 8 DIGITAL CHANNELS', 1, 1, 9, NULL, NULL, NULL, NULL, NULL, 14, NULL, NULL, NULL, 247, NULL, NULL, NULL, 3096, NULL, NULL, NULL, NULL, NULL, NULL, NULL, 'H', NULL, NULL),
(3571, 'ICT3571', NULL, 'POWER CONNECT 2824', 1, 1, 5, NULL, NULL, 'CRCP9T1', NULL, NULL, 2, NULL, NULL, NULL, 248, NULL, NULL, NULL, NULL, NULL, NULL, NULL, NULL, NULL, NULL, NULL, 'H', NULL, NULL),
(3589, 'ICT3589', NULL, 'MAC PRO 2.4GHZ QUAD-CORE INTEL XEON (SUKRI)', 1, 1, 1, NULL, NULL, NULL, NULL, NULL, 51, '084', NULL, NULL, 223, NULL, NULL, NULL, 3115, NULL, 'SUKRIA', NULL, NULL, NULL, NULL, NULL, 'M', NULL, NULL),
(3609, 'ICT3609', NULL, 'NEC DESKTOP EXPRESS 5800', 1, 1, 1, NULL, NULL, 'N8100-1936S2F-CN', NULL, NULL, 14, NULL, NULL, NULL, 247, NULL, NULL, NULL, 3096, NULL, NULL, NULL, NULL, NULL, NULL, NULL, 'M', NULL, NULL),
(3610, 'ICT3610', NULL, 'POWERCONNECT 5424 GIGABIT ETHERNET SWITCH', 1, 1, 5, NULL, NULL, '6DDGFH1', NULL, NULL, 2, NULL, NULL, NULL, 247, NULL, NULL, NULL, 3135, NULL, NULL, NULL, NULL, NULL, NULL, NULL, 'H', NULL, NULL),
(3611, 'ICT3611', NULL, 'POWERCONNECT 5424 GIGABIT ETHERNET SWITCH', 1, 1, 5, NULL, NULL, 'JDDGFH1', NULL, NULL, 2, NULL, NULL, NULL, 247, NULL, NULL, NULL, 3135, NULL, NULL, NULL, NULL, NULL, NULL, NULL, 'H', NULL, NULL),
(3629, 'ICT3629', NULL, 'PROJEKTOR ACER X1263', 1, 1, 7, NULL, NULL, '2205900', NULL, NULL, 27, NULL, NULL, 1399, 253, NULL, NULL, NULL, 3157, NULL, NULL, NULL, NULL, NULL, NULL, NULL, 'L', NULL, NULL),
(3630, 'ICT3630', NULL, 'PROJEKTOR ACER X1263', 1, 1, 7, NULL, NULL, '1F25900', NULL, NULL, 27, '078', NULL, 1399, 260, NULL, NULL, NULL, 3157, NULL, NULL, NULL, NULL, NULL, NULL, NULL, 'L', NULL, NULL),
(3631, 'ICT3631', NULL, 'PROJEKTOR ACER X1263', 1, 1, 7, NULL, NULL, '13D5900', NULL, NULL, 27, '078', NULL, 1399, 261, NULL, NULL, NULL, 3157, NULL, NULL, NULL, NULL, NULL, NULL, NULL, 'L', NULL, NULL),
(3649, 'ICT3649', NULL, 'TABLET WACOM INTUOS 5 TOUCH MEDIUM 8.8', 1, 1, 29, NULL, NULL, '3ACH002380', NULL, NULL, NULL, '166', NULL, 1700, 223, NULL, NULL, NULL, 3195, NULL, 'ruzaini', NULL, NULL, NULL, NULL, NULL, 'L', NULL, NULL),
(3650, 'ICT3650', NULL, 'SAMSUNG LASER PRINTER ML-2160', 1, 1, 4, NULL, NULL, '7B0019E', NULL, NULL, 32, NULL, NULL, NULL, 248, NULL, NULL, NULL, 3196, NULL, NULL, NULL, NULL, NULL, NULL, NULL, 'L', NULL, NULL),
(3669, 'ICT3669', NULL, 'SAMSUNG ML-2165W', 1, 1, 4, NULL, NULL, '003VX', NULL, NULL, 32, '147', NULL, 395, 226, NULL, NULL, NULL, 3215, NULL, 'rehimah', NULL, NULL, NULL, NULL, NULL, 'M', NULL, NULL),
(3670, 'ICT3670', NULL, 'SAMSUNG ML-2165W', 1, 1, 4, NULL, NULL, '004BD', NULL, NULL, 32, NULL, NULL, 395, 267, NULL, NULL, NULL, 3215, NULL, NULL, NULL, NULL, NULL, NULL, NULL, 'L', NULL, NULL),
(3671, 'ICT3671', NULL, 'SAMSUNG ML-2165W', 1, 1, 4, NULL, NULL, '004GR', NULL, NULL, 32, NULL, NULL, 395, 267, NULL, NULL, NULL, 3215, NULL, NULL, NULL, NULL, NULL, NULL, NULL, 'L', NULL, NULL),
(3672, 'ICT3672', NULL, 'SAMSUNG ML-2165W', 1, 1, 4, NULL, NULL, '003SP', NULL, NULL, 32, '059', NULL, 395, 234, NULL, NULL, NULL, 3215, NULL, 'KAUNTER2SM', NULL, NULL, NULL, NULL, NULL, 'L', NULL, NULL),
(3673, 'ICT3673', NULL, 'SAMSUNG ML-2165W', 1, 1, 4, NULL, NULL, '004NL', NULL, NULL, 32, '059', NULL, 395, 234, NULL, NULL, NULL, 3215, NULL, 'kaunter7sm', NULL, NULL, NULL, NULL, NULL, 'L', NULL, NULL),
(3674, 'ICT3674', NULL, 'SAMSUNG ML-2165W', 1, 1, 4, NULL, NULL, '004CX', NULL, NULL, 32, NULL, NULL, NULL, 267, NULL, NULL, NULL, NULL, NULL, NULL, NULL, NULL, NULL, NULL, NULL, 'L', NULL, NULL),
(3675, 'ICT3675', NULL, 'SAMSUNG ML-2165W', 1, 1, 4, NULL, NULL, '0079M', NULL, NULL, 32, NULL, NULL, 395, 267, NULL, NULL, NULL, 3215, NULL, NULL, NULL, NULL, NULL, NULL, NULL, 'L', NULL, NULL),
(3676, 'ICT3676', NULL, 'SAMSUNG ML-2165W', 1, 1, 4, NULL, NULL, '004CX', NULL, NULL, 32, NULL, NULL, 395, 267, NULL, NULL, NULL, 3215, NULL, NULL, NULL, NULL, NULL, NULL, NULL, 'L', NULL, NULL),
(3677, 'ICT3677', NULL, 'SAMSUNG ML-2165W', 1, 1, 4, NULL, NULL, '003NK', NULL, NULL, 32, NULL, NULL, 395, 267, NULL, NULL, NULL, 3215, NULL, NULL, NULL, NULL, NULL, NULL, NULL, 'L', NULL, NULL),
(3689, 'ICT3689', NULL, 'ACER VERITON X2611G - LATIHAN P15', 1, 1, 1, NULL, NULL, 'E49600', NULL, NULL, 27, '078', NULL, 2200, 261, NULL, NULL, NULL, 3259, NULL, 'latihan1', NULL, NULL, NULL, NULL, NULL, 'M', NULL, NULL),
(3690, 'ICT3690', NULL, 'ACER VERITON X2611G - LATIHAN P15', 1, 1, 1, NULL, NULL, 'FD9600', NULL, NULL, 27, '078', NULL, 2200, 261, NULL, NULL, NULL, 3259, NULL, 'latihan9', NULL, NULL, NULL, NULL, NULL, 'M', NULL, NULL),
(3691, 'ICT3691', NULL, 'ACER VERITON X2611G - LATIHAN P15', 1, 1, 1, NULL, NULL, 'CA9600', NULL, NULL, 27, '078', NULL, 2200, 261, NULL, NULL, NULL, 3259, NULL, 'latihan4', NULL, NULL, NULL, NULL, NULL, 'M', NULL, NULL),
(3692, 'ICT3692', NULL, 'ACER VERITON X2611G - LATIHAN P15', 1, 1, 1, NULL, NULL, 'C7960P', NULL, NULL, 27, '078', NULL, 2200, 261, NULL, NULL, NULL, 3259, NULL, 'latihan6', NULL, NULL, NULL, NULL, NULL, 'M', NULL, NULL),
(3693, 'ICT3693', NULL, 'ACER VERITON X2611G - LATIHAN P15', 1, 1, 1, NULL, NULL, '1B9600', NULL, NULL, 27, '078', NULL, 2200, 261, NULL, NULL, NULL, 3259, NULL, 'latihan8', NULL, NULL, NULL, NULL, NULL, 'M', NULL, NULL),
(3694, 'ICT3694', NULL, 'ACER VERITON X2611G - LATIHAN P15', 1, 1, 1, NULL, NULL, 'E59600', NULL, NULL, 27, '078', NULL, 2200, 261, NULL, NULL, NULL, 3259, NULL, 'latihan3', NULL, NULL, NULL, NULL, NULL, 'M', NULL, NULL),
(3695, 'ICT3695', NULL, 'ACER VERITON X2611G - LATIHAN P15', 1, 1, 1, NULL, NULL, '169600', NULL, NULL, 27, '078', NULL, 2200, 261, NULL, NULL, NULL, 3259, NULL, 'latihan10', NULL, NULL, NULL, NULL, NULL, 'M', NULL, NULL),
(3696, 'ICT3696', NULL, 'ACER VERITON X2611G - LATIHAN P15', 1, 1, 1, NULL, NULL, 'FC9600', NULL, NULL, 27, '078', NULL, 2200, 261, NULL, NULL, NULL, 3259, NULL, 'latihan2', NULL, NULL, NULL, NULL, NULL, 'M', NULL, NULL),
(3697, 'ICT3697', NULL, 'ACER VERITON X2611G - LATIHAN P15', 1, 1, 1, NULL, NULL, 'E69600', NULL, NULL, 27, '220', NULL, 2200, 232, NULL, NULL, NULL, 3259, NULL, 'munirah', NULL, NULL, NULL, NULL, NULL, 'M', NULL, NULL),
(3698, 'ICT3698', NULL, 'ACER VERITON X2611G - LATIHAN P15', 1, 1, 1, NULL, NULL, '179600', NULL, NULL, 27, '078', NULL, 2200, 261, NULL, NULL, NULL, 3259, NULL, 'latihan5', NULL, NULL, NULL, NULL, NULL, 'M', NULL, NULL),
(3699, 'ICT3699', NULL, 'ACER VERITON X2611G - LATIHAN P15', 1, 1, 1, NULL, NULL, '139600', NULL, NULL, 27, '078', NULL, 2200, 261, NULL, NULL, NULL, 3259, NULL, 'latihan7', NULL, NULL, NULL, NULL, NULL, 'M', NULL, NULL),
(3700, 'ICT3700', NULL, 'ACER VERITON X2611G - LATIHAN P15', 1, 1, 1, NULL, NULL, '189600', NULL, NULL, 27, '009', NULL, 2200, 220, NULL, NULL, NULL, 3259, NULL, 'Razali', NULL, NULL, NULL, NULL, NULL, 'M', NULL, NULL),
(3701, 'ICT3701', NULL, 'ACER VERITON X2611G - LATIHAN P15', 1, 1, 1, NULL, NULL, 'D49600', NULL, NULL, 27, '216', NULL, 2200, 212, NULL, NULL, NULL, 3259, NULL, 'najwa', NULL, NULL, NULL, NULL, NULL, 'M', NULL, NULL),
(3702, 'ICT3702', NULL, 'HP PAVILLIAN TOUCHSMART 20-F218D ALL-IN-ONE', 1, 1, 1, NULL, NULL, '90C5R', NULL, NULL, 17, '219', NULL, 1999, 259, NULL, NULL, NULL, 3239, NULL, 'kaunter4p15', NULL, NULL, NULL, NULL, NULL, 'M', NULL, NULL),
(3703, 'ICT3703', NULL, 'HP PAVILLIAN TOUCHSMART 20-F218D ALL-IN-ONE', 1, 1, 1, NULL, NULL, '90C4H', NULL, NULL, 17, '219', NULL, 1999, 259, NULL, NULL, NULL, 3239, NULL, 'kaunter6p15', NULL, NULL, NULL, NULL, NULL, 'M', NULL, NULL),
(3704, 'ICT3704', NULL, 'HP PAVILLIAN TOUCHSMART 20-F218D ALL-IN-ONE', 1, 1, 1, NULL, NULL, '90C9K', NULL, NULL, 17, '219', NULL, 1999, 259, NULL, NULL, NULL, 3239, NULL, 'kaunter5p15', NULL, NULL, NULL, NULL, NULL, 'M', NULL, NULL),
(3705, 'ICT3705', NULL, 'HP PAVILLIAN TOUCHSMART 20-F218D ALL-IN-ONE', 1, 1, 1, NULL, NULL, '90C4S', NULL, NULL, 17, '219', NULL, 1999, 259, NULL, NULL, NULL, 3239, NULL, 'kaunter3p15', NULL, NULL, NULL, NULL, NULL, 'M', NULL, NULL),
(3706, 'ICT3706', NULL, 'HP PAVILLIAN TOUCHSMART 20-F218D ALL-IN-ONE', 1, 1, 1, NULL, NULL, '90CDX', NULL, NULL, 17, '219', NULL, 1999, 259, NULL, NULL, NULL, 3239, NULL, 'kaunter2p15', NULL, NULL, NULL, NULL, NULL, 'M', NULL, NULL),
(3707, 'ICT3707', NULL, 'HP PAVILLIAN TOUCHSMART 20-F218D ALL-IN-ONE', 1, 1, 1, NULL, NULL, '90C5D', NULL, NULL, 17, '219', NULL, 1999, 259, NULL, NULL, NULL, 3239, NULL, 'kaunter1p15', NULL, NULL, NULL, NULL, NULL, 'M', NULL, NULL),
(3708, 'ICT3708', NULL, 'HP PAVILLIAN TOUCHSMART 20-F218D ALL-IN-ONE', 1, 1, 1, NULL, NULL, '0C5C', NULL, NULL, 17, NULL, NULL, 1999, 266, NULL, NULL, NULL, 3239, NULL, NULL, NULL, NULL, NULL, NULL, NULL, 'M', NULL, NULL),
(3709, 'ICT3709', NULL, 'HP PAVILLIAN TOUCHSMART 20-F218D ALL-IN-ONE', 1, 1, 1, NULL, NULL, '0C4N', NULL, NULL, 17, '059', NULL, 1999, 236, NULL, NULL, NULL, 3239, NULL, 'kaunter5mn', NULL, NULL, NULL, NULL, NULL, 'M', NULL, NULL),
(3710, 'ICT3710', NULL, 'HP PAVILLIAN TOUCHSMART 20-F218D ALL-IN-ONE', 1, 1, 1, NULL, NULL, '0C4L', NULL, NULL, 17, NULL, NULL, 1999, 248, NULL, NULL, NULL, 3239, NULL, NULL, NULL, NULL, NULL, NULL, NULL, 'M', NULL, NULL),
(3711, 'ICT3711', NULL, 'HP PAVILLIAN TOUCHSMART 20-F218D ALL-IN-ONE', 1, 1, 1, NULL, NULL, '0C5Y', NULL, NULL, 17, NULL, NULL, 1999, 248, NULL, NULL, NULL, 3239, NULL, NULL, NULL, NULL, NULL, NULL, NULL, 'M', NULL, NULL),
(3712, 'ICT3712', NULL, 'SECUREWALL XS KAUNTER PERSINT 15', 1, 1, 9, NULL, NULL, '1234', NULL, NULL, 53, NULL, NULL, 8900, 259, NULL, NULL, NULL, 3256, NULL, NULL, NULL, NULL, NULL, NULL, NULL, 'H', NULL, NULL),
(3713, 'ICT3713', NULL, 'SMART UPS 2200 KAUNTER PERSINT 15', 1, 1, 26, '2013-11-15', NULL, '32329', NULL, '32055', 55, NULL, NULL, 4500, 237, NULL, NULL, NULL, 3256, NULL, NULL, NULL, NULL, NULL, NULL, NULL, 'L', NULL, NULL),
(3729, 'ICT3729', NULL, 'SECUREWALL XS', 1, 1, 9, NULL, NULL, 'S100', NULL, NULL, 53, '116', NULL, 8900, 226, NULL, NULL, NULL, 3155, NULL, NULL, NULL, NULL, NULL, NULL, NULL, 'H', NULL, NULL),
(3730, 'ICT3730', NULL, 'SECUREWALL XS', 1, 1, 9, NULL, NULL, 'S101', NULL, NULL, 53, NULL, NULL, 8900, 247, NULL, NULL, NULL, 3155, NULL, NULL, NULL, NULL, NULL, NULL, NULL, 'H', NULL, NULL),
(3731, 'ICT3731', NULL, 'SECUREWALL XS', 1, 1, 9, NULL, NULL, 'S102', NULL, NULL, 53, NULL, NULL, 8900, 238, NULL, NULL, NULL, 3155, NULL, NULL, NULL, NULL, NULL, NULL, NULL, 'H', NULL, NULL),
(3732, 'ICT3732', NULL, 'SECUREWALL XS', 1, 1, 9, NULL, NULL, 'S103', NULL, NULL, 53, NULL, NULL, 8900, 235, NULL, NULL, NULL, 3155, NULL, NULL, NULL, NULL, NULL, NULL, NULL, 'H', NULL, NULL),
(3733, 'ICT3733', NULL, 'SECUREWALL XS', 1, 1, 9, NULL, NULL, 'S104', NULL, NULL, 53, NULL, NULL, 8900, 241, NULL, NULL, NULL, 3155, NULL, NULL, NULL, NULL, NULL, NULL, NULL, 'H', NULL, NULL),
(3734, 'ICT3734', NULL, 'SECUREWALL XS', 1, 1, 9, NULL, NULL, 'S105', NULL, NULL, 53, NULL, NULL, 8900, 236, NULL, NULL, NULL, 3155, NULL, NULL, NULL, NULL, NULL, NULL, NULL, 'H', NULL, NULL),
(3735, 'ICT3735', NULL, 'SECUREWALL XS', 1, 1, 9, NULL, NULL, 'S106', NULL, NULL, 53, NULL, NULL, 8900, 239, NULL, NULL, NULL, 3155, NULL, NULL, NULL, NULL, NULL, NULL, NULL, 'H', NULL, NULL),
(3736, 'ICT3736', NULL, 'SECUREWALL XS', 1, 1, 9, NULL, NULL, 'S107', NULL, NULL, 53, NULL, NULL, 8900, 267, NULL, NULL, NULL, 3155, NULL, NULL, NULL, NULL, NULL, NULL, NULL, 'H', NULL, NULL),
(3737, 'ICT3737', NULL, 'SECUREWALL XS', 1, 1, 9, NULL, NULL, 'S108', NULL, NULL, 53, NULL, NULL, 8900, 240, NULL, NULL, NULL, 3155, NULL, NULL, NULL, NULL, NULL, NULL, NULL, 'H', NULL, NULL),
(3738, 'ICT3738', NULL, 'SECUREWALL XS', 1, 1, 9, NULL, NULL, 'S109', NULL, NULL, 53, NULL, NULL, 8900, 237, NULL, NULL, NULL, 3155, NULL, NULL, NULL, NULL, NULL, NULL, NULL, 'H', NULL, NULL),
(3739, 'ICT3739', NULL, 'FUJICEROX DOCUPRINT P355D', 1, 1, 4, NULL, NULL, '6230', NULL, NULL, 49, '059', NULL, 1160, 234, NULL, NULL, NULL, 3276, NULL, 'kaunter5sm', NULL, NULL, NULL, NULL, NULL, 'L', NULL, NULL),
(3740, 'ICT3740', NULL, 'FUJIXEROX DOCUPRINT P355D', 1, 1, 4, NULL, NULL, '6041', NULL, NULL, 49, '070', NULL, 1160, 222, NULL, NULL, NULL, 3276, NULL, 'Norman', NULL, NULL, NULL, NULL, NULL, 'L', NULL, NULL),
(3741, 'ICT3741', NULL, 'FUJICEROX DOCUPRINT P355D', 1, 1, 4, NULL, NULL, '6038', NULL, NULL, 49, NULL, NULL, 1160, 246, NULL, NULL, NULL, 3276, NULL, NULL, NULL, NULL, NULL, NULL, NULL, 'L', NULL, NULL),
(3742, 'ICT3742', NULL, 'FUJICEROX DOCUPRINT P355D', 1, 1, 4, '2013-11-12', NULL, '5570', NULL, '31937', 49, '216', NULL, 1160, 203, NULL, NULL, NULL, 3276, NULL, 'najwa', NULL, NULL, NULL, NULL, NULL, 'L', NULL, NULL),
(3743, 'ICT3743', NULL, 'FUJICEROX DOCUPRINT P355D', 1, 1, 4, NULL, NULL, '6530', NULL, NULL, 49, '059', NULL, 1160, 234, NULL, NULL, NULL, 3276, NULL, 'kaunter3sm', NULL, NULL, NULL, NULL, NULL, 'L', NULL, NULL),
(3749, 'ICT3749', NULL, 'ACER MONITOR V206HQL', 1, 1, 3, NULL, NULL, 'BB078502', NULL, NULL, 27, '078', NULL, 0, 261, NULL, NULL, NULL, 3259, NULL, 'latihan8', NULL, NULL, NULL, NULL, NULL, 'L', NULL, NULL),
(3750, 'ICT3750', NULL, 'ACER MONITOR V206HQL', 1, 1, 3, NULL, NULL, '24728502', NULL, NULL, 27, '078', NULL, 0, 261, NULL, NULL, NULL, 3259, NULL, 'latihan4', NULL, NULL, NULL, NULL, NULL, 'L', NULL, NULL),
(3751, 'ICT3751', NULL, 'ACER MONITOR V206HQL', 1, 1, 3, NULL, NULL, 'BB038502', NULL, NULL, 27, NULL, NULL, 0, 261, NULL, NULL, NULL, 3259, NULL, NULL, NULL, NULL, NULL, NULL, NULL, 'L', NULL, NULL),
(3752, 'ICT3752', NULL, 'ACER MONITOR V206HQL', 1, 1, 3, NULL, NULL, 'BDB58502', NULL, NULL, 27, NULL, NULL, 0, 261, NULL, NULL, NULL, 3259, NULL, NULL, NULL, NULL, NULL, NULL, NULL, 'L', NULL, NULL),
(3753, 'ICT3753', NULL, 'ACER MONITOR V206HQL', 1, 1, 3, NULL, NULL, 'A1858502', NULL, NULL, 27, '078', NULL, 0, 261, NULL, NULL, NULL, 3259, NULL, 'latihan9', NULL, NULL, NULL, NULL, NULL, 'L', NULL, NULL),
(3754, 'ICT3754', NULL, 'ACER MONITOR V206HQL', 1, 1, 3, NULL, NULL, 'BB088502', NULL, NULL, 27, '078', NULL, 0, 261, NULL, NULL, NULL, 3259, NULL, 'latihan5', NULL, NULL, NULL, NULL, NULL, 'L', NULL, NULL),
(3755, 'ICT3755', NULL, 'ACER MONITOR V206HQL', 1, 1, 3, NULL, NULL, 'BB398502', NULL, NULL, 27, NULL, NULL, 0, 261, NULL, NULL, NULL, 3259, NULL, NULL, NULL, NULL, NULL, NULL, NULL, 'L', NULL, NULL),
(3756, 'ICT3756', NULL, 'ACER MONITOR V206HQL', 1, 1, 3, NULL, NULL, 'BB3D8502', NULL, NULL, 27, '078', NULL, 0, 261, NULL, NULL, NULL, 3259, NULL, 'latihan2', NULL, NULL, NULL, NULL, NULL, 'L', NULL, NULL),
(3757, 'ICT3757', NULL, 'ACER MONITOR V206HQL', 1, 1, 3, NULL, NULL, 'BB798502', NULL, NULL, 27, '078', NULL, 0, 261, NULL, NULL, NULL, 3259, NULL, 'latihan1', NULL, NULL, NULL, NULL, NULL, 'L', NULL, NULL),
(3758, 'ICT3758', NULL, 'ACER MONITOR V206HQL', 1, 1, 3, NULL, NULL, 'BB418502', NULL, NULL, 27, '078', NULL, 0, 261, NULL, NULL, NULL, 3259, NULL, 'latihan10', NULL, NULL, NULL, NULL, NULL, 'L', NULL, NULL),
(3759, 'ICT3759', NULL, 'ACER MONITOR V206HQL', 1, 1, 3, NULL, NULL, 'BB018502', NULL, NULL, 27, '078', NULL, 0, 261, NULL, NULL, NULL, 3259, NULL, 'latihan3', NULL, NULL, NULL, NULL, NULL, 'L', NULL, NULL),
(3760, 'ICT3760', NULL, 'ACER MONITOR V206HQL', 1, 1, 3, NULL, NULL, 'A1EE8502', NULL, NULL, 27, '078', NULL, 0, 261, NULL, NULL, NULL, 3259, NULL, 'latihan6', NULL, NULL, NULL, NULL, NULL, 'L', NULL, NULL),
(3761, 'ICT3761', NULL, 'ACER MONITOR V206HQL', 1, 1, 3, NULL, NULL, 'BD468502', NULL, NULL, 27, '078', NULL, 0, 261, NULL, NULL, NULL, 3259, NULL, 'latihan7', NULL, NULL, NULL, NULL, NULL, 'L', NULL, NULL),
(3769, 'ICT3769', NULL, 'BROTHER MFC7300N PRINTER SCANNER', 1, 1, 4, NULL, NULL, 'N497124', NULL, NULL, 29, '208', NULL, 585, 219, NULL, NULL, NULL, 3295, NULL, 'haidah', NULL, NULL, NULL, NULL, NULL, 'L', NULL, NULL),
(3770, 'ICT3770', NULL, 'BROTHER MFC7300N PRINTER SCANNER', 1, 1, 4, NULL, NULL, 'N497336', NULL, NULL, 29, '111', NULL, 585, 219, NULL, NULL, NULL, 3295, NULL, 'uyun', NULL, NULL, NULL, NULL, NULL, 'L', NULL, NULL),
(3771, 'ICT3771', NULL, 'BROTHER MFC7300N PRINTER SCANNER', 1, 1, 4, NULL, NULL, 'N497308', NULL, NULL, 29, '081', NULL, 585, 222, NULL, NULL, NULL, 3295, NULL, 'emma', NULL, NULL, NULL, NULL, NULL, 'L', NULL, NULL),
(3772, 'ICT3772', NULL, 'BROTHER MFC7300NPRINTER SCANNER', 1, 1, 4, '2014-01-06', NULL, 'N497115', NULL, '32667', 29, '071', NULL, 585, 204, NULL, NULL, NULL, 3295, NULL, 'azhan', NULL, NULL, NULL, NULL, NULL, 'L', NULL, NULL),
(3773, 'ICT3773', NULL, 'PRINTER SAMSUNG SCX-3400F ALL IN ONE (PRESINT 15)', 1, 1, 4, '2014-01-06', NULL, '4A000HM', NULL, '32501', 32, '059', NULL, 575, 259, NULL, NULL, NULL, 3377, NULL, 'kaunter7p15', NULL, NULL, NULL, NULL, NULL, 'L', NULL, NULL),
(3793, 'ICT3793', NULL, 'SHARED STORAGE 32TB RAW FOR MULTIMEDIA DS2413+', 1, 1, 9, NULL, NULL, 'D8KSN00051', NULL, NULL, 57, '084', NULL, 14060, 247, NULL, NULL, NULL, 3397, NULL, 'SUKRIA', NULL, NULL, NULL, NULL, NULL, 'H', NULL, NULL),
(3813, 'ICT3813', NULL, 'TALLY T5023+', 1, 1, 4, NULL, NULL, '50002020909', NULL, NULL, 19, '181', NULL, NULL, 226, NULL, NULL, NULL, NULL, NULL, NULL, NULL, NULL, NULL, NULL, NULL, NULL, NULL, NULL),
(3833, 'ICT3833', NULL, 'SECUREWALL XS II', 1, 1, 9, NULL, NULL, 'C5130LC30M20151', NULL, NULL, 53, NULL, NULL, 8900, 247, NULL, NULL, NULL, 3418, NULL, NULL, NULL, NULL, NULL, NULL, NULL, NULL, NULL, NULL),
(3853, 'ICT3853', NULL, 'PROJEKTOR ACER X1273 LCD', 1, 1, 7, NULL, NULL, 'D8400', NULL, NULL, 27, NULL, NULL, 1399, 248, NULL, NULL, NULL, 3457, NULL, NULL, NULL, NULL, NULL, NULL, NULL, NULL, NULL, NULL),
(3854, 'ICT3854', NULL, 'PROJEKTOR ACER X1273 LCD', 1, 1, 7, NULL, NULL, 'C8400', NULL, NULL, 27, NULL, NULL, 1399, 248, NULL, NULL, NULL, 3457, NULL, NULL, NULL, NULL, NULL, NULL, NULL, NULL, NULL, NULL),
(3855, 'ICT3855', NULL, 'PROJEKTOR ACER X1273 LCD', 1, 1, 7, NULL, NULL, '48400', NULL, NULL, 27, NULL, NULL, 1399, 248, NULL, NULL, NULL, 3457, NULL, NULL, NULL, NULL, NULL, NULL, NULL, NULL, NULL, NULL),
(3873, 'ICT3873', NULL, 'ACER VERITON S6630G', 1, 1, 1, NULL, NULL, 'DTVJRSM002415047AE9600', NULL, NULL, 27, NULL, NULL, 3039, 248, NULL, NULL, NULL, 3482, NULL, NULL, NULL, NULL, NULL, NULL, NULL, 'M', NULL, NULL),
(3874, 'ICT3874', NULL, 'ACER VERITON S6630G', 1, 1, 1, NULL, NULL, 'DTVJRSM002415047B29600', NULL, NULL, 27, '066', NULL, 3039, 233, NULL, NULL, NULL, 3482, NULL, 'ZULINA', NULL, NULL, NULL, NULL, NULL, 'M', NULL, NULL),
(3875, 'ICT3875', NULL, 'ACER VERITON S6630G', 1, 1, 1, NULL, NULL, 'DTVJRSM002415047A49600', NULL, NULL, 27, '100', NULL, 3039, 233, NULL, NULL, NULL, 3482, NULL, 'rozy', NULL, NULL, NULL, NULL, NULL, 'L', NULL, NULL),
(3876, 'ICT3876', NULL, 'ACER VERITON S6630G', 1, 1, 1, NULL, NULL, 'DTVJRSM002415047B19600', NULL, NULL, 27, '069', NULL, 3039, 233, NULL, NULL, NULL, 3482, NULL, 'azreena', NULL, NULL, NULL, NULL, NULL, 'M', NULL, NULL),
(3877, 'ICT3877', NULL, 'ACER VERITON S6630G', 1, 1, 1, NULL, NULL, 'DTVJRSM0024150478F9600', NULL, NULL, 27, '170', NULL, 3039, 233, NULL, NULL, NULL, 3482, NULL, 'hartini', NULL, NULL, NULL, NULL, NULL, 'M', NULL, NULL),
(3878, 'ICT3878', NULL, 'ACER VERITON S6630G', 1, 1, 1, NULL, NULL, 'DTVJRSM002415047A59600', NULL, NULL, 27, '154', NULL, 3039, 233, NULL, NULL, NULL, 3482, NULL, 'zulaikha', NULL, NULL, NULL, NULL, NULL, NULL, NULL, NULL),
(3879, 'ICT3879', NULL, 'ACER VERITON S6630G', 1, 1, 1, '2014-04-25', NULL, 'DTVJRSM002415047A09600', NULL, '33766', 27, '086', NULL, 3039, 212, NULL, NULL, NULL, 3482, NULL, 'affrini', NULL, NULL, NULL, NULL, NULL, 'M', NULL, NULL),
(3880, 'ICT3880', NULL, 'ACER VERITON S6630G', 1, 1, 1, NULL, NULL, 'DTVJRSM002415047959600', NULL, NULL, 27, '004', NULL, 3039, 219, NULL, NULL, NULL, 3482, NULL, 'wan', NULL, NULL, NULL, NULL, NULL, 'L', NULL, NULL),
(3881, 'ICT3881', NULL, 'ACER VERITON S6630G', 1, 1, 1, NULL, NULL, 'DTVJRSM002415047939600', NULL, NULL, 27, '092', NULL, 3039, 233, NULL, NULL, NULL, 3482, NULL, 'AZRI', NULL, NULL, NULL, NULL, NULL, 'L', NULL, NULL),
(3882, 'ICT3882', NULL, 'ACER VERITON S6630G', 1, 1, 1, '2014-04-25', NULL, 'DTVJRSM002415047A29600', NULL, '33766', 27, '153', NULL, 3039, 212, NULL, NULL, NULL, 3482, NULL, 'mohdnor', NULL, NULL, NULL, NULL, NULL, 'M', NULL, NULL),
(3893, 'ICT3893', NULL, 'ACER VERITON S6630G', 1, 1, 1, NULL, NULL, 'DTVJRSM002415047B49600', NULL, NULL, 27, '210', NULL, 3039, 226, NULL, NULL, NULL, 3482, NULL, 'asrilb', NULL, NULL, NULL, NULL, NULL, NULL, NULL, NULL),
(3894, 'ICT3894', NULL, 'ACER VERITON S6630G', 1, 1, 1, '2014-04-25', NULL, 'DTVJRSM0024150479D9600', NULL, '33766', 27, '198', NULL, 3039, 211, NULL, NULL, NULL, 3482, NULL, 'faezah', NULL, NULL, NULL, NULL, NULL, 'M', NULL, NULL),
(3895, 'ICT3895', NULL, 'ACER VERITON S6630G', 1, 1, 1, NULL, NULL, 'DTVJRSM002415047A69600', NULL, NULL, 27, '116', NULL, 3039, 226, NULL, NULL, NULL, 3482, NULL, 'shahrizal', NULL, NULL, NULL, NULL, NULL, NULL, NULL, NULL),
(3896, 'ICT3896', NULL, 'ACER VERITON S6630G', 1, 1, 1, NULL, NULL, 'DTVJRSM002415047B09600', NULL, NULL, 27, '037', NULL, 3039, 212, NULL, NULL, NULL, 3482, NULL, 'asfa', NULL, NULL, NULL, NULL, NULL, 'L', NULL, NULL),
(3897, 'ICT3897', NULL, 'ACER VERITON S6630G', 1, 1, 1, NULL, NULL, 'DTVJRSM002415047919600', NULL, NULL, 27, '147', NULL, 3039, 226, NULL, NULL, NULL, 3482, NULL, 'rehimah', NULL, NULL, NULL, NULL, NULL, NULL, NULL, NULL);
INSERT INTO `assets` (`asset_id`, `ict_id`, `harta_id`, `butiran`, `status`, `kod_kategori`, `kod_sub_kategori`, `tkh_beli`, `tkh_jaminan`, `no_siri`, `no_invoice`, `no_rujukan`, `jenama`, `emp_id`, `kod_pembekal`, `harga_beli`, `lokasi_id`, `ipaddress`, `catatan`, `ict_no_master`, `pembelian_id`, `kod_pinjam`, `pengguna_id`, `kod_lesen`, `kod_auditict`, `tkh_disposed`, `kod_alasan_disp`, `catat_disp`, `kod_tahaprisiko`, `created_at`, `updated_at`) VALUES
(3913, 'ICT3913', NULL, 'LENOVO IDEACENTRE FLEX 20 ALL-IN-ONE', 1, 1, 1, NULL, NULL, 'ES12774745', NULL, NULL, 58, NULL, NULL, 3299, 265, NULL, NULL, NULL, 3522, NULL, NULL, NULL, NULL, NULL, NULL, NULL, NULL, NULL, NULL),
(3914, 'ICT3914', NULL, 'LENOVO IDEACENTRE FLEX 20 ALL-IN-ONE', 1, 1, 1, NULL, NULL, 'ES12774752', NULL, NULL, 58, NULL, NULL, 3299, 265, NULL, NULL, NULL, 3522, NULL, NULL, NULL, NULL, NULL, NULL, NULL, NULL, NULL, NULL),
(3915, 'ICT3915', NULL, 'LENOVO IDEACENTRE FLEX 20 ALL-IN-ONE', 1, 1, 1, NULL, NULL, NULL, NULL, NULL, 58, NULL, NULL, 3299, 264, NULL, NULL, NULL, 3522, NULL, NULL, NULL, NULL, NULL, NULL, NULL, NULL, NULL, NULL),
(3933, 'ICT3933', NULL, 'ACER K202HQL', 1, 1, 3, NULL, NULL, '41504392385', NULL, NULL, 27, NULL, NULL, 0, 267, NULL, NULL, NULL, 3482, NULL, NULL, NULL, NULL, NULL, NULL, NULL, NULL, NULL, NULL),
(3934, 'ICT3934', NULL, 'ACER K202HQL', 1, 1, 3, NULL, NULL, '41504270385', NULL, NULL, 27, NULL, NULL, 0, 267, NULL, NULL, NULL, 3482, NULL, NULL, NULL, NULL, NULL, NULL, NULL, NULL, NULL, NULL),
(3935, 'ICT3935', NULL, 'ACER K202HQL', 1, 1, 3, NULL, NULL, '41504389585', NULL, NULL, 27, NULL, NULL, 0, 267, NULL, NULL, NULL, 3482, NULL, NULL, NULL, NULL, NULL, NULL, NULL, NULL, NULL, NULL),
(3936, 'ICT3936', NULL, 'ACER K202HQL', 1, 1, 3, NULL, NULL, '41504391985', NULL, NULL, 27, '111', NULL, 0, 219, NULL, NULL, NULL, 3482, NULL, 'uyun', NULL, NULL, NULL, NULL, NULL, NULL, NULL, NULL),
(3937, 'ICT3937', NULL, 'ACER K202HQL', 1, 1, 3, NULL, NULL, '41504269985', NULL, NULL, 27, NULL, NULL, 0, 237, NULL, NULL, NULL, 3482, NULL, 'KAUNTER1WM', NULL, NULL, NULL, NULL, NULL, NULL, NULL, NULL),
(3938, 'ICT3938', NULL, 'ACER K202HQL', 1, 1, 3, NULL, NULL, '41504392885', NULL, NULL, 27, NULL, NULL, 0, 267, NULL, NULL, NULL, 3482, NULL, NULL, NULL, NULL, NULL, NULL, NULL, NULL, NULL, NULL),
(3939, 'ICT3939', NULL, 'ACER K202HQL', 1, 1, 3, NULL, NULL, '41504268785', NULL, NULL, 27, NULL, NULL, 0, 267, NULL, NULL, NULL, 3482, NULL, NULL, NULL, NULL, NULL, NULL, NULL, NULL, NULL, NULL),
(3940, 'ICT3940', NULL, 'ACER K202HQL', 1, 1, 3, NULL, NULL, '41504271285', NULL, NULL, 27, NULL, NULL, 0, 267, NULL, NULL, NULL, 3482, NULL, NULL, NULL, NULL, NULL, NULL, NULL, NULL, NULL, NULL),
(3941, 'ICT3941', NULL, 'ACER K202HQL', 1, 1, 3, NULL, NULL, '41504392585', NULL, NULL, 27, NULL, NULL, 0, 267, NULL, NULL, NULL, 3482, NULL, NULL, NULL, NULL, NULL, NULL, NULL, NULL, NULL, NULL),
(3942, 'ICT3942', NULL, 'ACER K202HQL', 1, 1, 3, NULL, NULL, '41504268185', NULL, NULL, 27, NULL, NULL, 0, 267, NULL, NULL, NULL, 3482, NULL, NULL, NULL, NULL, NULL, NULL, NULL, NULL, NULL, NULL),
(3943, 'ICT3943', NULL, 'ACER K202HQL', 1, 1, 3, NULL, NULL, '41504270485', NULL, NULL, 27, NULL, NULL, 0, 267, NULL, NULL, NULL, 3482, NULL, NULL, NULL, NULL, NULL, NULL, NULL, NULL, NULL, NULL),
(3944, 'ICT3944', NULL, 'ACER K202HQL', 1, 1, 3, NULL, NULL, '41504392185', NULL, NULL, 27, NULL, NULL, 0, 267, NULL, NULL, NULL, 3482, NULL, NULL, NULL, NULL, NULL, NULL, NULL, NULL, NULL, NULL),
(3945, 'ICT3945', NULL, 'ACER K202HQL', 1, 1, 3, NULL, NULL, '41504392085', NULL, NULL, 27, NULL, NULL, 0, 267, NULL, NULL, NULL, 3482, NULL, NULL, NULL, NULL, NULL, NULL, NULL, NULL, NULL, NULL),
(3946, 'ICT3946', NULL, 'ACER K202HQL', 1, 1, 3, NULL, NULL, '41504270985', NULL, NULL, 27, NULL, NULL, 0, 267, NULL, NULL, NULL, 3482, NULL, NULL, NULL, NULL, NULL, NULL, NULL, NULL, NULL, NULL),
(3947, 'ICT3947', NULL, 'ACER K202HQL', 1, 1, 3, NULL, NULL, '41504271185', NULL, NULL, 27, NULL, NULL, 0, 267, NULL, NULL, NULL, 3482, NULL, NULL, NULL, NULL, NULL, NULL, NULL, NULL, NULL, NULL),
(3953, 'ICT3953', NULL, 'SB 30 LED LIGHT - UPWM', 1, 1, 8, NULL, NULL, NULL, NULL, NULL, NULL, '166', NULL, 1400, 223, NULL, NULL, NULL, 3542, NULL, 'ruzaini', NULL, NULL, NULL, NULL, NULL, NULL, NULL, NULL),
(3954, 'ICT3954', NULL, 'E 1-7060 TRIPOD - UPWM', 1, 1, 8, NULL, NULL, NULL, NULL, NULL, NULL, '166', NULL, 800, 223, NULL, NULL, NULL, 3542, NULL, 'ruzaini', NULL, NULL, NULL, NULL, NULL, NULL, NULL, NULL),
(3955, 'ICT3955', NULL, 'DRY CABINET AD 109 CH', 1, 1, 8, NULL, NULL, NULL, NULL, NULL, NULL, NULL, NULL, 730, 223, NULL, NULL, NULL, 3542, NULL, 'ruzaini', NULL, NULL, NULL, NULL, NULL, NULL, NULL, NULL),
(3956, 'ICT3956', NULL, 'CANON 700D CAMERA KIT WITH 18-13515 LENS', 1, 1, 8, NULL, NULL, '1212008098', NULL, NULL, 18, '166', NULL, 3099, 223, NULL, NULL, NULL, 3543, NULL, 'ruzaini', NULL, NULL, NULL, NULL, NULL, NULL, NULL, NULL),
(3973, 'ICT3973', NULL, 'MACHINE FAX SAMSUNG SF-565PR', 1, 1, 4, NULL, NULL, '400297E', NULL, NULL, 32, '116', NULL, 0, 226, NULL, NULL, NULL, 3562, NULL, NULL, NULL, NULL, NULL, NULL, NULL, NULL, NULL, NULL),
(3993, 'ICT3993', NULL, 'APC BACK-UPS PRO 900VA WITH AVR', 1, 1, 26, NULL, NULL, '3B1343X08547', NULL, NULL, 55, NULL, NULL, 700, 239, NULL, NULL, NULL, 3582, NULL, NULL, NULL, NULL, NULL, NULL, NULL, NULL, NULL, NULL),
(3994, 'ICT3994', NULL, 'APC BACK-UPS PRO 900VA WITH AVR', 1, 1, 26, NULL, NULL, '3B1343X08498', NULL, NULL, 55, NULL, NULL, 700, 238, NULL, NULL, NULL, 3582, NULL, NULL, NULL, NULL, NULL, NULL, NULL, NULL, NULL, NULL),
(3995, 'ICT3995', NULL, 'APC BACK-UPS PRO 900VA WITH AVR', 1, 1, 26, NULL, NULL, '3B1330X03472', NULL, NULL, 55, NULL, NULL, 700, 236, NULL, NULL, NULL, 3582, NULL, NULL, NULL, NULL, NULL, NULL, NULL, NULL, NULL, NULL),
(3996, 'ICT3996', NULL, 'APC BACK-UPS PRO 900VA WITH AVR', 1, 1, 26, NULL, NULL, '3B1343X08528', NULL, NULL, 55, NULL, NULL, 700, 235, NULL, NULL, NULL, 3582, NULL, NULL, NULL, NULL, NULL, NULL, NULL, NULL, NULL, NULL),
(3997, 'ICT3997', NULL, 'APC BACK-UPS PRO 900VA WITH AVR', 1, 1, 26, '2014-07-09', NULL, '3B1343X08521', NULL, '31752', 55, NULL, NULL, 700, 246, NULL, NULL, NULL, 3582, NULL, NULL, NULL, NULL, NULL, NULL, NULL, NULL, NULL, NULL),
(3998, 'ICT3998', NULL, 'APC BACK-UPS PRO 900VA WITH AVR', 1, 1, 26, NULL, NULL, '3B1343X08516', NULL, NULL, 55, NULL, NULL, 700, 240, NULL, NULL, NULL, 3582, NULL, NULL, NULL, NULL, NULL, NULL, NULL, NULL, NULL, NULL),
(3999, 'ICT3999', NULL, 'APC BACK-UPS PRO 900VA WITH AVR', 1, 1, 26, NULL, NULL, '3B1343X08537', NULL, NULL, 55, NULL, NULL, 700, 241, NULL, NULL, NULL, 3582, NULL, NULL, NULL, NULL, NULL, NULL, NULL, NULL, NULL, NULL),
(4013, 'ICT4013', NULL, 'DELL POWERCONNECT 5524 GIGABIT SWITCH', 1, 1, 5, NULL, NULL, 'HVT30Z1', NULL, NULL, 2, NULL, NULL, 2718, 248, NULL, NULL, NULL, 3602, NULL, NULL, NULL, NULL, NULL, NULL, NULL, NULL, NULL, NULL),
(4014, 'ICT4014', NULL, 'DELL POWERCONNECT 5524 GIGABIT SWITCH', 1, 1, 5, NULL, NULL, '9XT30Z1', NULL, NULL, 2, NULL, NULL, 2718, 248, NULL, NULL, NULL, 3602, NULL, NULL, NULL, NULL, NULL, NULL, NULL, NULL, NULL, NULL),
(4015, 'ICT4015', NULL, 'DELL POWERCONNECT 5524 GIGABIT SWITCH', 1, 1, 5, NULL, NULL, '3WT30Z1', NULL, NULL, 2, NULL, NULL, 2718, 248, NULL, NULL, NULL, 3602, NULL, NULL, NULL, NULL, NULL, NULL, NULL, NULL, NULL, NULL),
(4016, 'ICT4016', NULL, 'DELL POWERCONNECT 5524 GIGABIT SWITCH', 1, 1, 5, '2014-07-11', NULL, '7XT30Z1', NULL, '34189', 2, '070', NULL, 2718, 212, NULL, NULL, NULL, 3602, NULL, NULL, NULL, NULL, NULL, NULL, NULL, NULL, NULL, NULL),
(4017, 'ICT4017', NULL, 'DELL POWERCONNECT 5524 GIGABIT SWITCH', 1, 1, 5, NULL, NULL, 'G01CVS1', NULL, NULL, 2, NULL, NULL, 2718, 248, NULL, NULL, NULL, 3602, NULL, NULL, NULL, NULL, NULL, NULL, NULL, NULL, NULL, NULL),
(4018, 'ICT4018', NULL, 'DELL POWERCONNECT 5524 GIGABIT SWITCH', 1, 1, 5, NULL, NULL, '281CVS1', NULL, NULL, 2, NULL, NULL, 2718, 248, NULL, NULL, NULL, 3602, NULL, NULL, NULL, NULL, NULL, NULL, NULL, NULL, NULL, NULL),
(4033, 'ICT4033', NULL, 'FUJI XEROX DOCUPRINT CP205', 1, 1, 4, NULL, NULL, '003447', NULL, NULL, 49, '123', NULL, NULL, 213, NULL, NULL, NULL, NULL, NULL, 'rosdan', NULL, NULL, NULL, NULL, NULL, NULL, NULL, NULL),
(4053, 'ICT4053', NULL, 'MONITOR DELL LED IPS ULTAR SHARP', 1, 1, 3, NULL, NULL, 'JRD1D02', NULL, NULL, 2, '166', NULL, 1840, 223, NULL, NULL, NULL, 3622, NULL, 'ruzaini', NULL, NULL, NULL, NULL, NULL, NULL, NULL, NULL),
(4054, 'ICT4054', NULL, 'MONITOR DELL LED IPS ULTAR SHARP', 1, 1, 3, NULL, NULL, '3XG1D02', NULL, NULL, 2, '166', NULL, 1840, 223, NULL, NULL, NULL, 3622, NULL, 'ruzaini', NULL, NULL, NULL, NULL, NULL, NULL, NULL, NULL),
(4073, 'ICT4073', NULL, 'HP COLOR LASERJET CP3505DN', 9, 1, 4, NULL, NULL, 'CNBJ88702M', NULL, NULL, 17, NULL, NULL, NULL, 263, NULL, NULL, NULL, NULL, NULL, NULL, NULL, NULL, NULL, NULL, NULL, NULL, NULL, NULL),
(4074, 'ICT4074', NULL, 'ROUTER ASUS RT-N66U', 1, 1, 6, NULL, NULL, 'DBIS08029223', NULL, NULL, 9, NULL, NULL, 738, 247, NULL, NULL, NULL, 3644, NULL, NULL, NULL, NULL, NULL, NULL, NULL, NULL, NULL, NULL),
(4075, 'ICT4075', NULL, 'ROUTER ASUS RT-N66U', 1, 1, 6, NULL, NULL, 'DBIS08029225', NULL, NULL, 9, NULL, NULL, 738, 247, NULL, NULL, NULL, 3644, NULL, NULL, NULL, NULL, NULL, NULL, NULL, NULL, NULL, NULL),
(4076, 'ICT4076', NULL, 'ROUTER ASUS RT-N66U', 1, 1, 6, NULL, NULL, 'DBIS08029226', NULL, NULL, 9, NULL, NULL, 738, 259, NULL, NULL, NULL, 3644, NULL, NULL, NULL, NULL, NULL, NULL, NULL, NULL, NULL, NULL),
(4077, 'ICT4077', NULL, 'ROUTER ASUS RT-N66U', 1, 1, 6, NULL, NULL, 'DBIS08029336', NULL, NULL, 9, NULL, NULL, 738, 259, NULL, NULL, NULL, 3644, NULL, NULL, NULL, NULL, NULL, NULL, NULL, NULL, NULL, NULL),
(4093, 'ICT4093', NULL, 'PRINTER FUJI XEROX DOCUPRINT P355D', 1, 1, 4, NULL, NULL, '019114', NULL, NULL, 49, NULL, NULL, 1160, 267, NULL, NULL, NULL, 3662, NULL, NULL, NULL, NULL, NULL, NULL, NULL, NULL, NULL, NULL),
(4094, 'ICT4094', NULL, 'PRINTER FUJI XEROX DOCUPRINT P355D', 1, 1, 4, NULL, NULL, '019406', NULL, NULL, 49, '059', NULL, 1160, 238, NULL, NULL, NULL, 3662, NULL, 'kaunter4pj', NULL, NULL, NULL, NULL, NULL, NULL, NULL, NULL),
(4095, 'ICT4095', NULL, 'PRINTER FUJI XEROX DOCUPRINT P355D', 1, 1, 4, NULL, NULL, '019402', NULL, NULL, 49, NULL, NULL, 1160, 267, NULL, NULL, NULL, 3662, NULL, NULL, NULL, NULL, NULL, NULL, NULL, NULL, NULL, NULL),
(4096, 'ICT4096', NULL, 'PRINTER FUJI XEROX DOCUPRINT P355D', 1, 1, 4, NULL, NULL, '019401', NULL, NULL, 49, NULL, NULL, 1160, 267, NULL, NULL, NULL, 3662, NULL, NULL, NULL, NULL, NULL, NULL, NULL, NULL, NULL, NULL),
(4097, 'ICT4097', NULL, 'PRINTER FUJI XEROX DOCUPRINT P355D', 1, 1, 4, NULL, NULL, '019400', NULL, NULL, 49, NULL, NULL, 1160, 267, NULL, NULL, NULL, 3662, NULL, NULL, NULL, NULL, NULL, NULL, NULL, NULL, NULL, NULL),
(4098, 'ICT4098', NULL, 'PRINTER FUJI XEROX DOCUPRINT P355D', 1, 1, 4, NULL, NULL, '019399', NULL, NULL, 49, '108', NULL, 1160, 228, NULL, NULL, NULL, 3662, NULL, 'faridah', NULL, NULL, NULL, NULL, NULL, 'M', NULL, NULL),
(4099, 'ICT4099', NULL, 'PRINTER FUJI XEROX DOCUPRINT P355D', 1, 1, 4, NULL, NULL, '019404', NULL, NULL, 49, NULL, NULL, NULL, 267, NULL, NULL, NULL, NULL, NULL, NULL, NULL, NULL, NULL, NULL, NULL, NULL, NULL, NULL),
(4100, 'ICT4100', NULL, 'PRINTER FUJI XEROX DOCUPRINT P355D', 1, 1, 4, NULL, NULL, '019115', NULL, NULL, 49, NULL, NULL, 1160, 267, NULL, NULL, NULL, 3662, NULL, NULL, NULL, NULL, NULL, NULL, NULL, NULL, NULL, NULL),
(4101, 'ICT4101', NULL, 'PRINTER FUJI XEROX DOCUPRINT P355D', 1, 1, 4, NULL, NULL, '019403', NULL, NULL, 49, NULL, NULL, 1160, 226, NULL, NULL, NULL, 3662, NULL, NULL, NULL, NULL, NULL, NULL, NULL, NULL, NULL, NULL),
(4102, 'ICT4102', NULL, 'PRINTER FUJI XEROX DOCUPRINT P355D', 1, 1, 4, NULL, NULL, '019404', NULL, NULL, 49, '205', NULL, 1160, 222, NULL, NULL, NULL, 3662, NULL, 'nargis', NULL, NULL, NULL, NULL, NULL, 'L', NULL, NULL),
(4103, 'ICT4103', NULL, 'PRINTER FUJI XEROX DOCUPRINT P355D', 1, 1, 4, '2014-07-17', NULL, '019405', NULL, '35257', 49, '037', NULL, 1160, 212, NULL, NULL, NULL, 3662, NULL, 'asfa', NULL, NULL, NULL, NULL, NULL, 'M', NULL, NULL),
(4113, 'ICT4113', NULL, 'YES BROADBAND - EKAUNTER', 1, 1, 28, NULL, NULL, '815498837YESXS0101767Y7', NULL, NULL, 59, NULL, NULL, NULL, 237, NULL, NULL, NULL, NULL, NULL, NULL, NULL, NULL, NULL, NULL, NULL, NULL, NULL, NULL),
(4133, 'ICT4133', NULL, 'CELCOM BROADBAND - VAN', 1, 1, 28, NULL, NULL, 'YESB00050109', NULL, NULL, 61, NULL, NULL, NULL, 222, NULL, NULL, NULL, NULL, NULL, NULL, NULL, NULL, NULL, NULL, NULL, NULL, NULL, NULL),
(4153, 'ICT4153', NULL, 'NOTEBOOK  ACER TMP245-M-542014', 1, 1, 2, NULL, NULL, 'D7600', NULL, NULL, 27, '167', NULL, 2910, 211, NULL, NULL, NULL, 3682, NULL, 'sahidi', NULL, NULL, NULL, NULL, NULL, NULL, NULL, NULL),
(4154, 'ICT4154', NULL, 'NOTEBOOK  ACER TMP245-M-542014', 1, 1, 2, NULL, NULL, '87600', NULL, NULL, 27, '015', NULL, 2910, 227, NULL, NULL, NULL, 3682, NULL, 'khalid', NULL, NULL, NULL, NULL, NULL, NULL, NULL, NULL),
(4155, 'ICT4155', NULL, 'NOTEBOOK  ACER TMP245-M-542014', 1, 1, 2, NULL, NULL, 'E7600', NULL, NULL, 27, '077', NULL, 2910, 228, NULL, NULL, NULL, 3682, NULL, 'Ppzvan2', NULL, NULL, NULL, NULL, NULL, NULL, NULL, NULL),
(4156, 'ICT4156', NULL, 'NOTEBOOK  ACER TMP245-M-542014', 1, 1, 2, NULL, NULL, '07600', NULL, NULL, 27, '051', NULL, 2910, 248, NULL, NULL, NULL, 3682, NULL, 'Azlan', NULL, NULL, NULL, NULL, NULL, NULL, NULL, NULL),
(4157, 'ICT4157', NULL, 'NOTEBOOK  ACER TMP245-M-542014', 1, 1, 2, NULL, NULL, '27600', NULL, NULL, 27, '059', NULL, 2910, 231, NULL, NULL, NULL, 3682, NULL, 'Hakemal', NULL, NULL, NULL, NULL, NULL, 'H', NULL, NULL),
(4158, 'ICT4158', NULL, 'NOTEBOOK  ACER TMP245-M-542014', 1, 1, 2, NULL, NULL, '67600', NULL, NULL, 27, '074', NULL, 2910, 221, NULL, NULL, NULL, 3682, NULL, 'ahmad-PC', NULL, NULL, NULL, NULL, NULL, 'M', NULL, NULL),
(4159, 'ICT4159', NULL, 'NOTEBOOK  ACER TMP245-M-542014', 1, 1, 2, NULL, NULL, 'F7600', NULL, NULL, 27, '090', NULL, 2910, 232, NULL, NULL, NULL, 3682, NULL, 'JASRI', NULL, NULL, NULL, NULL, NULL, NULL, NULL, NULL),
(4161, 'ICT4161', NULL, 'NOTEBOOK  ACER TMP245-M-542014', 1, 1, 2, NULL, NULL, NULL, NULL, NULL, 27, NULL, NULL, NULL, 267, NULL, NULL, NULL, NULL, NULL, NULL, NULL, NULL, NULL, NULL, NULL, NULL, NULL, NULL),
(4163, 'ICT4163', NULL, 'NOTEBOOK  ACER TMP245-M-542014', 1, 1, 2, NULL, NULL, '77600', NULL, NULL, 27, '089', NULL, 2910, 229, NULL, NULL, NULL, 3682, NULL, 'FAKHRUR', NULL, NULL, NULL, NULL, NULL, NULL, NULL, NULL),
(4164, 'ICT4164', NULL, 'NOTEBOOK  ACER TMP245-M-542014', 1, 1, 2, NULL, NULL, '97600', NULL, NULL, 27, '096', NULL, 2910, 221, NULL, NULL, NULL, 3682, NULL, 'suhaimi', NULL, NULL, NULL, NULL, NULL, 'M', NULL, NULL),
(4165, 'ICT4165', NULL, 'NOTEBOOK  ACER TMP245-M-542014', 1, 1, 2, NULL, NULL, 'B7600', NULL, NULL, 27, '077', NULL, 2910, 228, NULL, NULL, NULL, 3682, NULL, 'Ppzvan1', NULL, NULL, NULL, NULL, NULL, NULL, NULL, NULL),
(4166, 'ICT4166', NULL, 'NOTEBOOK  ACER TMP245-M-542014', 1, 1, 2, NULL, NULL, 'A7600', NULL, NULL, 27, '223', NULL, 2910, 221, NULL, NULL, NULL, 3682, NULL, 'firaziz', NULL, NULL, NULL, NULL, NULL, 'M', NULL, NULL),
(4167, 'ICT4167', NULL, 'NOTEBOOK  ACER TMP245-M-542014', 1, 1, 2, NULL, NULL, '17600', NULL, NULL, 27, '076', NULL, 2910, 229, NULL, NULL, NULL, 3682, NULL, 'Fahmi', NULL, NULL, NULL, NULL, NULL, NULL, NULL, NULL),
(4168, 'ICT4168', NULL, 'NOTEBOOK  ACER TMP245-M-542014', 1, 1, 2, NULL, NULL, '47600', NULL, NULL, 27, '214', NULL, 2910, 248, NULL, NULL, NULL, 3682, NULL, 'pinjam1', NULL, NULL, NULL, NULL, NULL, NULL, NULL, NULL),
(4169, 'ICT4169', NULL, 'NOTEBOOK  ACER TMP245-M-542014', 1, 1, 2, NULL, NULL, '37600', NULL, NULL, 27, '162', NULL, 2910, 248, NULL, NULL, NULL, 3682, NULL, 'Mekmal', NULL, NULL, NULL, NULL, NULL, NULL, NULL, NULL),
(4170, 'ICT4170', NULL, 'NOTEBOOK  ACER TMP245-M-542014', 1, 1, 2, NULL, NULL, '57600', NULL, NULL, 27, '071', NULL, 2910, 219, NULL, NULL, NULL, 3682, NULL, 'azhan', NULL, NULL, NULL, NULL, NULL, NULL, NULL, NULL),
(4173, 'ICT4173', NULL, 'YES BROADBAND - EKAUNTER', 1, 1, 28, NULL, NULL, '815498937YESXS0101758Y8', NULL, NULL, 59, NULL, NULL, NULL, 236, NULL, NULL, NULL, NULL, NULL, NULL, NULL, NULL, NULL, NULL, NULL, NULL, NULL, NULL),
(4174, 'ICT4174', NULL, 'YES BROADBAND - EKAUNTER', 1, 1, 28, NULL, NULL, '815499043YESXS0101765Y9', NULL, NULL, 59, NULL, NULL, NULL, 235, NULL, NULL, NULL, NULL, NULL, NULL, NULL, NULL, NULL, NULL, NULL, NULL, NULL, NULL),
(4175, 'ICT4175', NULL, 'YES BROADBAND - EKAUNTER', 1, 1, 28, NULL, NULL, NULL, NULL, NULL, 59, '083', NULL, NULL, 248, NULL, NULL, NULL, NULL, NULL, NULL, NULL, NULL, NULL, NULL, NULL, NULL, NULL, NULL),
(4176, 'ICT4176', NULL, 'YES BROADBAND - EKAUNTER', 1, 1, 28, NULL, NULL, '815498700YESXS0101763Y6', NULL, NULL, 59, NULL, NULL, NULL, 238, NULL, NULL, NULL, NULL, NULL, NULL, NULL, NULL, NULL, NULL, NULL, NULL, NULL, NULL),
(4177, 'ICT4177', NULL, 'YES BROADBAND - VAN2', 1, 1, 28, NULL, NULL, '815094651YESXS0101750Y4', NULL, NULL, 59, NULL, NULL, NULL, 265, NULL, NULL, NULL, NULL, NULL, NULL, NULL, NULL, NULL, NULL, NULL, NULL, NULL, NULL),
(4178, 'ICT4178', NULL, 'YES BROADBAND - VAN2', 1, 1, 28, NULL, NULL, '815094686YESXS0101757Y5', NULL, NULL, 59, NULL, NULL, NULL, 265, NULL, NULL, NULL, NULL, NULL, NULL, NULL, NULL, NULL, NULL, NULL, NULL, NULL, NULL),
(4179, 'ICT4179', NULL, 'YES BROADBAND', 1, 1, 28, NULL, NULL, '813069872YESXS0047732Y2', NULL, NULL, 59, '083', NULL, NULL, 248, NULL, NULL, NULL, NULL, NULL, NULL, NULL, NULL, NULL, NULL, NULL, NULL, NULL, NULL),
(4180, 'ICT4180', NULL, 'YES BROADBAND', 1, 1, 28, NULL, NULL, '815094651YESXS0101757Y3', NULL, NULL, 59, '084', NULL, NULL, 223, NULL, NULL, NULL, NULL, NULL, 'SUKRIA', NULL, NULL, NULL, NULL, NULL, NULL, NULL, NULL),
(4193, 'ICT4193', NULL, 'MAXIS USB BROADBAND', 1, 1, 28, NULL, NULL, 'A: 1108304439 T: 01267315', NULL, NULL, 60, '083', NULL, NULL, 248, NULL, NULL, NULL, NULL, NULL, NULL, NULL, NULL, NULL, NULL, NULL, NULL, NULL, NULL),
(4194, 'ICT4194', NULL, 'YES BROADBAND', 1, 1, 28, NULL, NULL, 'YESB00050109', NULL, NULL, 59, '083', NULL, NULL, 248, NULL, NULL, NULL, NULL, NULL, NULL, NULL, NULL, NULL, NULL, NULL, NULL, NULL, NULL),
(4213, 'ICT4213', NULL, 'ACER 19" V19HQL LCD MONITOR', 1, 1, 3, NULL, NULL, 'F164201', NULL, NULL, 27, '059', NULL, 0, 259, NULL, NULL, NULL, NULL, NULL, 'kaunter7p15', NULL, NULL, NULL, NULL, NULL, NULL, NULL, NULL),
(4233, 'ICT4233', NULL, 'ACER 17" AL1716W LCD MONITOR', 1, 1, 3, NULL, NULL, 'F694314', NULL, NULL, 27, '059', NULL, NULL, 238, NULL, NULL, NULL, NULL, NULL, 'kaunter5pj', NULL, NULL, NULL, NULL, NULL, 'M', NULL, NULL),
(4234, 'ICT4234', NULL, 'ACER 19" V193HQV LCD MONITOR', 1, 1, 3, NULL, NULL, '16D4300', NULL, NULL, 27, '059', NULL, NULL, 238, NULL, NULL, NULL, NULL, NULL, 'kaunter6pj', NULL, NULL, NULL, NULL, NULL, NULL, NULL, NULL),
(4235, 'ICT4235', NULL, 'ACER 17" X173W LCD MONITOR', 1, 1, 3, NULL, NULL, '1EDB94200', NULL, NULL, 27, NULL, NULL, NULL, 248, NULL, NULL, NULL, NULL, NULL, NULL, NULL, NULL, NULL, NULL, NULL, NULL, NULL, NULL),
(4236, 'ICT4236', NULL, 'ACER 17" X173W LCD MONITOR', 1, 1, 3, NULL, NULL, '9045834203', NULL, NULL, 27, '059', NULL, NULL, 238, NULL, NULL, NULL, NULL, NULL, 'kaunter7pj', NULL, NULL, NULL, NULL, NULL, NULL, NULL, NULL),
(4253, 'ICT4253', NULL, 'ACER 17" X173W LCD MONITOR', 9, 1, 3, NULL, NULL, '91EDBD4200', NULL, NULL, 27, NULL, NULL, NULL, 263, NULL, NULL, NULL, NULL, NULL, NULL, NULL, NULL, NULL, NULL, NULL, NULL, NULL, NULL),
(4254, 'ICT4254', NULL, 'ACER 17" AL1716W LCD MONITOR', 9, 1, 3, NULL, NULL, '100D4314', NULL, NULL, 27, NULL, NULL, NULL, 263, NULL, NULL, NULL, NULL, NULL, NULL, NULL, NULL, NULL, NULL, NULL, NULL, NULL, NULL),
(4255, 'ICT4255', NULL, 'ACER 17" AL1716W LCD MONITOR', 1, 1, 3, NULL, NULL, '800FA54314', NULL, NULL, 27, '059', NULL, NULL, 239, NULL, NULL, NULL, NULL, NULL, 'mtdi4', NULL, NULL, NULL, NULL, NULL, NULL, NULL, NULL),
(4256, 'ICT4256', NULL, 'POWERCONNECT 2816 KAUNTER SWITCH', 1, 1, 5, NULL, NULL, '8993758', NULL, NULL, 2, NULL, NULL, NULL, 239, NULL, NULL, NULL, NULL, NULL, NULL, NULL, NULL, NULL, NULL, NULL, NULL, NULL, NULL),
(4257, 'ICT4257', NULL, 'ACER 17" X173W LCD MONITOR', 9, 1, 3, NULL, NULL, '91ED7E4200', NULL, NULL, 27, NULL, NULL, NULL, 263, NULL, NULL, NULL, NULL, NULL, NULL, NULL, NULL, NULL, NULL, NULL, NULL, NULL, NULL),
(4273, 'ICT4273', NULL, 'SB 30 LED LIGHT - UPWM', 1, 1, 8, NULL, NULL, NULL, NULL, NULL, NULL, '166', NULL, 1400, 223, NULL, NULL, NULL, 3542, NULL, 'ruzaini', NULL, NULL, NULL, NULL, NULL, NULL, NULL, NULL),
(4293, 'ICT4293', NULL, 'SERVER RACK : 42U 800MM X 1000MM\r\nH PERSINT 15PJ', 1, 1, 30, NULL, NULL, NULL, NULL, NULL, NULL, NULL, NULL, 3899, 259, NULL, NULL, NULL, 3357, NULL, NULL, NULL, NULL, NULL, NULL, NULL, NULL, NULL, NULL),
(4313, 'ICT4313', NULL, 'BROTHER MFC7300N PRINTER SCANNER', 1, 1, 4, NULL, NULL, 'N323288', NULL, NULL, 29, '151', NULL, NULL, 220, NULL, NULL, NULL, 3722, NULL, 'AIMAN', NULL, NULL, NULL, NULL, NULL, NULL, NULL, NULL),
(4314, 'ICT4314', NULL, 'ACER 20" V203HV LCD MONITOR', 1, 1, 3, NULL, NULL, '5026128505', NULL, NULL, 27, '059', NULL, NULL, 240, NULL, NULL, NULL, NULL, NULL, NULL, NULL, NULL, NULL, NULL, NULL, NULL, NULL, NULL),
(4315, 'ICT4315', NULL, 'ACER 20" V203H LCD MONITOR', 1, 1, 3, NULL, NULL, '5089784221', NULL, NULL, 27, '059', NULL, NULL, 240, NULL, NULL, NULL, NULL, NULL, 'puchong4', NULL, NULL, NULL, NULL, NULL, NULL, NULL, NULL),
(4316, 'ICT4316', NULL, 'ACER 17" AL1716W LCD MONITOR', 9, 1, 3, NULL, NULL, '800F924314', NULL, NULL, 27, NULL, NULL, NULL, 263, NULL, NULL, NULL, NULL, NULL, NULL, NULL, NULL, NULL, NULL, NULL, NULL, NULL, NULL),
(4317, 'ICT4317', NULL, 'ACER 19" V193HQ LCD MONITOR', 9, 1, 3, NULL, NULL, '60E81A4216', NULL, NULL, 27, NULL, NULL, NULL, 263, NULL, NULL, NULL, NULL, NULL, NULL, NULL, NULL, NULL, NULL, NULL, NULL, NULL, NULL),
(4318, 'ICT4318', NULL, 'ACER 17" X173W LCD MONITOR', 9, 1, 3, NULL, NULL, '500F284200', NULL, NULL, 27, NULL, NULL, NULL, 263, NULL, NULL, NULL, NULL, NULL, NULL, NULL, NULL, NULL, NULL, NULL, NULL, NULL, NULL),
(4333, 'ICT4333', NULL, 'ACER 20" V203HV LCD MONITOR', 1, 1, 1, NULL, NULL, '5026678505', NULL, NULL, 27, '059', NULL, NULL, 241, NULL, NULL, NULL, NULL, NULL, NULL, NULL, NULL, NULL, NULL, NULL, NULL, NULL, NULL),
(4334, 'ICT4334', NULL, 'ACER 19" X193HQ LCD MONITOR', 1, 1, 3, NULL, NULL, '9110A3314200', NULL, NULL, 27, '059', NULL, NULL, 241, NULL, NULL, NULL, NULL, NULL, 'kepong4', NULL, NULL, NULL, NULL, NULL, 'L', NULL, NULL),
(4335, 'ICT4335', NULL, 'ACER 20" V203HV LCD MONITOR', 9, 1, 3, NULL, NULL, '50265A8505', NULL, NULL, 27, NULL, NULL, NULL, 263, NULL, NULL, NULL, NULL, NULL, NULL, NULL, NULL, NULL, NULL, NULL, NULL, NULL, NULL),
(4336, 'ICT4336', NULL, 'ACER 17" AL1716W LCD MONITOR', 9, 1, 3, NULL, NULL, '800AC94314', NULL, NULL, 27, NULL, NULL, NULL, 263, NULL, NULL, NULL, NULL, NULL, NULL, NULL, NULL, NULL, NULL, NULL, 'L', NULL, NULL),
(4337, 'ICT4337', NULL, 'ACER 17" X173W LCD MONITOR', 9, 1, 3, NULL, NULL, '91EDB64200', NULL, NULL, 27, NULL, NULL, NULL, 263, NULL, NULL, NULL, NULL, NULL, NULL, NULL, NULL, NULL, NULL, NULL, 'L', NULL, NULL),
(4338, 'ICT4338', NULL, 'ACER 20" V203HV LCD MONITOR', 1, 1, 3, NULL, NULL, '5026678505', NULL, NULL, 27, '059', NULL, NULL, 241, NULL, NULL, NULL, NULL, NULL, NULL, NULL, NULL, NULL, NULL, NULL, NULL, NULL, NULL),
(4339, 'ICT4339', NULL, 'ACER 20" V203HV LCD MONITOR', 9, 1, 3, NULL, NULL, '50265A8505', NULL, NULL, 27, NULL, NULL, NULL, 263, NULL, NULL, NULL, NULL, NULL, NULL, NULL, NULL, NULL, NULL, NULL, 'L', NULL, NULL),
(4353, 'ICT4353', NULL, 'ACER 17" X173W LCD MONITOR', 1, 1, 3, NULL, NULL, '8829044A14203', NULL, NULL, 27, '059', NULL, NULL, 237, NULL, NULL, NULL, NULL, NULL, NULL, NULL, NULL, NULL, NULL, NULL, 'L', NULL, NULL),
(4354, 'ICT4354', NULL, 'ACER 17" AL1716W LCD MONITOR', 9, 1, 3, NULL, NULL, '82800FCD4314', NULL, NULL, 27, NULL, NULL, NULL, 263, NULL, NULL, NULL, NULL, NULL, NULL, NULL, NULL, NULL, NULL, NULL, NULL, NULL, NULL),
(4355, 'ICT4355', NULL, 'ACER 17" X173W LCD MONITOR', 9, 1, 3, NULL, NULL, '88091EDC24200', NULL, NULL, 27, NULL, NULL, NULL, 263, NULL, NULL, NULL, NULL, NULL, NULL, NULL, NULL, NULL, NULL, NULL, 'L', NULL, NULL),
(4356, 'ICT4356', NULL, 'ACER 17" X173W LCD MONITOR', 9, 1, 3, NULL, NULL, '88091EDBE4200', NULL, NULL, 27, NULL, NULL, NULL, 263, NULL, NULL, NULL, NULL, NULL, NULL, NULL, NULL, NULL, NULL, NULL, 'L', NULL, NULL),
(4357, 'ICT4357', NULL, 'ACER 17" X173W LCD MONITOR', 9, 1, 3, NULL, NULL, '882904544203', NULL, NULL, 27, NULL, NULL, NULL, 263, NULL, NULL, NULL, NULL, NULL, NULL, NULL, NULL, NULL, NULL, NULL, 'L', NULL, NULL),
(4358, 'ICT4358', NULL, 'ACER 17" AL1716W LCD MONITOR', 9, 1, 3, NULL, NULL, '800ACB4314', NULL, NULL, 27, NULL, NULL, NULL, 263, NULL, NULL, NULL, NULL, NULL, NULL, NULL, NULL, NULL, NULL, NULL, 'L', NULL, NULL),
(4359, 'ICT4359', NULL, 'ACER 20" V203H LCD MONITOR', 1, 1, 3, NULL, NULL, '5089424221', NULL, NULL, 27, '059', NULL, NULL, 237, NULL, NULL, NULL, NULL, NULL, NULL, NULL, NULL, NULL, NULL, NULL, NULL, NULL, NULL),
(4360, 'ICT4360', NULL, 'ACER 19" X193HQ LCD MONITOR', 1, 1, 3, NULL, NULL, '99260E8214216', NULL, NULL, 27, '059', NULL, NULL, 237, NULL, NULL, NULL, NULL, NULL, NULL, NULL, NULL, NULL, NULL, NULL, NULL, NULL, NULL),
(4361, 'ICT4361', NULL, 'ACER 20" V203HV LCD MONITOR', 1, 1, 3, NULL, NULL, 'D8505', NULL, NULL, 27, '070', NULL, 0, 222, NULL, NULL, NULL, NULL, NULL, NULL, NULL, NULL, NULL, NULL, NULL, NULL, NULL, NULL),
(4362, 'ICT4362', NULL, 'ACER 20" S201HL LCD MONITOR', 1, 1, 3, NULL, NULL, '7066274227', NULL, NULL, 27, '059', NULL, NULL, 241, NULL, NULL, NULL, NULL, NULL, NULL, NULL, NULL, NULL, NULL, NULL, NULL, NULL, NULL),
(4373, 'ICT4373', NULL, 'ACER 19" X193HQ LCD MONITOR', 1, 1, 3, NULL, NULL, '260E7D04216', NULL, NULL, 27, '059', NULL, NULL, 234, NULL, NULL, NULL, NULL, NULL, 'KAUNTER1SM', NULL, NULL, NULL, NULL, NULL, NULL, NULL, NULL),
(4374, 'ICT4374', NULL, 'SAMSUNG 19" E1920 LCD MONITOR', 1, 1, 3, NULL, NULL, 'EZ500752L', NULL, NULL, 27, '059', NULL, NULL, 234, NULL, NULL, NULL, NULL, NULL, 'stok', NULL, NULL, NULL, NULL, NULL, NULL, NULL, NULL),
(4375, 'ICT4375', NULL, 'ACER 20" S201HL LCD MONITOR', 1, 1, 3, NULL, NULL, '15201095142', NULL, NULL, 27, '145', NULL, NULL, 234, NULL, NULL, NULL, NULL, NULL, 'iskandar', NULL, NULL, NULL, NULL, NULL, NULL, NULL, NULL),
(4376, 'ICT4376', NULL, 'ACER 17" X173W LCD MONITOR', 1, 1, 3, NULL, NULL, '9044C34203', NULL, NULL, 27, '059', NULL, NULL, 234, NULL, NULL, NULL, NULL, NULL, NULL, NULL, NULL, NULL, NULL, NULL, NULL, NULL, NULL),
(4377, 'ICT4377', NULL, 'ACER 19" X193HQ LCD MONITOR', 1, 1, 3, NULL, NULL, '99260E7DF4216', NULL, NULL, 27, '059', NULL, NULL, 234, NULL, NULL, NULL, NULL, NULL, 'kaunter7sm', NULL, NULL, NULL, NULL, NULL, NULL, NULL, NULL),
(4378, 'ICT4378', NULL, 'ACER 19" V193HQ LCD MONITOR', 1, 1, 3, NULL, NULL, '20196D8501', NULL, NULL, 27, '059', NULL, NULL, 234, NULL, NULL, NULL, NULL, NULL, 'KAUNTER2SM', NULL, NULL, NULL, NULL, NULL, NULL, NULL, NULL),
(4379, 'ICT4379', NULL, 'ACER 19" X193HQ LCD MONITOR', 1, 1, 3, NULL, NULL, '99260E7E4216', NULL, NULL, 27, '059', NULL, NULL, 234, NULL, NULL, NULL, NULL, NULL, 'kaunter3sm', NULL, NULL, NULL, NULL, NULL, NULL, NULL, NULL),
(4380, 'ICT4380', NULL, 'ACER 19" X193HQ LCD MONITOR', 1, 1, 3, NULL, NULL, '260E7E14216', NULL, NULL, 27, '059', NULL, NULL, 234, NULL, NULL, NULL, NULL, NULL, 'kaunter5sm', NULL, NULL, NULL, NULL, NULL, NULL, NULL, NULL),
(4381, 'ICT4381', NULL, 'ACER VERITON Z2660G \r\nINTEL CORE I5\r\n', 1, 1, 1, NULL, NULL, 'DD73000', NULL, NULL, 27, '059', NULL, 2914, 241, NULL, NULL, NULL, 3742, NULL, 'kepong2', NULL, NULL, NULL, NULL, NULL, NULL, NULL, NULL),
(4382, 'ICT4382', NULL, 'ACER VERITON Z2660G \r\nINTEL CORE I5\r\n', 1, 1, 1, NULL, NULL, 'DD83000', NULL, NULL, 27, '059', NULL, 2914, 241, NULL, NULL, NULL, 3742, NULL, 'kepong3', NULL, NULL, NULL, NULL, NULL, NULL, NULL, NULL),
(4383, 'ICT4383', NULL, 'ACER VERITON Z2660G \r\nINTEL CORE I5', 1, 1, 1, NULL, NULL, 'DD93000', NULL, NULL, 27, '059', NULL, 2914, 234, NULL, NULL, NULL, 3742, NULL, 'KAUNTER2SM', NULL, NULL, NULL, NULL, NULL, NULL, NULL, NULL),
(4384, 'ICT4384', NULL, 'ACER VERITON Z2660G \r\nINTEL CORE I5', 1, 1, 1, NULL, NULL, 'DEC3000', NULL, NULL, 27, '059', NULL, 2914, 239, NULL, NULL, NULL, 3742, NULL, 'mtdi3', NULL, NULL, NULL, NULL, NULL, NULL, NULL, NULL),
(4385, 'ICT4385', NULL, 'ACER VERITON Z2660G \r\nINTEL CORE I5', 1, 1, 1, NULL, NULL, 'DF13000', NULL, NULL, 27, '059', NULL, 2914, 246, NULL, NULL, NULL, 3742, NULL, 'kaunter3ps', NULL, NULL, NULL, NULL, NULL, NULL, NULL, NULL),
(4386, 'ICT4386', NULL, 'ACER VERITON Z2660G \r\nINTEL CORE I5', 1, 1, 1, NULL, NULL, 'DE03000', NULL, NULL, 27, '059', NULL, 2914, 266, NULL, NULL, NULL, 3742, NULL, NULL, NULL, NULL, NULL, NULL, NULL, NULL, NULL, NULL),
(4387, 'ICT4387', NULL, 'ACER VERITON Z2660G \r\nINTEL CORE I5', 1, 1, 1, NULL, NULL, 'DDD3000', NULL, NULL, 27, '059', NULL, 2914, 237, NULL, NULL, NULL, 3742, NULL, 'kaunter3wm', NULL, NULL, NULL, NULL, NULL, NULL, NULL, NULL),
(4388, 'ICT4388', NULL, 'ACER VERITON Z2660G \r\nINTEL CORE I5', 1, 1, 1, NULL, NULL, 'DDB3000', NULL, NULL, 27, '059', NULL, 2914, 237, NULL, NULL, NULL, 3742, NULL, 'kaunter7sm', NULL, NULL, NULL, NULL, NULL, NULL, NULL, NULL),
(4389, 'ICT4389', NULL, 'ACER VERITON Z2660G \r\nINTEL CORE I5', 1, 1, 1, NULL, NULL, 'DE73000', NULL, NULL, 27, '059', NULL, 2914, 240, NULL, NULL, NULL, 3742, NULL, 'puchong2', NULL, NULL, NULL, NULL, NULL, NULL, NULL, NULL),
(4390, 'ICT4390', NULL, 'ACER VERITON Z2660G \r\nINTEL CORE I5', 1, 1, 1, NULL, NULL, 'DEE3000', NULL, NULL, 27, '059', NULL, 2914, 234, NULL, NULL, NULL, 3742, NULL, 'kaunter5wm', NULL, NULL, NULL, NULL, NULL, NULL, NULL, NULL),
(4391, 'ICT4391', NULL, 'ACER VERITON Z2660G \r\nINTEL CORE I5', 1, 1, 1, NULL, NULL, 'DED3000', NULL, NULL, 27, '059', NULL, 2914, 239, NULL, NULL, NULL, 3742, NULL, 'mtdi', NULL, NULL, NULL, NULL, NULL, NULL, NULL, NULL),
(4392, 'ICT4392', NULL, 'ACER VERITON Z2660G \r\nINTEL CORE I5', 1, 1, 1, NULL, NULL, 'DE63000', NULL, NULL, 27, '059', NULL, 2914, 239, NULL, NULL, NULL, 3742, NULL, 'mtdi2', NULL, NULL, NULL, NULL, NULL, NULL, NULL, NULL),
(4393, 'ICT4393', NULL, 'ACER VERITON Z2660G \r\nINTEL CORE I5', 1, 1, 1, NULL, NULL, 'DE13000', NULL, NULL, 27, '059', NULL, 2914, 237, NULL, NULL, NULL, 3742, NULL, 'KAUNTER4WM', NULL, NULL, NULL, NULL, NULL, NULL, NULL, NULL),
(4394, 'ICT4394', NULL, 'ACER VERITON Z2660G \r\nINTEL CORE I5', 1, 1, 1, NULL, NULL, 'DE53000', NULL, NULL, 27, '059', NULL, 2914, 234, NULL, NULL, NULL, 3742, NULL, 'kaunter3sm', NULL, NULL, NULL, NULL, NULL, NULL, NULL, NULL),
(4395, 'ICT4395', NULL, 'ACER VERITON Z2660G \r\nINTEL CORE I5', 1, 1, 1, NULL, NULL, 'DE33000', NULL, NULL, 27, '059', NULL, 2914, 238, NULL, NULL, NULL, 3742, NULL, 'kaunter3pj', NULL, NULL, NULL, NULL, NULL, NULL, NULL, NULL),
(4396, 'ICT4396', NULL, 'ACER VERITON Z2660G \r\nINTEL CORE I5', 1, 1, 1, NULL, NULL, 'DE83000', NULL, NULL, 27, '059', NULL, 2914, 266, NULL, NULL, NULL, 3742, NULL, NULL, NULL, NULL, NULL, NULL, NULL, NULL, NULL, NULL),
(4397, 'ICT4397', NULL, 'ACER VERITON Z2660G \r\nINTEL CORE I5', 1, 1, 1, NULL, NULL, 'DE43000', NULL, NULL, 27, '059', NULL, 2914, 237, NULL, NULL, NULL, 3742, NULL, 'kaunter1wm', NULL, NULL, NULL, NULL, NULL, NULL, NULL, NULL),
(4398, 'ICT4398', NULL, 'ACER VERITON Z2660G \r\nINTEL CORE I5', 1, 1, 1, NULL, NULL, 'DF23000', NULL, NULL, 27, '059', NULL, 2914, 241, NULL, NULL, NULL, 3742, NULL, 'kepong1', NULL, NULL, NULL, NULL, NULL, NULL, NULL, NULL),
(4399, 'ICT4399', NULL, 'ACER VERITON Z2660G \r\nINTEL CORE I5', 1, 1, 1, NULL, NULL, 'DDE3000', NULL, NULL, 27, '059', NULL, 2914, 241, NULL, NULL, NULL, 3742, NULL, 'puchong3', NULL, NULL, NULL, NULL, NULL, NULL, NULL, NULL),
(4400, 'ICT4400', NULL, 'ACER VERITON Z2660G \r\nINTEL CORE I5', 1, 1, 1, NULL, NULL, 'DDF3000', NULL, NULL, 27, '059', NULL, 2914, 238, NULL, NULL, NULL, 3742, NULL, 'kaunter4pj', NULL, NULL, NULL, NULL, NULL, NULL, NULL, NULL),
(4401, 'ICT4401', NULL, 'ACER VERITON Z2660G \r\nINTEL CORE I5', 1, 1, 1, NULL, NULL, 'DDA3000', NULL, NULL, 27, '059', NULL, 2914, 246, NULL, NULL, NULL, 3742, NULL, 'kaunter1ps', NULL, NULL, NULL, NULL, NULL, NULL, NULL, NULL),
(4402, 'ICT4402', NULL, 'ACER VERITON Z2660G \r\nINTEL CORE I5', 1, 1, 1, NULL, NULL, 'DF03000', NULL, NULL, 27, '059', NULL, 2914, 266, NULL, NULL, NULL, 3742, NULL, NULL, NULL, NULL, NULL, NULL, NULL, NULL, NULL, NULL),
(4403, 'ICT4403', NULL, 'ACER VERITON Z2660G \r\nINTEL CORE I5', 1, 1, 1, NULL, NULL, 'DEB3000', NULL, NULL, 27, '059', NULL, 2914, 266, NULL, NULL, NULL, 3742, NULL, NULL, NULL, NULL, NULL, NULL, NULL, NULL, NULL, NULL),
(4404, 'ICT4404', NULL, 'ACER VERITON Z2660G \r\nINTEL CORE I5', 1, 1, 1, NULL, NULL, 'DE23000', NULL, NULL, 27, '059', NULL, 2914, 234, NULL, NULL, NULL, 3742, NULL, 'kaunter5sm', NULL, NULL, NULL, NULL, NULL, NULL, NULL, NULL),
(4405, 'ICT4405', NULL, 'ACER VERITON Z2660G \r\nINTEL CORE I5', 1, 1, 1, NULL, NULL, 'DEA3000', NULL, NULL, 27, '059', NULL, 2914, 266, NULL, NULL, NULL, 3742, NULL, NULL, NULL, NULL, NULL, NULL, NULL, NULL, NULL, NULL),
(4406, 'ICT4406', NULL, 'ACER VERITON Z2660G \r\nINTEL CORE I5', 1, 1, 1, NULL, NULL, 'DDC3000', NULL, NULL, 27, '059', NULL, 2914, 266, NULL, NULL, NULL, 3742, NULL, NULL, NULL, NULL, NULL, NULL, NULL, NULL, NULL, NULL),
(4407, 'ICT4407', NULL, 'ACER VERITON Z2660G \r\nINTEL CORE I5', 1, 1, 1, NULL, NULL, 'DD63000', NULL, NULL, 27, '059', NULL, 2914, 238, NULL, NULL, NULL, 3742, NULL, 'kaunter2pj', NULL, NULL, NULL, NULL, NULL, NULL, NULL, NULL),
(4408, 'ICT4408', NULL, 'ACER VERITON Z2660G \r\nINTEL CORE I5', 1, 1, 1, NULL, NULL, 'DF33000', NULL, NULL, 27, '059', NULL, 2914, 240, NULL, NULL, NULL, 3742, NULL, 'puchong1', NULL, NULL, NULL, NULL, NULL, NULL, NULL, NULL),
(4409, 'ICT4409', NULL, 'ACER VERITON Z2660G \r\nINTEL CORE I5', 1, 1, 1, NULL, NULL, 'DE93000', NULL, NULL, 27, '059', NULL, 2914, 238, NULL, NULL, NULL, 3742, NULL, 'kaunter1pj', NULL, NULL, NULL, NULL, NULL, NULL, NULL, NULL),
(4410, 'ICT4410', NULL, 'ACER VERITON Z2660G \r\nINTEL CORE I5', 1, 1, 1, NULL, NULL, 'DEF3000', NULL, NULL, 27, '059', NULL, 2914, 237, NULL, NULL, NULL, 3742, NULL, 'KAUNTER2WM', NULL, NULL, NULL, NULL, NULL, NULL, NULL, NULL),
(4413, 'ICT4413', NULL, 'ACER MONITOR V193HQV', 1, 1, 3, NULL, NULL, 'F8501', NULL, NULL, 27, '051', NULL, NULL, 206, NULL, NULL, NULL, NULL, NULL, 'Azlan', NULL, NULL, NULL, NULL, NULL, NULL, NULL, NULL),
(4414, 'ICT4414', NULL, 'ACER MONITOR V203HV', 1, 1, 3, NULL, NULL, '88505', NULL, NULL, 27, '189', NULL, NULL, 230, NULL, NULL, NULL, NULL, NULL, 'PPZT-PC', NULL, NULL, NULL, NULL, NULL, NULL, NULL, NULL),
(4415, 'ICT4415', NULL, 'ACER MONITOR V193HQV', 1, 1, 3, NULL, NULL, '704300', NULL, NULL, 27, '112', NULL, NULL, 230, NULL, NULL, NULL, NULL, NULL, 'nuzul', NULL, NULL, NULL, NULL, NULL, NULL, NULL, NULL),
(4416, 'ICT4416', NULL, 'ACER MONITOR V201HL', 1, 1, 3, NULL, NULL, '1F4227', NULL, NULL, 27, 'KS017', NULL, NULL, 227, NULL, NULL, NULL, NULL, NULL, 'praktikal11', NULL, NULL, NULL, NULL, NULL, NULL, NULL, NULL),
(4417, 'ICT4417', NULL, 'ACER MONITOR 19" V193HQV', 1, 1, 3, NULL, NULL, '38501', NULL, NULL, 27, 'KS014', NULL, NULL, 218, NULL, NULL, NULL, NULL, NULL, 'praktikal7', NULL, NULL, NULL, NULL, NULL, NULL, NULL, NULL),
(4418, 'ICT4418', NULL, 'ACER MONITOR 19" X193HQ', 1, 1, 3, NULL, NULL, 'B34200', NULL, NULL, 27, 'KS015', NULL, NULL, 218, NULL, NULL, NULL, NULL, NULL, 'praktikal6', NULL, NULL, NULL, NULL, NULL, NULL, NULL, NULL),
(4419, 'ICT4419', NULL, 'ACER MONITOR 17" AL1716W', 1, 1, 3, NULL, NULL, '184314', NULL, NULL, 27, '217', NULL, NULL, 232, NULL, NULL, NULL, NULL, NULL, 'syaz', NULL, NULL, NULL, NULL, NULL, NULL, NULL, NULL),
(4433, 'ICT4433', NULL, 'BROTHER PRINTER MFC-7360', 1, 1, 4, '2014-12-19', NULL, 'E69906G4N163623', NULL, '37006', 29, '059', NULL, 880, 237, NULL, NULL, NULL, 3782, NULL, 'Hakemal', NULL, NULL, NULL, NULL, NULL, NULL, NULL, NULL),
(4434, 'ICT4434', NULL, 'BROTHER PRINTER MFC-7360', 1, 1, 4, '2014-12-19', NULL, 'E69906G4N163636', NULL, '37006', 29, '059', NULL, 880, 240, NULL, NULL, NULL, 3782, NULL, 'puchong4', NULL, NULL, NULL, NULL, NULL, NULL, NULL, NULL),
(4435, 'ICT4435', NULL, 'ACER MONITOR 19" V193HQV', 1, 1, 3, NULL, NULL, 'DA4300', NULL, NULL, 27, '056', NULL, NULL, 231, NULL, NULL, NULL, NULL, NULL, 'Fatimah', NULL, NULL, NULL, NULL, NULL, NULL, NULL, NULL),
(4436, 'ICT4436', NULL, 'ACER MONITOR 19" V193HQV', 1, 1, 3, NULL, NULL, 'B4300', NULL, NULL, 27, '220', NULL, NULL, 232, NULL, NULL, NULL, NULL, NULL, 'munirah', NULL, NULL, NULL, NULL, NULL, NULL, NULL, NULL),
(4437, 'ICT4437', NULL, 'ACER MONITOR 19" V193HQV', 1, 1, 3, NULL, NULL, 'C8501', NULL, NULL, 27, '171', NULL, NULL, 215, NULL, NULL, NULL, NULL, NULL, 'sofizal', NULL, NULL, NULL, NULL, NULL, NULL, NULL, NULL),
(4438, 'ICT4438', NULL, 'ACER MONITOR 17" X173W', 1, 1, 3, NULL, NULL, 'C4203', NULL, NULL, 27, '191', NULL, NULL, 217, NULL, NULL, NULL, NULL, NULL, 'azkiah', NULL, NULL, NULL, NULL, NULL, NULL, NULL, NULL),
(4439, 'ICT4439', NULL, 'ACER MONITOR 20" V203H', 1, 1, 3, NULL, NULL, '98542', NULL, NULL, 27, '185', NULL, NULL, 231, NULL, NULL, NULL, NULL, NULL, 'ghafur', NULL, NULL, NULL, NULL, NULL, NULL, NULL, NULL),
(4440, 'ICT4440', NULL, 'ACER MONITOR 19" V193HQV', 1, 1, 3, NULL, NULL, 'B4201', NULL, NULL, 27, '160', NULL, NULL, 227, NULL, NULL, NULL, NULL, NULL, 'izwan', NULL, NULL, NULL, NULL, NULL, NULL, NULL, NULL),
(4441, 'ICT4441', NULL, 'ACER MONITOR 17" X173W', 1, 1, 3, NULL, NULL, 'B4203', NULL, NULL, 27, '212', NULL, NULL, 218, NULL, NULL, NULL, NULL, NULL, 'praktikal8', NULL, NULL, NULL, NULL, NULL, NULL, NULL, NULL),
(4442, 'ICT4442', NULL, 'ACER MONITOR 17" AL1717', 1, 1, 3, NULL, NULL, 'F4045', NULL, NULL, 27, NULL, NULL, NULL, 233, NULL, NULL, NULL, NULL, NULL, 'prcenter4', NULL, NULL, NULL, NULL, NULL, NULL, NULL, NULL),
(4443, 'ICT4443', NULL, 'ACER MONITOR 20" V203HV', 1, 1, 3, NULL, NULL, '0F8505', NULL, NULL, 27, '140', NULL, NULL, 205, NULL, NULL, NULL, NULL, NULL, 'ashikin', NULL, NULL, NULL, NULL, NULL, NULL, NULL, NULL),
(4444, 'ICT4444', NULL, 'ACER MONITOR 17" X173W', 1, 1, 3, NULL, NULL, 'D854200', NULL, NULL, 27, NULL, NULL, NULL, 205, NULL, NULL, NULL, NULL, NULL, 'DP', NULL, NULL, NULL, NULL, NULL, NULL, NULL, NULL),
(4445, 'ICT4445', NULL, 'ACER MONITOR 20" V203HV', 1, 1, 3, NULL, NULL, '98542', NULL, NULL, 27, NULL, NULL, NULL, 228, NULL, NULL, NULL, NULL, NULL, 'praktikal13', NULL, NULL, NULL, NULL, NULL, NULL, NULL, NULL),
(4453, 'ICT4453', NULL, 'ACER MONITOR 17" AL1716W', 1, 1, 3, NULL, NULL, '44314', NULL, NULL, 27, '162', NULL, NULL, 229, NULL, NULL, NULL, NULL, NULL, 'praktikal7', NULL, NULL, NULL, NULL, NULL, NULL, NULL, NULL),
(4454, 'ICT4454', NULL, 'ACER MONITOR 20" V203HV', 1, 1, 3, NULL, NULL, 'F14244', NULL, NULL, 27, '206', NULL, NULL, 229, NULL, NULL, NULL, NULL, NULL, 'imran', NULL, NULL, NULL, NULL, NULL, NULL, NULL, NULL),
(4455, 'ICT4455', NULL, 'ACER MONITOR 19" V193HQV', 1, 1, 3, NULL, NULL, 'DE4300', NULL, NULL, 27, '047', NULL, NULL, 233, NULL, NULL, NULL, NULL, NULL, 'NORLAILA', NULL, NULL, NULL, NULL, NULL, NULL, NULL, NULL),
(4456, 'ICT4456', NULL, 'ACER MONITOR 17" AL1716W', 1, 1, 3, NULL, NULL, 'A4314', NULL, NULL, 27, '133', NULL, NULL, 228, NULL, NULL, NULL, NULL, NULL, 'IZUDIN', NULL, NULL, NULL, NULL, NULL, NULL, NULL, NULL),
(4457, 'ICT4457', NULL, 'ACER MONITOR 17" AL1716W', 1, 1, 3, NULL, NULL, '14314', NULL, NULL, 27, NULL, NULL, NULL, 228, NULL, NULL, NULL, NULL, NULL, 'praktikal5', NULL, NULL, NULL, NULL, NULL, NULL, NULL, NULL),
(4458, 'ICT4458', NULL, 'ACER MONITOR 19" X193H', 1, 1, 3, NULL, NULL, '424200', NULL, NULL, 27, '222', NULL, NULL, 229, NULL, NULL, NULL, NULL, NULL, 'zulfadzli', NULL, NULL, NULL, NULL, NULL, NULL, NULL, NULL),
(4459, 'ICT4459', NULL, 'ACER MONITOR 17" X173W', 1, 1, 3, NULL, NULL, 'B4203', NULL, NULL, 27, '195', NULL, NULL, 228, NULL, NULL, NULL, NULL, NULL, 'hidayah', NULL, NULL, NULL, NULL, NULL, NULL, NULL, NULL),
(4460, 'ICT4460', NULL, 'ACER MONITOR 17" X173W', 1, 1, 3, NULL, NULL, '904200', NULL, NULL, 27, '112', NULL, NULL, 244, NULL, NULL, NULL, NULL, NULL, 'nuzul', NULL, NULL, NULL, NULL, NULL, NULL, NULL, NULL),
(4461, 'ICT4461', NULL, 'ACER MONITOR 20" V203HL', 1, 1, 3, NULL, NULL, 'DF4244', NULL, NULL, 27, '170', NULL, NULL, 244, NULL, NULL, NULL, NULL, NULL, 'hartini2', NULL, NULL, NULL, NULL, NULL, NULL, NULL, NULL),
(4462, 'ICT4462', NULL, 'ACER MONITOR 19" V193HQL', 1, 1, 3, NULL, NULL, '64240', NULL, NULL, 27, '108', NULL, NULL, 228, NULL, NULL, NULL, NULL, NULL, 'faridah', NULL, NULL, NULL, NULL, NULL, NULL, NULL, NULL),
(4463, 'ICT4463', NULL, 'ACER MONITOR 19" V1936HQL', 1, 1, 3, NULL, NULL, 'EEC4201', NULL, NULL, 27, '221', NULL, NULL, 229, NULL, NULL, NULL, NULL, NULL, 'nurhidayah', NULL, NULL, NULL, NULL, NULL, NULL, NULL, NULL),
(4464, 'ICT4464', NULL, 'ACER MONITOR 19" V193HQ', 1, 1, 3, NULL, NULL, '464200', NULL, NULL, 27, '069', NULL, NULL, 233, NULL, NULL, NULL, NULL, NULL, 'azreena', NULL, NULL, NULL, NULL, NULL, NULL, NULL, NULL),
(4465, 'ICT4465', NULL, 'ACER MONITOR 20" V203H', 1, 1, 3, NULL, NULL, '7F4221', NULL, NULL, 27, '124', NULL, NULL, 233, NULL, NULL, NULL, NULL, NULL, 'suriawati', NULL, NULL, NULL, NULL, NULL, NULL, NULL, NULL),
(4466, 'ICT4466', NULL, 'ACER MONITOR 20" V203H', 1, 1, 3, NULL, NULL, '78542', NULL, NULL, 27, '154', NULL, NULL, 233, NULL, NULL, NULL, NULL, NULL, 'zulaikha', NULL, NULL, NULL, NULL, NULL, NULL, NULL, NULL),
(4467, 'ICT4467', NULL, 'ACER MONITOR 19" V193HQV', 1, 1, 3, NULL, NULL, 'F04300', NULL, NULL, 27, '066', NULL, NULL, 233, NULL, NULL, NULL, NULL, NULL, 'ZULINA', NULL, NULL, NULL, NULL, NULL, NULL, NULL, NULL),
(4468, 'ICT4468', NULL, 'ACER MONITOR 19" V193HQV', 1, 1, 3, NULL, NULL, '684300', NULL, NULL, 27, '028', NULL, NULL, 233, NULL, NULL, NULL, NULL, NULL, 'MISSABAH', NULL, NULL, NULL, NULL, NULL, NULL, NULL, NULL),
(4469, 'ICT4469', NULL, 'ACER MONITOR 20" V203HV', 1, 1, 3, NULL, NULL, 'D4221', NULL, NULL, 27, '150', NULL, NULL, 233, NULL, NULL, NULL, NULL, NULL, 'khaizad', NULL, NULL, NULL, NULL, NULL, NULL, NULL, NULL),
(4470, 'ICT4470', NULL, 'ACER MONITOR 19" X193HQ', 1, 1, 3, NULL, NULL, 'FB4300', NULL, NULL, 27, '092', NULL, NULL, 233, NULL, NULL, NULL, NULL, NULL, 'AZRI', NULL, NULL, NULL, NULL, NULL, NULL, NULL, NULL),
(4471, 'ICT4471', NULL, 'ACER MONITOR 20" V203HL', 1, 1, 3, NULL, NULL, 'F64244', NULL, NULL, 27, '207', NULL, NULL, 229, NULL, NULL, NULL, NULL, NULL, 'hizam', NULL, NULL, NULL, NULL, NULL, NULL, NULL, NULL),
(4472, 'ICT4472', NULL, 'ACER MONITOR 17" X173W', 1, 1, 3, NULL, NULL, '8F4203', NULL, NULL, 27, '139', NULL, NULL, 233, NULL, NULL, NULL, NULL, NULL, 'norsafiah', NULL, NULL, NULL, NULL, NULL, NULL, NULL, NULL),
(4473, 'ICT4473', NULL, 'ACER MONITOR 19" X193HQ', 1, 1, 3, NULL, NULL, '6E4300', NULL, NULL, 27, '100', NULL, NULL, 233, NULL, NULL, NULL, NULL, NULL, 'rozy', NULL, NULL, NULL, NULL, NULL, NULL, NULL, NULL),
(4474, 'ICT4474', NULL, 'ACER MONITOR 19" X193HQ', 1, 1, 3, NULL, NULL, 'C8501', NULL, NULL, 27, '190', NULL, NULL, 233, NULL, NULL, NULL, NULL, NULL, 'azlina', NULL, NULL, NULL, NULL, NULL, NULL, NULL, NULL),
(4475, 'ICT4475', NULL, 'ACER MONITOR 17" AL1716W', 1, 1, 3, NULL, NULL, '94134', NULL, NULL, 27, '170', NULL, NULL, 233, NULL, NULL, NULL, NULL, NULL, 'hartini', NULL, NULL, NULL, NULL, NULL, NULL, NULL, NULL),
(4476, 'ICT4476', NULL, 'ACER MONITOR 20" V203HV', 1, 1, 3, NULL, NULL, 'B58505', NULL, NULL, 27, '098', NULL, NULL, 233, NULL, NULL, NULL, NULL, NULL, 'zaidi', NULL, NULL, NULL, NULL, NULL, NULL, NULL, NULL),
(4477, 'ICT4477', NULL, 'ACER MONITOR 19" X193HQV', 1, 1, 3, NULL, NULL, 'F24300', NULL, NULL, 27, '110', NULL, NULL, 225, NULL, NULL, NULL, NULL, NULL, 'fida', NULL, NULL, NULL, NULL, NULL, NULL, NULL, NULL),
(4478, 'ICT4478', NULL, 'ACER MONITOR 20" V203HL', 1, 1, 3, NULL, NULL, '94224', NULL, NULL, 27, '106', NULL, NULL, 244, NULL, NULL, NULL, NULL, NULL, 'Rosniza', NULL, NULL, NULL, NULL, NULL, NULL, NULL, NULL),
(4479, 'ICT4479', NULL, 'ACER MONITOR 20" V203HL', 1, 1, 3, NULL, NULL, '94244', NULL, NULL, 27, '152', NULL, NULL, 244, NULL, NULL, NULL, NULL, NULL, 'huzaifah', NULL, NULL, NULL, NULL, NULL, NULL, NULL, NULL),
(4480, 'ICT4480', NULL, 'ACER MONITOR 20" V203HL', 1, 1, 3, NULL, NULL, 'F24244', NULL, NULL, 27, '141', NULL, NULL, 244, NULL, NULL, NULL, NULL, NULL, 'ela', NULL, NULL, NULL, NULL, NULL, NULL, NULL, NULL),
(4481, 'ICT4481', NULL, 'ACER MONITOR 20" V203HL', 1, 1, 3, NULL, NULL, '14244', NULL, NULL, 27, '209', NULL, NULL, 244, NULL, NULL, NULL, NULL, NULL, 'syamimi', NULL, NULL, NULL, NULL, NULL, NULL, NULL, NULL),
(4493, 'ICT4493', NULL, 'PRINTER SAMSUNG SCX-3400F ALL IN ONE (PRESINT 9)', 1, 1, 4, NULL, NULL, '2A00YV', NULL, NULL, 32, '059', NULL, NULL, 238, NULL, NULL, NULL, NULL, NULL, 'Hakemal', NULL, NULL, NULL, NULL, NULL, NULL, NULL, NULL),
(4513, 'ICT4513', NULL, 'ACER MONITOR 20" S201HL', 1, 1, 3, NULL, NULL, 'C4227', NULL, NULL, 27, '214', NULL, NULL, 222, NULL, NULL, NULL, NULL, NULL, 'lee', NULL, NULL, NULL, NULL, NULL, NULL, NULL, NULL),
(4514, 'ICT4514', NULL, 'ACER MONITOR 20" S201HL', 1, 1, 3, NULL, NULL, '64227', NULL, NULL, 27, '214', NULL, NULL, 222, NULL, NULL, NULL, NULL, NULL, 'lee', NULL, NULL, NULL, NULL, NULL, NULL, NULL, NULL),
(4515, 'ICT4515', NULL, 'ACER MONITOR 20" S201HL', 1, 1, 3, NULL, NULL, '94227', NULL, NULL, 27, '144', NULL, NULL, 212, NULL, NULL, NULL, NULL, NULL, 'sobri', NULL, NULL, NULL, NULL, NULL, NULL, NULL, NULL),
(4516, 'ICT4516', NULL, 'ACER MONITOR 19" X193HQ', 1, 1, 3, NULL, NULL, 'E04216', NULL, NULL, 27, '145', NULL, NULL, 212, NULL, NULL, NULL, NULL, NULL, 'iskandar', NULL, NULL, NULL, NULL, NULL, NULL, NULL, NULL),
(4517, 'ICT4517', NULL, 'ACER MONITOR 17" X173W', 1, 1, 3, NULL, NULL, 'C34203', NULL, NULL, 27, NULL, NULL, NULL, 212, NULL, NULL, NULL, NULL, NULL, NULL, NULL, NULL, NULL, NULL, NULL, NULL, NULL, NULL),
(4533, 'ICT4533', NULL, 'APC BACK-UPS PRO 900VA WITH AVR', 1, 1, 26, '2014-09-11', NULL, '3B1436X27448', NULL, '35761', 55, '059', NULL, 980, 248, NULL, NULL, NULL, 3862, NULL, NULL, NULL, NULL, NULL, NULL, NULL, NULL, NULL, NULL),
(4534, 'ICT4534', NULL, 'APC BACK-UPS PRO 900VA WITH AVR', 1, 1, 26, '2014-09-11', NULL, '3B1436X27439', NULL, '35761', 55, '059', NULL, 1220, 226, NULL, NULL, NULL, 3862, NULL, NULL, NULL, NULL, NULL, NULL, NULL, NULL, NULL, NULL),
(4553, 'ICT4553', NULL, 'BEHRINGER EURORACK UB2222FX-PRO', 1, 1, 13, '2005-08-26', '2006-08-26', 'N0513609163', NULL, NULL, NULL, NULL, NULL, NULL, 248, NULL, NULL, NULL, NULL, NULL, NULL, NULL, NULL, NULL, NULL, NULL, NULL, NULL, NULL),
(4554, 'ICT4554', NULL, 'DENN AV MIXER', 1, 1, 13, '2005-08-09', '2006-08-08', 'X2002110700', NULL, NULL, NULL, NULL, NULL, NULL, 248, NULL, NULL, NULL, NULL, NULL, NULL, NULL, NULL, NULL, NULL, NULL, NULL, NULL, NULL),
(4555, 'ICT4555', NULL, 'RACKMOUNTED LCD KVM SWITCH', 1, 1, 3, NULL, NULL, '17049007', NULL, NULL, NULL, NULL, NULL, NULL, 248, NULL, NULL, NULL, 3822, NULL, NULL, NULL, NULL, NULL, NULL, NULL, NULL, NULL, NULL),
(4573, 'ICT4573', NULL, 'ACER 17" X173W LCD MONITOR', 1, 1, 3, NULL, NULL, '9044524203', NULL, NULL, 27, '087', NULL, NULL, 211, NULL, NULL, NULL, NULL, NULL, 'azizah', NULL, NULL, NULL, NULL, NULL, NULL, NULL, NULL),
(4574, 'ICT4574', NULL, 'ACER 19" V193HQV LCD MONITOR', 1, 1, 3, NULL, NULL, '1041091614300', NULL, NULL, 27, '080', NULL, NULL, 210, NULL, NULL, NULL, NULL, NULL, 'ZAHARIATON', NULL, NULL, NULL, NULL, NULL, NULL, NULL, NULL),
(4575, 'ICT4575', NULL, 'ACER 19" X193HQ LCD MONITOR', 1, 1, 3, NULL, NULL, '110A3BC4200', NULL, NULL, 27, '198', NULL, NULL, 211, NULL, NULL, NULL, NULL, NULL, 'faezah', NULL, NULL, NULL, NULL, NULL, NULL, NULL, NULL),
(4576, 'ICT4576', NULL, 'ACER 17" X173W LCD MONITOR', 1, 1, 3, NULL, NULL, '29044A24203', NULL, NULL, 27, NULL, NULL, NULL, 212, NULL, NULL, NULL, NULL, NULL, 'upsm2', NULL, NULL, NULL, NULL, NULL, NULL, NULL, NULL),
(4577, 'ICT4577', NULL, 'ACER 20" S201HL LCD MONITOR', 1, 1, 3, NULL, NULL, '7066184227', NULL, NULL, 27, '037', NULL, NULL, 212, NULL, NULL, NULL, NULL, NULL, 'asfa', NULL, NULL, NULL, NULL, NULL, NULL, NULL, NULL),
(4578, 'ICT4578', NULL, 'ACER 20" V203H LCD MONITOR', 1, 1, 3, NULL, NULL, '5045878542', NULL, NULL, 27, '095', NULL, NULL, 212, NULL, NULL, NULL, NULL, NULL, 'amir', NULL, NULL, NULL, NULL, NULL, NULL, NULL, NULL),
(4579, 'ICT4579', NULL, 'ACER 19" V193HQV LCD MONITOR', 1, 1, 3, NULL, NULL, '120198F8501', NULL, NULL, 27, '125', NULL, NULL, 212, NULL, NULL, NULL, NULL, NULL, 'isha', NULL, NULL, NULL, NULL, NULL, NULL, NULL, NULL),
(4580, 'ICT4580', NULL, 'ACER 17" X173W LCD MONITOR', 1, 1, 3, NULL, NULL, '90444E4203', NULL, NULL, 27, '120', NULL, NULL, 212, NULL, NULL, NULL, NULL, NULL, 'GHANI', NULL, NULL, NULL, NULL, NULL, NULL, NULL, NULL),
(4581, 'ICT4581', NULL, 'ACER 17" X173W LCD MONITOR', 1, 1, 3, NULL, NULL, '91EDB54200', NULL, NULL, 27, '136', NULL, NULL, 213, NULL, NULL, NULL, NULL, NULL, 'mfirdaus', NULL, NULL, NULL, NULL, NULL, NULL, NULL, NULL),
(4582, 'ICT4582', NULL, 'ACER 17" X173W LCD MONITOR', 1, 1, 3, NULL, NULL, '9044844203', NULL, NULL, 27, '123', NULL, NULL, 213, NULL, NULL, NULL, NULL, NULL, 'rosdan', NULL, NULL, NULL, NULL, NULL, NULL, NULL, NULL),
(4583, 'ICT4583', NULL, 'ACER 19" V193HQV LCD MONITOR', 1, 1, 3, NULL, NULL, '2019938501', NULL, NULL, 27, '032', NULL, NULL, 212, NULL, NULL, NULL, NULL, NULL, 'AZHAR', NULL, NULL, NULL, NULL, NULL, NULL, NULL, NULL),
(4584, 'ICT4584', NULL, 'ACER 17" X173W LCD MONITOR', 1, 1, 3, NULL, NULL, '91EDB14200', NULL, NULL, 27, '169', NULL, NULL, 212, NULL, NULL, NULL, NULL, NULL, 'hasbullah', NULL, NULL, NULL, NULL, NULL, NULL, NULL, NULL),
(4585, 'ICT4585', NULL, 'ACER 20" V203H LCD MONITOR', 1, 1, 3, NULL, NULL, '5026448505', NULL, NULL, 27, '216', NULL, NULL, 212, NULL, NULL, NULL, NULL, NULL, 'najwa', NULL, NULL, NULL, NULL, NULL, NULL, NULL, NULL),
(4586, 'ICT4586', NULL, 'ACER 19" X193HQ LCD MONITOR', 1, 1, 3, NULL, NULL, '9110A35E4200', NULL, NULL, 27, '164', NULL, NULL, 213, NULL, NULL, NULL, NULL, NULL, 'firdausan', NULL, NULL, NULL, NULL, NULL, NULL, NULL, NULL);
INSERT INTO `assets` (`asset_id`, `ict_id`, `harta_id`, `butiran`, `status`, `kod_kategori`, `kod_sub_kategori`, `tkh_beli`, `tkh_jaminan`, `no_siri`, `no_invoice`, `no_rujukan`, `jenama`, `emp_id`, `kod_pembekal`, `harga_beli`, `lokasi_id`, `ipaddress`, `catatan`, `ict_no_master`, `pembelian_id`, `kod_pinjam`, `pengguna_id`, `kod_lesen`, `kod_auditict`, `tkh_disposed`, `kod_alasan_disp`, `catat_disp`, `kod_tahaprisiko`, `created_at`, `updated_at`) VALUES
(4587, 'ICT4587', NULL, 'ACER 19" V193HQV LCD MONITOR', 1, 1, 3, NULL, NULL, '1091654300', NULL, NULL, 27, '027', NULL, NULL, 212, NULL, NULL, NULL, NULL, NULL, 'MUHSINI', NULL, NULL, NULL, NULL, NULL, NULL, NULL, NULL),
(4588, 'ICT4588', NULL, 'ACER 19" X193HQ LCD MONITOR', 1, 1, 3, NULL, NULL, '9110A3224200', NULL, NULL, 27, '128', NULL, NULL, 212, NULL, NULL, NULL, NULL, NULL, 'fazli', NULL, NULL, NULL, NULL, NULL, NULL, NULL, NULL),
(4589, 'ICT4589', NULL, 'ACER 20" V203H LCD MONITOR', 1, 1, 3, NULL, NULL, '5089534221', NULL, NULL, 27, NULL, NULL, NULL, 212, NULL, NULL, NULL, NULL, NULL, 'upsm1', NULL, NULL, NULL, NULL, NULL, NULL, NULL, NULL),
(4590, 'ICT4590', NULL, 'ACER 17" X173W LCD MONITOR', 1, 1, 3, NULL, NULL, '9044864203', NULL, NULL, 27, '086', NULL, NULL, 212, NULL, NULL, NULL, NULL, NULL, 'affrini', NULL, NULL, NULL, NULL, NULL, NULL, NULL, NULL),
(4591, 'ICT4591', NULL, 'ACER 19" V193HQV LCD MONITOR', 1, 1, 3, NULL, NULL, '10916C4300', NULL, NULL, 27, '094', NULL, NULL, 212, NULL, NULL, NULL, NULL, NULL, 'FARAH', NULL, NULL, NULL, NULL, NULL, NULL, NULL, NULL),
(4592, 'ICT4592', NULL, 'ACER 17" X173W LCD MONITOR', 1, 1, 3, NULL, NULL, '4074', NULL, NULL, 27, '153', NULL, NULL, 212, NULL, NULL, NULL, NULL, NULL, 'mohdnor', NULL, NULL, NULL, NULL, NULL, NULL, NULL, NULL),
(4593, 'ICT4593', NULL, 'ACER 20" V203H LCD MONITOR', 1, 1, 3, NULL, NULL, '2200689C8507', NULL, NULL, 27, 'P016', NULL, NULL, 216, NULL, NULL, NULL, NULL, NULL, 'risya', NULL, NULL, NULL, NULL, NULL, NULL, NULL, NULL),
(4613, 'ICT4613', NULL, 'KODAK I3200 A3 SCANNER', 1, 1, 18, '2014-12-19', NULL, '53073557', NULL, '36560', 54, '124', NULL, 18000, 233, NULL, NULL, NULL, 3842, NULL, 'suriawati', NULL, NULL, NULL, NULL, NULL, NULL, NULL, NULL),
(4633, 'ICT4633', NULL, 'ACER 17" X173W LCD MONITOR', 1, 1, 3, NULL, NULL, '9044C34203', NULL, NULL, 27, NULL, NULL, NULL, 212, NULL, NULL, NULL, NULL, NULL, NULL, NULL, NULL, NULL, NULL, NULL, NULL, NULL, NULL),
(4634, 'ICT4634', NULL, 'ACER 19" X193HQ LCD MONITOR', 1, 1, 3, NULL, NULL, '260E7DD4216', NULL, NULL, 27, '059', NULL, NULL, 234, NULL, NULL, NULL, NULL, NULL, 'KAUNTER1SM', NULL, NULL, NULL, NULL, NULL, NULL, NULL, NULL),
(4635, 'ICT4635', NULL, 'SAMSUNG 19" E1920 LCD MONITOR', 1, 1, 3, NULL, NULL, 'MEZ500752L', NULL, NULL, 27, NULL, NULL, NULL, 234, NULL, NULL, NULL, NULL, NULL, 'stok', NULL, NULL, NULL, NULL, NULL, NULL, NULL, NULL),
(4636, 'ICT4636', NULL, 'ACER VERITON M490 \r\nCORE I3 3.06GHZ WIN7 PRO', 1, 1, 1, NULL, NULL, 'VAN03P013E043008', NULL, NULL, 27, '011', NULL, NULL, 201, NULL, NULL, NULL, NULL, NULL, 'RAIS', NULL, NULL, NULL, NULL, NULL, NULL, NULL, NULL),
(4637, 'ICT4637', NULL, 'ACER 17" AL1716W LCD MONITOR', 1, 1, 3, NULL, NULL, '800FE44314', NULL, NULL, 27, '146', NULL, NULL, 212, NULL, NULL, NULL, NULL, NULL, 'liyana', NULL, NULL, NULL, NULL, NULL, 'L', NULL, NULL),
(4638, 'ICT4638', NULL, 'ACER 17" AL1716W LCD MONITOR', 1, 1, 3, NULL, NULL, '800AC34314', NULL, NULL, 27, '168', NULL, NULL, 212, NULL, NULL, NULL, NULL, NULL, 'azmatun', NULL, NULL, NULL, NULL, NULL, NULL, NULL, NULL),
(4639, 'ICT4639', NULL, 'ACER 19" V193HQV LCD MONITOR', 1, 1, 3, NULL, NULL, '1041092E74300', NULL, NULL, 27, '011', NULL, NULL, 201, NULL, NULL, NULL, NULL, NULL, 'RAIS', NULL, NULL, NULL, NULL, NULL, NULL, NULL, NULL),
(4640, 'ICT4640', NULL, 'ACER 17" X173W LCD MONITOR', 1, 1, 3, NULL, NULL, '88091EDB44200', NULL, NULL, 27, 'LP006', NULL, NULL, 200, NULL, NULL, NULL, NULL, NULL, NULL, NULL, NULL, NULL, NULL, NULL, NULL, NULL, NULL),
(4641, 'ICT4641', NULL, 'ACER 17" X173W LCD MONITOR', 1, 1, 3, NULL, NULL, '457D4203', NULL, NULL, 27, '213', NULL, NULL, 219, NULL, NULL, NULL, NULL, NULL, 'nizam', NULL, NULL, NULL, NULL, NULL, NULL, NULL, NULL),
(4642, 'ICT4642', NULL, 'ACER 17" X173W LCD MONITOR', 1, 1, 3, NULL, NULL, '45484203', NULL, NULL, 27, '178', NULL, NULL, 219, NULL, NULL, NULL, NULL, NULL, 'noraiman', NULL, NULL, NULL, NULL, NULL, NULL, NULL, NULL),
(4643, 'ICT4643', NULL, 'ACER 17" X173W LCD MONITOR', 1, 1, 3, NULL, NULL, 'E0814200', NULL, NULL, 27, '179', NULL, NULL, 219, NULL, NULL, NULL, NULL, NULL, 'daniel', NULL, NULL, NULL, NULL, NULL, NULL, NULL, NULL),
(4644, 'ICT4644', NULL, 'ACER 17" X173W LCD MONITOR', 1, 1, 3, NULL, NULL, '45724203', NULL, NULL, 27, '202', NULL, NULL, 219, NULL, NULL, NULL, NULL, NULL, 'msaiful', NULL, NULL, NULL, NULL, NULL, NULL, NULL, NULL),
(4645, 'ICT4645', NULL, 'ACER 20" V203H LCD MONITOR', 1, 1, 3, NULL, NULL, '89564221', NULL, NULL, 27, '064', NULL, NULL, 219, NULL, NULL, NULL, NULL, NULL, 'noraini', NULL, NULL, NULL, NULL, NULL, NULL, NULL, NULL),
(4646, 'ICT4646', NULL, 'ACER 17" X173W LCD MONITOR', 1, 1, 3, NULL, NULL, '45474203', NULL, NULL, 27, '208', NULL, NULL, 219, NULL, NULL, NULL, NULL, NULL, 'haidah', NULL, NULL, NULL, NULL, NULL, NULL, NULL, NULL),
(4647, 'ICT4647', NULL, 'ACER 20" V203HL LCD MONITOR', 1, 1, 3, NULL, NULL, 'A95D4244', NULL, NULL, 27, '004', NULL, NULL, 219, NULL, NULL, NULL, NULL, NULL, 'wan', NULL, NULL, NULL, NULL, NULL, NULL, NULL, NULL),
(4648, 'ICT4648', NULL, 'ACER 17" X173W LCD MONITOR', 1, 1, 3, NULL, NULL, '44934203', NULL, NULL, 27, '004', NULL, NULL, 219, NULL, NULL, NULL, NULL, NULL, 'wan', NULL, NULL, NULL, NULL, NULL, NULL, NULL, NULL),
(4649, 'ICT4649', NULL, 'ACER 20" V203HL LCD MONITOR', 1, 1, 3, NULL, NULL, 'B7054244', NULL, NULL, 27, '180', NULL, NULL, 219, NULL, NULL, NULL, NULL, NULL, 'fadzilah', NULL, NULL, NULL, NULL, NULL, NULL, NULL, NULL),
(4650, 'ICT4650', NULL, 'ACER 20" V203HL LCD MONITOR', 1, 1, 3, NULL, NULL, 'AB884244', NULL, NULL, 27, '205', NULL, NULL, 219, NULL, NULL, NULL, NULL, NULL, 'nargis', NULL, NULL, NULL, NULL, NULL, NULL, NULL, NULL),
(4663, 'ICT4663', NULL, 'APC BACK-UPS PRO 1500', 1, 1, 26, '2014-09-11', NULL, NULL, NULL, '35761', 55, NULL, NULL, 2500, 259, NULL, NULL, NULL, 3862, NULL, NULL, NULL, NULL, NULL, NULL, NULL, NULL, NULL, NULL),
(4664, 'ICT4664', NULL, 'APC BACK-UPS PRO 1500', 1, 1, 26, '2014-09-11', NULL, NULL, NULL, '35761', 55, NULL, NULL, 2500, 259, NULL, NULL, NULL, 3862, NULL, NULL, NULL, NULL, NULL, NULL, NULL, NULL, NULL, NULL),
(4683, 'ICT4683', NULL, 'LCD MONITOR ACER X173W', 1, 1, 3, NULL, NULL, 'ED824200', NULL, NULL, 27, '059', NULL, NULL, 236, NULL, NULL, NULL, NULL, NULL, NULL, NULL, NULL, NULL, NULL, NULL, NULL, NULL, NULL),
(4703, 'ICT4703', NULL, 'DJI VISION PLUS QUADCOPTER - MULTIMEDIA', 1, 1, 8, NULL, NULL, NULL, NULL, NULL, NULL, '166', NULL, NULL, 223, NULL, NULL, NULL, 3882, NULL, NULL, NULL, NULL, NULL, NULL, NULL, NULL, NULL, NULL),
(4723, 'ICT4723', NULL, 'ACER VERITON S6630G', 1, 1, 1, '2015-02-12', NULL, '504005', NULL, '37148', 27, '164', NULL, 2386, 213, NULL, NULL, NULL, 3902, NULL, 'firdausan', NULL, NULL, NULL, NULL, NULL, NULL, NULL, NULL),
(4724, 'ICT4724', NULL, 'ACER VERITON S6630G', 1, 1, 1, '2015-02-12', NULL, '504001', NULL, '37148', 27, '224', NULL, 2386, 200, NULL, NULL, NULL, 3902, NULL, 'ilyana', NULL, NULL, NULL, NULL, NULL, NULL, NULL, NULL),
(4725, 'ICT4725', NULL, 'ACER VERITON S6630G', 1, 1, 1, '2015-02-12', NULL, '504002', NULL, '37148', 27, NULL, NULL, 2386, 266, NULL, NULL, NULL, 3902, NULL, NULL, NULL, NULL, NULL, NULL, NULL, NULL, NULL, NULL),
(4726, 'ICT4726', NULL, 'ACER VERITON S6630G', 1, 1, 1, '2015-02-12', NULL, '504003', NULL, '37148', 27, NULL, NULL, 2386, 266, NULL, NULL, NULL, 3902, NULL, NULL, NULL, NULL, NULL, NULL, NULL, NULL, NULL, NULL),
(4727, 'ICT4727', NULL, 'ACER VERITON S6630G', 1, 1, 1, '2015-02-12', NULL, '504004', NULL, '37148', 27, NULL, NULL, 2386, 266, NULL, NULL, NULL, 3902, NULL, NULL, NULL, NULL, NULL, NULL, NULL, NULL, NULL, NULL),
(4728, 'ICT4728', NULL, 'ACER VERITON S6630G', 1, 1, 1, '2015-02-12', NULL, '504006', NULL, '37148', 27, '222', NULL, 2386, 228, NULL, NULL, NULL, 3902, NULL, 'zulfadzli', NULL, NULL, NULL, NULL, NULL, NULL, NULL, NULL),
(4729, 'ICT4729', NULL, 'ACER VERITON S6630G', 8, 1, 1, '2015-02-12', NULL, '504007', NULL, '37148', 27, 'KS012', NULL, 2386, 228, NULL, NULL, NULL, 3902, NULL, 'dzul', NULL, NULL, '2016-01-12', 5, 'DILULUSKAN OLEH MESYUARAT LEMBAGA PENGARAH HSB KALI KE-126 PADA 16/12/2015', NULL, NULL, NULL),
(4730, 'ICT4730', NULL, 'ACER VERITON S6630G', 8, 1, 1, '2015-02-12', NULL, '504008', NULL, '37148', 27, NULL, NULL, 2386, 266, NULL, NULL, NULL, 3902, NULL, NULL, NULL, NULL, '2016-01-12', 5, 'DILULUSKAN OLEH MESYUARAT LEMBAGA PENGARAH HSB KALI KE-126 PADA 16/12/2015', NULL, NULL, NULL);

-- --------------------------------------------------------

--
-- Table structure for table `assets_locations`
--

CREATE TABLE `assets_locations` (
  `location_id` int(10) UNSIGNED NOT NULL,
  `branch_id` int(10) DEFAULT NULL,
  `location_description` text COLLATE utf8_unicode_ci,
  `location_initials` text COLLATE utf8_unicode_ci,
  `created_at` timestamp NULL DEFAULT NULL,
  `updated_at` timestamp NULL DEFAULT NULL
) ENGINE=InnoDB DEFAULT CHARSET=utf8 COLLATE=utf8_unicode_ci;

--
-- Dumping data for table `assets_locations`
--

INSERT INTO `assets_locations` (`location_id`, `branch_id`, `location_description`, `location_initials`, `created_at`, `updated_at`) VALUES
(200, 23, '6-PEJABAT PENGERUSI', 'PPENGERUSI', NULL, NULL),
(201, 23, '6-PEJABAT KETUA PEGAWAI EKSEKUTIF', 'PKPE', NULL, NULL),
(202, 23, '3-PEJABAT TIMBALAN KETUA PEGAWAI EKSEKUTIF', 'PTKPE', NULL, NULL),
(203, 23, '2-PEJABAT PB KHIDMAT PENGURUSAN', 'PPB KHIDMAT PENGURUSAN', NULL, NULL),
(204, 23, '5-PEJABAT PB KEWANGAN', 'PPB KEWANGAN', NULL, NULL),
(205, 23, '4-PEJABAT PB OPERASI', 'PPB OPERASI', NULL, NULL),
(206, 23, '3-PPB OPERASI - DALAM', 'PPBO DALAM', NULL, NULL),
(207, 23, '4-PPB OPERASI - LUAR', 'PPBO LUAR', NULL, NULL),
(208, 23, '2-PPB KHIDMAT PENGURUSAN DAN KUALITI', 'PPB-KPK', NULL, NULL),
(209, 23, '2-PPB PEMBANGUNAN MODAL INSAN', 'PPB-PMI', NULL, NULL),
(210, 23, '2-KUALITI DAN HUBUNGAN ANTARABANGSA', 'KP-UKHA', NULL, NULL),
(211, 23, '2-PEMBANGUNAN MODAL INSAN DAN PENGURUSAN PRESTASI', 'KP-UPMI', NULL, NULL),
(212, 23, '1', 'KP-UPSM', NULL, NULL),
(213, 23, '2-PENYELENGGARAAN', 'KP-UP', NULL, NULL),
(214, 23, '2-KESETIAUSAHAAN SYARIKAT', 'KP-UKS', NULL, NULL),
(215, 23, '3-PEMBELIAN', 'KPE-UPEM', NULL, NULL),
(216, 23, '2-AUDIT DALAMAN', 'KPE-UAD', NULL, NULL),
(217, 23, '3-UNDANG-UNDANG', 'KPE-UU', NULL, NULL),
(218, 23, '3-KOMUNIKASI KORPORAT', 'KPE-UKOM', NULL, NULL),
(219, 23, '5-KEWANGAN', 'KE-UK', NULL, NULL),
(220, 23, '1', 'KE-UPPK', NULL, NULL),
(221, 23, '5-PEMBANGUNAN PERISIAN SIZA', 'ICT-UPP', NULL, NULL),
(222, 23, '5-PERKAKASAN, RANGKAIAN DAN PERISIAN', 'ICT-UPRP', NULL, NULL),
(223, 23, '5-PEMBANGUNAN WEB MULTIMEDIA', 'ICT-UPWM', NULL, NULL),
(224, 23, '6-PENYAMBUT TETAMU', 'RECEPTION', NULL, NULL),
(225, 23, '1', 'OL-UDPKO', NULL, NULL),
(226, 22, 'CAWANGAN  LABUAN', 'OL-UCL', NULL, NULL),
(227, 23, '1', 'OL-UPKE', NULL, NULL),
(228, 23, '1', 'OL-UDPK', NULL, NULL),
(229, 23, '1', 'OL-UDPA', NULL, NULL),
(230, 23, '3-PENERBITAN DAN TUGAS-TUGAS KHAS', 'OD-UPTK', NULL, NULL),
(231, 23, '3-KHIDMAT KAUNTER', 'OD-UKK', NULL, NULL),
(232, 23, '4-KHIDMAT PELANGGAN', 'OD-UKP', NULL, NULL),
(233, 23, '4-KHIDMAT MAJIKAN DAN OPERASI DALAMAN', 'OD-UKMOD', NULL, NULL),
(234, 23, '1-KAUNTER - SHAMELIN', 'K-SH', NULL, NULL),
(235, 12, 'KAUNTER  - DARUZZAKAH', 'K-DZ', NULL, NULL),
(236, 18, 'KAUNTER  - MASJID NEGARA', 'K-MN', NULL, NULL),
(237, 19, 'KAUNTER  - WANGSA MAJU', 'K-WM', NULL, NULL),
(238, 20, 'KAUNTER  - PUTRAJAYA', 'K-PJ', NULL, NULL),
(239, 21, 'KAUNTER  - TTDI', 'K-TTDI', NULL, NULL),
(240, 24, 'KAUNTER  - PUCHONG', 'K-MP', NULL, NULL),
(241, 24, 'KAUNTER  - KEPONG', 'K-MK', NULL, NULL),
(242, 22, 'KAUNTER  - LABUAN', 'K-LB', NULL, NULL),
(244, 23, '4-CALL CENTER - PPZ', 'CC-PPZ', NULL, NULL),
(245, 23, '6-PERPUSTAKAAN TKT 6', 'PUSTAKA6', NULL, NULL),
(246, 14, 'KAUNTER - PUDU SENTRAL', 'K-PUDU', NULL, NULL),
(247, 23, '5-ICT BILIK SERVER TINGKAT 5', 'ICT-SERVER', NULL, NULL),
(248, 23, '5-ICT BILIK PENYELENGGARAAN TINGKAT 5', 'ICT-PENYELENGGARAAN', NULL, NULL),
(249, 23, 'ICT -  CADANG DISPOSED', NULL, NULL, NULL),
(250, 23, '7-BILIK AUDIO TKT 7', 'AUDIOTKT7', NULL, NULL),
(251, 23, '2-BILIK MESYUARAT TKT 2', 'BMTKT2', NULL, NULL),
(252, 23, '3-BILIK MESYUARAT TKT 3', 'BMTKT3', NULL, NULL),
(253, 23, '4-BILIK MESYUARAT TKT 4', 'BMTKT4', NULL, NULL),
(254, 23, '5-BILIK MESYUARAT TKT 5', 'BMTKT5', NULL, NULL),
(255, 23, '6-BILIK MESYUARAT TKT 6', 'BMTKT6', NULL, NULL),
(256, 23, '6-BILIK MESYUARAT BOD TKT 6', 'BMBOD', NULL, NULL),
(257, 23, '7-DEWAN UTAMA TKT 7', 'DUTKT7', NULL, NULL),
(258, 23, '7-SURAU TKT 7', 'SURAUTKT7', NULL, NULL),
(259, 16, 'KAUNTER  - PUTRAJAYA P15', 'K-P15', NULL, NULL),
(260, 16, 'DEWAN LATIHAN - PUTRAJAYA P15', 'DLPJ15', NULL, NULL),
(261, 16, 'BILIK LATIHAN - PUTRAJAYA P15', 'BLPJ15', NULL, NULL),
(262, 23, '5-UNIT ANALISA DAN SOKONGAN', 'UADS', NULL, NULL),
(263, 20, 'STOR ICT - PUTRAJAYA P9', NULL, NULL, NULL),
(264, 15, 'KAUNTER - VAN BERGERAK HAIC', NULL, NULL, NULL),
(265, 15, 'KAUNTER- VAN BERGERAK MAXXUS', NULL, NULL, NULL),
(266, 23, '5-ICT BILIK PENYELENGGARAAN TINGKAT 5 - STOK', 'ICT-PENYELENGGARAAN-STOK', NULL, NULL),
(267, 23, '5-ICT BILIK PENYELENGGARAAN TINGKAT 5 - SEMENTARA', 'ICT-PENYELENGGARAAN-SMTRA', NULL, NULL),
(268, 23, '1-BILIK PENGAWAL KESELAMATAN', 'GUARD', NULL, NULL),
(269, 23, '2-BILIK POS', NULL, NULL, NULL),
(270, 23, '3 - PRAKTIKAL TINGKAT 3', 'Praktikal Tingkat 3', NULL, NULL),
(271, 22, 'KAUNTER LABUAN LAMA', 'K-LB(LAMA)', NULL, NULL),
(272, 16, 'BILIK SERVER P15 PUTRAJAYA', 'SERVERP15', NULL, NULL);

-- --------------------------------------------------------

--
-- Table structure for table `branches`
--

CREATE TABLE `branches` (
  `id` int(10) UNSIGNED NOT NULL,
  `branch_id` varchar(255) COLLATE utf8_unicode_ci DEFAULT NULL,
  `branch_description` varchar(255) COLLATE utf8_unicode_ci DEFAULT NULL,
  `branch_initials` varchar(255) COLLATE utf8_unicode_ci DEFAULT NULL,
  `cc_terminalno` smallint(6) DEFAULT NULL,
  `processreciept` tinyint(1) DEFAULT NULL,
  `receiptcode` varchar(255) COLLATE utf8_unicode_ci DEFAULT NULL,
  `status` tinyint(1) DEFAULT '1',
  `deleted_at` timestamp NULL DEFAULT NULL,
  `created_at` timestamp NULL DEFAULT NULL,
  `updated_at` timestamp NULL DEFAULT NULL
) ENGINE=InnoDB DEFAULT CHARSET=utf8 COLLATE=utf8_unicode_ci;

--
-- Dumping data for table `branches`
--

INSERT INTO `branches` (`id`, `branch_id`, `branch_description`, `branch_initials`, `cc_terminalno`, `processreciept`, `receiptcode`, `status`, `deleted_at`, `created_at`, `updated_at`) VALUES
(1, 'CC', 'CC', 'CC', NULL, 2, NULL, 2, NULL, NULL, NULL),
(2, 'I', 'INDIVIDU', NULL, NULL, 2, NULL, 2, NULL, NULL, NULL),
(3, 'KA', 'KAUNTER AGEN', NULL, NULL, 2, NULL, 2, NULL, NULL, NULL),
(4, 'KK', 'KAUNTER KELOMPOK', 'KK', NULL, 2, NULL, 2, NULL, NULL, NULL),
(5, 'KLANG', 'KLANG', NULL, NULL, 2, NULL, 2, NULL, NULL, NULL),
(6, 'PK', 'PENGAWAL KESELAMATAN', 'PK', NULL, 2, NULL, 2, NULL, NULL, NULL),
(7, 'PPZ', 'PPZ', NULL, NULL, 2, NULL, 2, NULL, NULL, NULL),
(8, 'PPZ A', 'PPZ A', NULL, NULL, 2, NULL, 2, NULL, NULL, NULL),
(9, 'SC', 'SCICOM', 'SC', NULL, 2, NULL, 2, NULL, NULL, NULL),
(10, 'TDZ', 'TAKSIRAN DARUZZAKAH', 'TD', NULL, 2, NULL, 2, NULL, NULL, NULL),
(11, 'TMN', 'TAKSIRAN MASJID NEGARA', 'TM', NULL, 2, NULL, 2, NULL, NULL, NULL),
(12, 'W1', 'DARUZZAKAH', 'DZ', 32767, 1, 'DZ', 1, NULL, NULL, NULL),
(13, 'W10', 'MASJID ABD RAHMAN AUF, PUCHONG', 'PC', NULL, 1, 'PC', 1, NULL, NULL, NULL),
(14, 'W11', 'PUDU SENTRAL', NULL, NULL, 1, 'PS', 1, NULL, NULL, NULL),
(15, 'W12', 'KAUNTER VAN', 'KV', NULL, 1, 'KV', 1, NULL, NULL, NULL),
(16, 'W13', 'PRESINT DIPLOMATIK', 'PD', NULL, 1, 'PD', 1, NULL, NULL, NULL),
(17, 'W2', 'BANGUNAN SULAIMAN', 'BS', NULL, 2, NULL, 2, NULL, NULL, NULL),
(18, 'W3', 'MASJID NEGARA', 'MN', 32767, 1, 'MN', 1, NULL, NULL, NULL),
(19, 'W4', 'WANGSA MAJU', 'WM', NULL, 1, 'WM', 1, NULL, NULL, NULL),
(20, 'W5', 'PUTRAJAYA', 'PJ', 32767, 1, 'PJ', 1, NULL, NULL, NULL),
(21, 'W6', 'MTDI', 'TT', 32767, 1, 'TT', 1, NULL, NULL, NULL),
(22, 'W7', 'LABUAN', 'LB', NULL, 1, 'LB', 1, NULL, NULL, NULL),
(23, 'W8', 'SHAMELIN', 'SH', NULL, 1, 'SH', 1, NULL, NULL, NULL),
(24, 'W9', 'MASJID AL-IMAM AL-GHAZALI', 'KP', NULL, 1, 'KP', 1, NULL, NULL, NULL),
(25, 'X', 'LAIN-LAIN', 'LL', NULL, 2, NULL, 2, NULL, NULL, NULL),
(26, 'Z', 'NOT AVAILABLE', 'ZZ', NULL, 2, NULL, 2, NULL, NULL, NULL),
(27, 'ZO', 'ZAKAT ONLINE', 'ZO', NULL, 2, NULL, 1, NULL, NULL, NULL);

-- --------------------------------------------------------

--
-- Table structure for table `complains`
--

CREATE TABLE `complains` (
  `complain_id` int(10) UNSIGNED NOT NULL,
  `user_id` varchar(10) COLLATE utf8_unicode_ci NOT NULL COMMENT 'Siapa yang submit aduan',
  `user_emp_id` varchar(10) COLLATE utf8_unicode_ci DEFAULT NULL COMMENT 'Siapa owner aduan',
  `complain_description` text COLLATE utf8_unicode_ci NOT NULL,
  `complain_level_id` smallint(5) UNSIGNED DEFAULT NULL,
  `complain_source_id` smallint(5) UNSIGNED DEFAULT NULL,
  `unit_id` smallint(5) UNSIGNED DEFAULT NULL COMMENT 'Unit mana yang bertindak atau bertanggungjawab',
  `ict_no` int(10) UNSIGNED DEFAULT NULL COMMENT 'Ambil dari table SMICT_MASTER',
  `lokasi_id` int(10) UNSIGNED DEFAULT NULL COMMENT 'Ambil dari table SPH_KOD_LOKASI',
  `branch_id` varchar(100) COLLATE utf8_unicode_ci DEFAULT NULL,
  `complain_category_id` smallint(5) UNSIGNED NOT NULL,
  `complain_status_id` smallint(5) UNSIGNED DEFAULT NULL,
  `assign_date` timestamp NULL DEFAULT NULL,
  `helpdesk_delay_reason` text COLLATE utf8_unicode_ci,
  `complete_date` timestamp NULL DEFAULT NULL,
  `delay_reason` text COLLATE utf8_unicode_ci,
  `action_comment` text COLLATE utf8_unicode_ci,
  `action_emp_id` varchar(10) COLLATE utf8_unicode_ci DEFAULT NULL,
  `action_date` timestamp NULL DEFAULT NULL,
  `reference` text COLLATE utf8_unicode_ci,
  `verify_emp_id` varchar(10) COLLATE utf8_unicode_ci DEFAULT NULL,
  `verify_date` timestamp NULL DEFAULT NULL,
  `user_comment` text COLLATE utf8_unicode_ci,
  `verify_status` smallint(5) UNSIGNED DEFAULT NULL,
  `created_at` timestamp NULL DEFAULT NULL,
  `updated_at` timestamp NULL DEFAULT NULL,
  `deleted_at` timestamp NULL DEFAULT NULL
) ENGINE=InnoDB DEFAULT CHARSET=utf8 COLLATE=utf8_unicode_ci;

--
-- Dumping data for table `complains`
--

INSERT INTO `complains` (`complain_id`, `user_id`, `user_emp_id`, `complain_description`, `complain_level_id`, `complain_source_id`, `unit_id`, `ict_no`, `lokasi_id`, `branch_id`, `complain_category_id`, `complain_status_id`, `assign_date`, `helpdesk_delay_reason`, `complete_date`, `delay_reason`, `action_comment`, `action_emp_id`, `action_date`, `reference`, `verify_emp_id`, `verify_date`, `user_comment`, `verify_status`, `created_at`, `updated_at`, `deleted_at`) VALUES
(15094, '111', NULL, 'PENAMBAHAN SUSUN ATUR TARIKH MATANG', NULL, NULL, 106, 3190, 219, '', 10, 3, NULL, NULL, NULL, NULL, '1', '223', '2016-01-28 16:00:00', NULL, '205       ', '2016-02-14 16:00:00', NULL, NULL, '2016-01-06 16:00:00', NULL, NULL),
(15095, '110', NULL, 'PC TIDAK BOLEH ON - MASALAH TERJADI SEMULA', NULL, NULL, 107, 2145, 225, '', 1, 3, NULL, NULL, NULL, NULL, '07012016 LEE -\r\n1.CHECK POWER CABLE.\r\n2.TURN ON CPU\r\n3.CHECK NETWORK PROTOCOL\r\n4.CONFIG IP NETWORK \r\n5.DONE\r\n', '214', '2016-01-06 16:00:00', NULL, '205       ', '2016-01-11 16:00:00', NULL, NULL, '2016-01-06 16:00:00', NULL, NULL),
(15096, '027', NULL, '0', NULL, NULL, 106, 4969, 212, '', 10, 3, NULL, NULL, NULL, NULL, '1', '096', '2016-01-06 16:00:00', NULL, '205       ', '2016-02-21 16:00:00', NULL, NULL, '2016-01-06 16:00:00', NULL, NULL),
(15177, '204', NULL, 'PC TIDAK BOLEH ON', NULL, NULL, 107, NULL, 239, '', 1, 3, NULL, NULL, NULL, NULL, '18/1/2016 EK - \r\nREPAIR WINDOWS NETWORK DRIVER..MASALAH PADA AD,\r\nTEST WINDOWS OK..CREATE SAVE RECOVERY POINT DONE.', '162', '2016-01-17 16:00:00', NULL, '205       ', '2016-01-20 16:00:00', NULL, NULL, '2016-01-13 16:00:00', NULL, NULL),
(15180, '204', NULL, 'PC KAUNTER 02 DI KAUNTER TTDI TIDAK BERFUNGSI DENGAN BAIK', NULL, NULL, 107, NULL, 239, '', 1, 3, NULL, NULL, NULL, NULL, '18/1/2016 EK - \r\nREPAIR WINDOWS NETWORK DRIVER..MASALAH PADA AD,\r\nTEST WINDOWS OK..CREATE SAVE RECOVERY POINT DONE.', '162', '2016-01-17 16:00:00', NULL, '205       ', '2016-01-20 16:00:00', NULL, NULL, '2016-01-13 16:00:00', NULL, NULL),
(15285, '017', NULL, '0', NULL, NULL, 106, 2445, 219, '', 10, 3, NULL, NULL, NULL, NULL, '20/1/2016 NARGIS - 1) MELENGKAPKAN BORANG PERMOHONAN\r\n2) MEMBERIKAN HAK KOD = 320 KEPADA PEMOHON\r\n3) MEMBERITAHU STATUS PERMOHONAN KEPADA PEMOHON\r\n4) PERMOHONAN TELAH DISELESAIKAN', '205', '2016-01-19 16:00:00', NULL, '205       ', '2016-01-20 16:00:00', NULL, NULL, '2016-01-19 16:00:00', NULL, NULL),
(15301, '158', NULL, '0', NULL, NULL, 106, 2732, 229, '', 4, 3, NULL, NULL, NULL, NULL, '1', '205', '2016-01-20 16:00:00', NULL, '205       ', '2016-01-20 16:00:00', NULL, NULL, '2016-01-20 16:00:00', NULL, NULL),
(15302, '209', NULL, 'MASA DI PBX PHONE DENGAN MASA SEMASA TIDAK SAMA', NULL, NULL, 106, 3112, 244, '', 11, 3, NULL, NULL, NULL, NULL, '1', '205', '2016-01-20 16:00:00', NULL, '205       ', '2016-01-20 16:00:00', NULL, NULL, '2016-01-20 16:00:00', NULL, NULL),
(15304, '027', NULL, '0', NULL, NULL, 106, 4587, 212, '', 10, 3, NULL, NULL, NULL, NULL, '1', '096', '2016-01-22 16:00:00', NULL, '205       ', '2016-02-21 16:00:00', NULL, NULL, '2016-01-20 16:00:00', NULL, NULL),
(15343, '154', NULL, 'TIDAK BOLEH MASUK INTERNET. TIADA NETWORK', NULL, NULL, 107, 4466, 233, '', 3, 3, NULL, NULL, NULL, NULL, '1', '205', '2016-01-25 16:00:00', NULL, '205       ', '2016-01-25 16:00:00', NULL, NULL, '2016-01-25 16:00:00', NULL, NULL),
(15344, '154', NULL, 'TIDAK BOLEH DOWNLOAD FAIL YG DIZIP', NULL, NULL, 106, 4466, 233, '', 2, 3, NULL, NULL, NULL, NULL, '1', '205', '2016-01-25 16:00:00', NULL, '205       ', '2016-01-25 16:00:00', NULL, NULL, '2016-01-25 16:00:00', NULL, NULL),
(15345, '027', NULL, 'TABLE SEMAK GAJI BUAT SATU PAGE SAHAJA - SEKARANG ADA 2 TABLE', NULL, NULL, 106, 4969, 212, '', 10, 3, NULL, NULL, NULL, NULL, '1', '074', '2016-01-27 16:00:00', NULL, '205       ', '2016-02-01 16:00:00', NULL, NULL, '2016-01-25 16:00:00', NULL, NULL),
(15361, '086', NULL, 'TIDAK BOLEH MOHON CUTI UNTUK TARIKH YANG SAMA KECUALI UNTUK  CUTI SEPARUH HARI', NULL, NULL, 106, 3879, 212, '', 10, 3, NULL, NULL, NULL, NULL, '1', '096', '2016-01-26 16:00:00', NULL, '205       ', '2016-02-21 16:00:00', NULL, NULL, '2016-01-26 16:00:00', NULL, NULL),
(15363, '154', NULL, 'INSTALLATION OF WINCSCP', NULL, NULL, 106, 4466, 233, '', 2, 3, NULL, NULL, NULL, NULL, '1', '205', '2016-01-26 16:00:00', NULL, '205       ', '2016-01-27 16:00:00', NULL, NULL, '2016-01-26 16:00:00', NULL, NULL),
(15443, '234', NULL, '0', NULL, NULL, 106, 4576, 216, '', 10, 3, NULL, NULL, NULL, NULL, '1', '096', '2016-02-04 16:00:00', NULL, '205       ', '2016-02-21 16:00:00', NULL, NULL, '2016-02-03 16:00:00', NULL, NULL),
(15444, '155', NULL, 'MENUKARKAN POSKOD BAGI PEMBAYAR - 540108105371 (MOHAMED NOOR BIN OTHMAN) DARI LABUAN\r\nKE NEGERI SEMBILAN', NULL, NULL, 106, 3332, 235, '', 10, 3, NULL, NULL, NULL, NULL, '1', '205', '2016-02-03 16:00:00', NULL, '205       ', '2016-02-04 16:00:00', NULL, NULL, '2016-02-03 16:00:00', NULL, NULL),
(15485, '205', NULL, 'SIZA DOWN DI SEMUA KAUNTER.', NULL, NULL, 106, 3195, 262, '', 4, 3, NULL, NULL, NULL, NULL, '11/2/2016 ZAMRI - \r\n1. DAPAT ADUAN DARI KAUNTER MASJID NEGARA DAN ICT HELPDESK\r\n2. CHECK SECUREWALL - TAK BOLEH AKSES\r\n3. RESTART SECUREWALL. BOLEH AKSES DAN RESTART SERVIS VPN KE KAUNTER. AKSES KE SIZA BERJAYA DIPULIHKAN.\r\n4. CHECK LINE UNIFI - 1 LINE DOWN DISEBABKAN KEROSAKAN KABEL POWER MODEM.\r\n5. GANTIKAN SEMENTARA KABEL POWER YANG ROSAK DENGAN KABEL POWER LINE UNIFI YANG BARU YANG MASIH BELUM DIGUNAKAN.\r\n6. MODEM BERJAYA DIHIDUPKAN\r\n7. TEST VPN - OK', '231', '2016-02-10 16:00:00', NULL, '205       ', '2016-02-10 16:00:00', NULL, NULL, '2016-02-10 16:00:00', NULL, NULL),
(15486, '238', NULL, 'EMAIL TIDAK DIAKTIFKAN', NULL, NULL, 128, 5008, 212, '', 9, 3, NULL, NULL, NULL, NULL, '1', '205', '2016-02-10 16:00:00', NULL, '205       ', '2016-02-10 16:00:00', NULL, NULL, '2016-02-10 16:00:00', NULL, NULL),
(15487, '111', NULL, '0', NULL, NULL, 106, 3190, 219, '', 10, 2, NULL, NULL, NULL, NULL, '11/2/2016 NARGIS - 1) MELENGKAPKAN BORANG PERMOHONAN\r\n2) MENGAJUKAN KEPADA EN.SUHAIMI UNTUK TINDAKAN LANJUT', '096', '2016-02-10 16:00:00', NULL, NULL, NULL, NULL, NULL, '2016-02-10 16:00:00', NULL, NULL),
(15488, '095', NULL, '0', NULL, NULL, 106, 2148, 212, '', 4, 3, NULL, NULL, NULL, NULL, '1', '205', '2016-02-10 16:00:00', NULL, '205       ', '2016-02-10 16:00:00', NULL, NULL, '2016-02-10 16:00:00', NULL, NULL),
(15489, '238', NULL, 'TIDAK BOLEH MENDAFTAR TRAINING DI DALAM SIZA', NULL, NULL, 106, 5008, 212, '', 4, 3, NULL, NULL, NULL, NULL, '1', '205', '2016-02-10 16:00:00', NULL, '205       ', '2016-02-10 16:00:00', NULL, NULL, '2016-02-10 16:00:00', NULL, NULL),
(15508, '174', NULL, 'MASALAH SISTEM AUDIO TIADA PADA PAPARAN GAMBAR DI TV. TV HANYA MENUNJUKKAN PAPARAN VISUAL DAN TIADA SEBARANG AUDIO BUNYI DI KELUARKAN. SEKIAN TERIMA KASIH', NULL, NULL, 107, 588, 246, '', 3, 2, NULL, NULL, NULL, NULL, 'MINTA SEBUT HARGA UNTUK PIHAK QMS DATANG REPAIR', '162', '2016-02-15 16:00:00', NULL, NULL, NULL, NULL, NULL, '2016-02-14 16:00:00', NULL, NULL),
(15513, '112', NULL, 'MEMOHON UNTUK INSTALL PRINTER COLOR EN.SYED.SUDAH INSTALL COLOUR EN.SYED TETAPI TIDAK BERFUNGSI DAN ADA MASALAH (OFFLINE) DAH RESTART ON SEMULA MASIH TIDAK BOLEH DIGUNAKAN', NULL, NULL, 106, 669515, 206, '', 10, 3, NULL, NULL, NULL, NULL, '18022016 LEE -\r\n1.ADD PRINTER DC2200\r\n2.DONE\r\n3.TEST PRINT', '214', '2016-02-17 16:00:00', NULL, '205       ', '2016-02-23 16:00:00', NULL, NULL, '2016-02-17 16:00:00', NULL, NULL),
(15515, '087', NULL, 'SIZA PATCHES TIDAK BOLEH DINSTALL PADA PC STAFF PRAKTIKAL (162-165)', NULL, NULL, 106, 5014, 211, '', 4, 3, NULL, NULL, NULL, NULL, '1', '205', '2016-02-21 16:00:00', NULL, '205       ', '2016-02-21 16:00:00', NULL, NULL, '2016-02-21 16:00:00', NULL, NULL),
(15518, 'KS022', NULL, 'PERMOHONAN UNTUK MENGAKSES MODUL SMOZ UNTUK MENGISI AKTIVITI PEGAWAI DAN ANALISA UNTUK PEMASARAN ZAKAT', NULL, NULL, 106, NULL, 228, '', 10, 3, NULL, NULL, NULL, NULL, '1', '096', '2016-02-22 16:00:00', NULL, '205       ', '2016-02-22 16:00:00', NULL, NULL, '2016-02-22 16:00:00', NULL, NULL),
(15519, '182', NULL, 'TAMBAHAN COLUMN "TARIKH URUSAN" PADA LAPORAN KAUNTER POS', NULL, NULL, 106, 3428, 219, '', 10, 2, NULL, NULL, NULL, NULL, '23/2/2016 NARGIS - 1) MELENGKAPKAN BORANG PERMOHONAN\r\n2) MENGAJUKAN KEPADA EN.SUHAIMI UNTUK TINDAKAN LANJUT', '096', '2016-02-22 16:00:00', NULL, NULL, NULL, NULL, NULL, '2016-02-22 16:00:00', NULL, NULL),
(15520, '215', NULL, 'AKTIVITI PENYELENGGARAAN DI SERVER SPID', NULL, NULL, 106, 2146, 262, '', 10, 3, NULL, NULL, NULL, NULL, '23/2/2016 NARGIS - 1) MENGHANTAR EMAIL PEMBERITAHUAN KEPADA WARGA\r\n===============\r\nFROM: "ICT HELPDESK" <ICTHELPDESK@ZAKAT.COM.MY>\r\nTO: "WARGA PPZ" <WARGA.PPZ@ZAKAT.COM.MY>\r\nCC: "RUZANATUL DALILA KHOLID" <RUZANATUL@ZAKAT.COM.MY>, "NOORUL" <NOORUL@ZAKAT.COM.MY>\r\nSENT: TUESDAY, FEBRUARY 23, 2016 3:11:55 PM\r\nSUBJECT: PERHATIAN :- GANGGUAN TERHADAP SISTEM SPID\r\n\r\nEMAIL INI DIHANTAR BAGI PIHAK UNIT ICT:\r\n\r\nDIMAKLUMKAN BAHAWA TERDAPAT AKTIVITI KONFIGURASI SPID . BUTIRAN ADALAH SEPERTI BERIKUT:-\r\n  \r\nTARIKH :- 23, FEBRUARI 2016 (SELASA) \r\nANGGARAN DOWNTIME :- 3.15 PM-3.45PM \r\nSISTEM YG TERJEJAS :- SISTEM SPID \r\nPENGGUNA YG TERJEJAS :- WARGA PPZ \r\nSEBAB :- AKTIVITI PENYELENGGARAAN DI SERVER SPID \r\nADUAN NO :- 15520 \r\n \r\nBAGI MENDAPATKAN PENJELASAN ATAU MAKLUMAT LANJUT, SILA HUBUNGI KAMI DI 03-92895738 ATAU EMAIL KAMI DI ICTHELPDESK@ZAKAT.COM.MY \r\n \r\nTERIMA KASIH,\r\n\r\nNARGIS BINTI ISMAIL \r\nEXECUTIVE IT HELPDESK | PPZ-MAIWP\r\n=============\r\n2) KERJA MENYELENGGARAAN TELAH SELESAI\r\n', '215', '2016-02-22 16:00:00', NULL, '205       ', '2016-02-23 16:00:00', NULL, NULL, '2016-02-22 16:00:00', NULL, NULL),
(15526, '180', NULL, 'PERMOHONAN CAPAIAN INTERNET UNTUK EBANKER BAGI MENYEMAK PENYATA AKAUN BULANAN', NULL, NULL, 106, 3191, 219, '', 10, 3, NULL, NULL, NULL, NULL, '26/2/2016 ZAMRI -\r\n1. MENYERAHKAN BORANG UTK DIISI OLEH PENGGUNA\r\n2. MENYERAHKAN BORANG UTK DISOKONG OLEH PENGURUS/KETUA UNIT\r\n3. PERMOHONAN DILULUSKAN OLEH TKPE\r\n', '231', '2016-02-25 16:00:00', NULL, '205       ', '2016-03-02 16:00:00', NULL, NULL, '2016-02-24 16:00:00', NULL, NULL),
(15527, '084', NULL, '0', NULL, NULL, 106, 2248, 223, '', 10, 3, NULL, NULL, NULL, NULL, '26/2/2016 ZAMRI -\r\n1. MENYERAHKAN BORANG UTK DIISI OLEH PENGGUNA\r\n2. MENYERAHKAN BORANG UTK DISOKONG OLEH PENGURUS/KETUA UNIT\r\n3. PERMOHONAN DILULUSKAN OLEH TKPE\r\n', '231', '2016-02-25 16:00:00', NULL, '205       ', '2016-03-02 16:00:00', NULL, NULL, '2016-02-24 16:00:00', NULL, NULL),
(15528, '163', NULL, 'PERMOHONAN CAPAIAN INTERNET UNTUK EBANKER BAGI DAPATKAN PENYATA BANK', NULL, NULL, 106, 2461, 219, '', 10, 3, NULL, NULL, NULL, NULL, '26/2/2016 ZAMRI -\r\n1. MENYERAHKAN BORANG UTK DIISI OLEH PENGGUNA\r\n2. MENYERAHKAN BORANG UTK DISOKONG OLEH PENGURUS/KETUA UNIT\r\n3. PERMOHONAN DILULUSKAN OLEH TKPE\r\n', '231', '2016-02-25 16:00:00', NULL, '205       ', '2016-03-02 16:00:00', NULL, NULL, '2016-02-24 16:00:00', NULL, NULL),
(15529, '070', NULL, '0', NULL, NULL, 106, 1792, 248, '', 10, 3, NULL, NULL, NULL, NULL, '26/2/2016 ZAMRI - \r\n1. MENYERAHKAN BORANG UTK DIISI OLEH PENGGUNA\r\n2. MENYERAHKAN BORANG UTK DISOKONG OLEH PENGURUS/KETUA UNIT\r\n3. PERMOHONAN DILULUSKAN OLEH TKPE\r\n', '231', '2016-02-25 16:00:00', NULL, '205       ', '2016-03-02 16:00:00', NULL, NULL, '2016-02-24 16:00:00', NULL, NULL),
(15530, '083', NULL, '0', NULL, NULL, 106, 2645, 222, '', 10, 3, NULL, NULL, NULL, NULL, '26/2/2016 ZAMRI - \r\n1. MENYERAHKAN BORANG UTK DIISI OLEH PENGGUNA\r\n2. MENYERAHKAN BORANG UTK DISOKONG OLEH PENGURUS/KETUA UNIT\r\n3. PERMOHONAN DILULUSKAN OLEH TKPE\r\n', '231', '2016-02-25 16:00:00', NULL, '205       ', '2016-03-02 16:00:00', NULL, NULL, '2016-02-24 16:00:00', NULL, NULL),
(15531, '111', NULL, 'PERMOHONAN CAPAIAN INTERNET UNTUK EBANKER BAGI DAPATKAN PENYATA BANK', NULL, NULL, 106, 3190, 219, '', 10, 3, NULL, NULL, NULL, NULL, '26/2/2016 ZAMRI - \r\n1. MENYERAHKAN BORANG UTK DIISI OLEH PENGGUNA\r\n2. MENYERAHKAN BORANG UTK DISOKONG OLEH PENGURUS/KETUA UNIT\r\n3. PERMOHONAN DILULUSKAN OLEH TKPE\r\n', '231', '2016-02-25 16:00:00', NULL, '205       ', '2016-03-02 16:00:00', NULL, NULL, '2016-02-24 16:00:00', NULL, NULL),
(15532, '231', NULL, '0', NULL, NULL, 106, 2833, 222, '', 10, 3, NULL, NULL, NULL, NULL, '26/2/2016 ZAMRI - \r\n1. MENYERAHKAN BORANG UTK DIISI OLEH PENGGUNA\r\n2. MENYERAHKAN BORANG UTK DISOKONG OLEH PENGURUS/KETUA UNIT\r\n3. PERMOHONAN DILULUSKAN OLEH TKPE\r\n', '231', '2016-02-25 16:00:00', NULL, '205       ', '2016-03-02 16:00:00', NULL, NULL, '2016-02-24 16:00:00', NULL, NULL),
(15533, '239', NULL, '0', NULL, NULL, 106, NULL, 223, '', 10, 2, NULL, NULL, NULL, NULL, '26/2/2016 ZAMRI - \r\n1. MENYERAHKAN BORANG UTK DIISI OLEH PENGGUNA\r\n2. MENYERAHKAN BORANG UTK DISOKONG OLEH PENGURUS/KETUA UNIT\r\n3. PERMOHONAN DILULUSKAN OLEH TKPE\r\n', '231', '2016-02-25 16:00:00', NULL, '239', '2016-06-05 21:59:18', 'tak selesai. tuggu barang', 2, '2016-02-24 16:00:00', '2016-06-05 21:59:18', NULL),
(15544, '156', NULL, 'TIDAK BOLEH MEMASUKKAN TARIKH TUNTUTAN DI SPSM - TUNTUTAN - PERJALANAN', NULL, NULL, 106, 2827, 210, '', 4, 3, NULL, NULL, NULL, NULL, '1', '205', '2016-03-03 16:00:00', NULL, '205       ', '2016-03-03 16:00:00', NULL, NULL, '2016-03-03 16:00:00', NULL, NULL),
(15553, '215', NULL, '0', NULL, NULL, 106, 2146, 262, '', 10, 3, NULL, NULL, NULL, NULL, '9/3/2016 - 1) KERJA-KERJA DILAKUKAN OLEH VENDOR PRO OFFICE\r\n2) PERMOHONAN TELAH DISELESAIKAN', '215', '2016-03-08 16:00:00', NULL, '205       ', '2016-03-09 16:00:00', NULL, NULL, '2016-03-08 16:00:00', NULL, NULL),
(15558, '086', NULL, 'PERMOHONAN PENAMATAN USER ID UNTUK SIZA -IMAN MUHAMMAD NABIL BIN ABDUL MALEK (P139)', NULL, NULL, 106, 3879, 212, '', 10, 3, NULL, NULL, NULL, NULL, '11/3/2016 NARGIS - 1) MELENGKAPKAN BORANG PERMOHONAN\r\n2 ) KEMASKINI STATUS ID SIZA DARI AKTIF KE TAMAT - ID =  P139\r\n3) PERMOHONAN TELAH DISELESAIKAN\r\n4) MEMAKLUMKAN KEPADA USER TENTANG STATUS PERMOHONAN', '205', '2016-03-10 16:00:00', NULL, '205       ', '2016-03-10 16:00:00', NULL, NULL, '2016-03-10 16:00:00', NULL, NULL),
(15561, '086', NULL, 'TIDAK BOLEH SAVE AS UNTUK EXCEL - UNLICENSED PRODUCT( OFFICE 2013)', NULL, NULL, 106, 3879, 212, '', 2, 3, NULL, NULL, NULL, NULL, '14032016 LEE - \r\n1.PROCESS CHANGE PRODUCT KEY\r\n2.WAITING NEW PRODUCT KEY\r\n3.INSTALL TEMPORARY OFFICE', '214', '2016-03-13 16:00:00', NULL, '205       ', '2016-03-21 16:00:00', NULL, NULL, '2016-03-13 16:00:00', NULL, NULL),
(15562, '076', NULL, 'PENAMBAHAN BUTTON BAYARAN KESELURUHAN DENGAN POP UP SEKIRANYA ZAKAT POTONGAN GAJI TIDAK CUKUP SETAHUN', NULL, NULL, 106, 17600, 229, '', 10, 2, NULL, NULL, NULL, NULL, '15/3/2016 NARGIS - 1) MELENGKAPKAN BORANG PERMOHONAN\r\n2) MENGAJUKAN KEPADA EN.SUHAIMI UNTUK TINDAKAN LANJUT', '096', '2016-03-14 16:00:00', NULL, NULL, NULL, NULL, NULL, '2016-03-14 16:00:00', NULL, NULL),
(15563, '128', NULL, 'SENARAI SUBSIDI PARKING MENGIKUT INDIVIDU', NULL, NULL, 106, 3390, 212, '', 10, 2, NULL, NULL, NULL, NULL, '15/3/2016 NARGIS - 1) MELENGKAPKAN BORANG PERMOHONAN\r\n2) MENGAJUKAN KEPADA EN.SUHAIMI UNTUK TINDAKAN LANJUT', '096', '2016-03-14 16:00:00', NULL, NULL, NULL, NULL, NULL, '2016-03-14 16:00:00', NULL, NULL),
(15566, '237', NULL, 'UNTUK MEMUDAHKAN MENCARI SETIAP SUB KATEGORI', NULL, NULL, 106, 2312, 219, '', 10, 3, NULL, NULL, NULL, NULL, '1', '223', '2016-03-17 16:00:00', NULL, '205       ', '2016-03-21 16:00:00', NULL, NULL, '2016-03-15 16:00:00', NULL, NULL),
(15567, '215', NULL, 'MENJALANKAN KERJA - KERJA MAINTENANCE PEMBAIKAN UNTUK FUNGSI CARIAN SYSTEM SPID', NULL, NULL, 106, 2146, 262, '', 15, 3, NULL, NULL, NULL, NULL, '16/3/2013 ZANA - KERJA-KERJA TELAH DISELESAIKAN OLEH VENDOR PRO OFFICE', '215', '2016-03-15 16:00:00', NULL, '205       ', '2016-03-21 16:00:00', NULL, NULL, '2016-03-15 16:00:00', NULL, NULL),
(15571, '047', NULL, 'INSTALLATION BIZ CHANNEL', NULL, NULL, 106, 2286, 233, '', 2, 3, NULL, NULL, NULL, NULL, '22/3/2016 MERANG 1) IINSTALL CONNECTION DIAL-UP PADA NOTEBOOK\r\n2) TEST FTP BIZ CHANNEL\r\n3) SUCCESSFUL CONNECT\r\n4) CREATE SHORTCUT DIAL-UP PADA DESKTOP \r\n5) DONE@3.45PM\r\n', '083', '2016-03-21 16:00:00', NULL, '205       ', '2016-03-21 16:00:00', NULL, NULL, '2016-03-16 16:00:00', NULL, NULL),
(15574, '066', NULL, 'PENYEDIAAN PROGRAM IMPORT UNTUK UNIKL (B0065)', NULL, NULL, 106, 4467, 233, '', 10, 3, NULL, NULL, NULL, NULL, '1', '223', '2016-03-16 16:00:00', NULL, '205       ', '2016-03-16 16:00:00', NULL, NULL, '2016-03-16 16:00:00', NULL, NULL),
(15575, '120', NULL, 'KOMPUTER SLOW', NULL, NULL, 107, 2694, 212, '', 1, 3, NULL, NULL, NULL, NULL, '1', '214', '2016-03-16 16:00:00', NULL, '205       ', '2016-03-16 16:00:00', NULL, NULL, '2016-03-16 16:00:00', NULL, NULL),
(15576, '150', NULL, 'KOMPUTER SLOW . NO ACCESS INTERNET\r\n', NULL, NULL, 107, 2456, 233, '', 1, 3, NULL, NULL, NULL, NULL, '1', '214', '2016-03-16 16:00:00', NULL, '205       ', '2016-03-16 16:00:00', NULL, NULL, '2016-03-16 16:00:00', NULL, NULL),
(15578, '117', NULL, 'LAPORAN KUTIPAN ZAKAT MELALUI BANK', NULL, NULL, 106, 2733, 227, '', 10, 2, NULL, NULL, NULL, NULL, '21/3/2016 NARGIS - 1) MELENGKAPKAN BORANG PERMOHONAN\r\n2) MENGAJUKAN KEPADA EN.SUHAIMI UNTUK TINDAKAN LANJUT', '096', '2016-03-20 16:00:00', NULL, NULL, NULL, NULL, NULL, '2016-03-20 16:00:00', NULL, NULL),
(15586, '017', NULL, 'TIDAK BOLEH CONNECT DENGAN EBANKER - ALRAJHI BANK', NULL, NULL, 106, 2445, 219, '', 10, 3, NULL, NULL, NULL, NULL, '1', '205', '2016-03-22 16:00:00', NULL, '205       ', '2016-03-22 16:00:00', NULL, NULL, '2016-03-22 16:00:00', NULL, NULL),
(15587, '047', NULL, 'RESET PASSWORD EMAIL - TERLUPA', NULL, NULL, 128, 2286, 233, '', 9, 3, NULL, NULL, NULL, NULL, '1', '205', '2016-03-22 16:00:00', NULL, '205       ', '2016-03-22 16:00:00', NULL, NULL, '2016-03-22 16:00:00', NULL, NULL),
(15588, '239', '239', 'ddssdsddf', NULL, 3, 106, NULL, 260, '', 1, 4, NULL, '', NULL, NULL, 'connection dah bersambung', '123', '2016-05-31 23:13:59', NULL, '239', '2016-05-31 23:45:20', '', 1, '2016-05-25 00:18:31', '2016-05-31 23:45:20', NULL),
(15589, '239', '239', 'payment berjaya tapi resit tak kuar', NULL, 1, NULL, NULL, NULL, '', 5, 2, NULL, NULL, NULL, '', 'Tunggu Resit Rasmi', NULL, '2016-05-25 17:58:02', NULL, NULL, NULL, NULL, NULL, '2016-05-25 16:57:49', '2016-05-25 17:58:04', NULL),
(15597, '123', '145', 'telepon555', NULL, 2, NULL, NULL, 0, '', 6, 3, NULL, NULL, NULL, '', '', NULL, '2016-05-30 17:12:39', NULL, NULL, NULL, NULL, NULL, '2016-05-29 23:37:19', '2016-05-30 17:12:47', NULL),
(15599, '239', '145', 'ddddd', NULL, 1, NULL, NULL, 22, '', 5, 5, NULL, NULL, NULL, NULL, NULL, '123', '2016-05-31 00:56:11', NULL, '239', '2016-05-30 23:20:36', 'selesai sudah', 1, '2016-05-30 17:19:23', '2016-05-31 00:56:14', NULL),
(15601, '239', '196', 'testing', NULL, 3, NULL, NULL, 0, '', 5, 1, NULL, NULL, NULL, NULL, NULL, NULL, NULL, NULL, NULL, NULL, NULL, NULL, '2016-05-31 23:42:46', '2016-05-31 23:42:46', NULL),
(15602, '123', '145', 'Hantar ke manager', NULL, 2, 107, NULL, 219, '', 1, 2, '2016-06-02 00:31:39', '', NULL, NULL, 'dah agih dah', '170', '2016-06-01 19:18:55', NULL, NULL, NULL, NULL, NULL, '2016-06-01 00:16:35', '2016-06-02 00:31:39', NULL),
(15603, '070', '170', 'hantar ', NULL, 1, 107, NULL, 0, '', 1, 1, NULL, NULL, NULL, NULL, NULL, NULL, NULL, NULL, NULL, NULL, NULL, NULL, '2016-06-01 22:14:04', '2016-06-01 22:14:04', NULL),
(15604, '239', '170', 'tsetin h kamen rider', NULL, 2, 107, 1, 261, '', 1, 5, '2016-06-02 00:45:15', '', NULL, NULL, 'testing telah diselesaikan', '170', '2016-06-02 19:45:25', NULL, '170', '2016-06-02 19:57:39', 'dah sahkan dahpun', 1, '2016-06-02 00:38:13', '2016-06-02 23:14:14', NULL),
(15605, '123', '239', 'test sweet', NULL, 3, 109, NULL, 0, '', 5, 1, NULL, NULL, NULL, NULL, NULL, NULL, NULL, NULL, NULL, NULL, NULL, NULL, '2016-06-02 23:54:02', '2016-06-02 23:54:02', NULL),
(15606, '123', '239', 'testing sweet ajax', NULL, 2, 107, NULL, 0, '', 3, 1, NULL, NULL, NULL, NULL, NULL, NULL, NULL, NULL, NULL, NULL, NULL, NULL, '2016-06-02 23:55:23', '2016-06-02 23:55:23', NULL),
(15607, '123', '070', 'flash + json', NULL, 2, 106, NULL, 0, '', 2, 1, NULL, NULL, NULL, NULL, NULL, NULL, NULL, NULL, NULL, NULL, NULL, NULL, '2016-06-03 00:02:26', '2016-06-03 00:02:26', NULL),
(15608, '123', '196', 'ssssss', NULL, 2, 106, NULL, 6, '', 2, 1, NULL, NULL, NULL, NULL, NULL, NULL, NULL, NULL, NULL, NULL, NULL, NULL, '2016-06-03 00:06:16', '2016-06-03 00:06:16', NULL),
(15609, '123', '196', 'ttttttttt', NULL, 2, 106, NULL, 0, '', 2, 1, NULL, NULL, NULL, NULL, NULL, NULL, NULL, NULL, NULL, NULL, NULL, NULL, '2016-06-03 00:15:49', '2016-06-03 00:15:49', NULL),
(15610, '123', '239', 'ddddsasdasdads', NULL, 3, 107, NULL, 0, '', 3, 1, NULL, NULL, NULL, NULL, NULL, NULL, NULL, NULL, NULL, NULL, NULL, NULL, '2016-06-03 00:16:57', '2016-06-03 00:16:57', NULL),
(15611, '123', '196', 'qqwwsS', NULL, 1, 107, 1, 261, '', 2, 2, '2016-06-05 21:23:44', '', NULL, NULL, 'ada kijo skit', '170', '2016-06-05 21:10:06', NULL, NULL, NULL, NULL, NULL, '2016-06-03 00:19:11', '2016-06-05 21:23:44', NULL),
(15612, '239', '196', 'ssss', NULL, 3, 107, 1, 261, '', 3, 2, '2016-06-05 21:33:00', '', NULL, NULL, 'tak selesai lagi ke?', '123', '2016-06-05 22:17:23', NULL, NULL, NULL, NULL, NULL, '2016-06-05 17:16:07', '2016-06-05 22:17:23', NULL),
(15625, '239', '239', 'test hantar email', NULL, 2, 106, 1, 261, '', 2, 7, '2016-06-05 20:21:40', '', NULL, NULL, 'agih sekali boh', '123', '2016-06-05 20:21:40', NULL, NULL, NULL, NULL, NULL, '2016-06-05 18:12:46', '2016-06-05 20:21:40', NULL),
(15639, '239', '196', 'hanata rsjjasdasdbjkasdk', NULL, 2, 106, 1, 261, '', 4, 7, '2016-06-05 22:30:51', '', NULL, NULL, 'aduan biasa berlaku ni. Minta agih kepada staf yang handle', '123', '2016-06-05 22:30:51', NULL, '239', '2016-06-05 20:37:46', '', 1, '2016-06-05 19:05:21', '2016-06-05 22:30:51', NULL),
(15640, '123', '239', 'pppp', NULL, 2, 107, 1, 261, '', 2, 2, NULL, '', NULL, NULL, 'tak selesai', '123', '2016-06-05 22:20:35', NULL, '239', '2016-06-10 01:51:54', '', 2, '2016-06-05 22:18:47', '2016-06-10 01:51:54', NULL),
(15641, '239', '239', 'labuan test xselesai', NULL, 1, 107, 1, 261, '', 3, 4, NULL, '', NULL, NULL, 'cek tgok ok ke x kali ke -2', '123', '2016-06-05 22:29:03', NULL, '239', '2016-06-05 22:29:29', 'ok done', 1, '2016-06-05 22:24:05', '2016-06-05 22:29:29', NULL),
(15642, '239', '239', 'agihan ', NULL, 1, 107, 1, 261, '', 3, 4, '2016-06-05 22:34:15', '', NULL, NULL, 'agihan dihantar - tunggu barang', '170', '2016-06-05 22:50:18', NULL, '239', '2016-06-05 22:50:41', 'selesai', 1, '2016-06-05 22:32:31', '2016-06-05 22:50:41', NULL),
(15643, '239', '239', 'ererree', NULL, 2, 107, NULL, NULL, '', 1, 1, NULL, NULL, NULL, NULL, NULL, NULL, NULL, NULL, NULL, NULL, NULL, NULL, '2016-06-06 00:12:57', '2016-06-06 00:12:57', NULL),
(15644, '239', '239', 'laporan que', NULL, 2, 106, NULL, NULL, '', 2, 1, NULL, NULL, NULL, NULL, NULL, NULL, NULL, NULL, NULL, NULL, NULL, NULL, '2016-06-07 19:12:51', '2016-06-07 19:12:51', NULL),
(15649, '239', '239', 'dddds', NULL, 1, 109, NULL, NULL, '', 5, 1, NULL, NULL, NULL, NULL, NULL, NULL, NULL, NULL, NULL, NULL, NULL, NULL, '2016-06-08 03:34:44', '2016-06-08 03:34:44', NULL),
(15650, '239', '239', 'xxx', NULL, 1, 109, NULL, NULL, '', 5, 1, NULL, NULL, NULL, NULL, NULL, NULL, NULL, NULL, NULL, NULL, NULL, NULL, '2016-06-08 04:23:08', '2016-06-08 04:23:08', NULL),
(15651, '239', '239', 'ssss', NULL, 1, 109, NULL, NULL, '', 6, 1, NULL, NULL, NULL, NULL, NULL, NULL, NULL, NULL, NULL, NULL, NULL, NULL, '2016-06-08 04:25:53', '2016-06-08 04:25:53', NULL),
(15652, '239', '239', 'ssss', NULL, 1, 109, NULL, NULL, '', 6, 1, NULL, NULL, NULL, NULL, NULL, NULL, NULL, NULL, NULL, NULL, NULL, NULL, '2016-06-08 04:26:42', '2016-06-08 04:26:42', NULL),
(15653, '239', '239', 'aaaa', NULL, 2, 109, NULL, NULL, '', 6, 1, NULL, NULL, NULL, NULL, NULL, NULL, NULL, NULL, NULL, NULL, NULL, NULL, '2016-06-08 04:29:00', '2016-06-08 04:29:00', NULL),
(15654, '239', '070', 'hh', NULL, 2, 109, NULL, NULL, '', 6, 1, NULL, NULL, NULL, NULL, NULL, NULL, NULL, NULL, NULL, NULL, NULL, NULL, '2016-06-08 04:31:18', '2016-06-08 04:31:18', NULL),
(15655, '239', '123', 'dddd', NULL, 1, 109, NULL, NULL, '', 5, 1, NULL, NULL, NULL, NULL, NULL, NULL, NULL, NULL, NULL, NULL, NULL, NULL, '2016-06-08 04:32:30', '2016-06-08 04:32:30', NULL),
(15657, '239', '239', 'iiiii', NULL, 2, 109, NULL, NULL, '', 5, 1, NULL, NULL, NULL, NULL, NULL, NULL, NULL, NULL, NULL, NULL, NULL, NULL, '2016-06-08 04:34:54', '2016-06-08 04:34:54', NULL),
(15662, '239', '239', '13164hhhh', NULL, 2, 109, NULL, NULL, '', 5, 1, NULL, NULL, NULL, NULL, NULL, NULL, NULL, NULL, NULL, NULL, NULL, NULL, '2016-06-08 05:08:36', '2016-06-08 05:08:36', NULL),
(15663, '239', '239', '', NULL, 2, 106, 3915, 264, '', 2, 1, NULL, NULL, NULL, NULL, NULL, NULL, '2016-06-09 03:10:04', NULL, NULL, NULL, NULL, NULL, '2016-06-09 01:55:55', '2016-06-09 03:10:04', NULL),
(15668, '239', '239', '', NULL, 2, 106, 3914, 265, '15', 2, 7, '2016-06-09 07:43:29', '', NULL, NULL, 'dfddd', '123', '2016-06-09 07:48:36', NULL, NULL, NULL, NULL, NULL, '2016-06-09 06:36:15', '2016-06-09 07:48:36', NULL),
(15669, '239', '239', 'dddddd', NULL, 1, 107, 4402, 266, '23', 3, 3, '2016-06-09 08:10:06', '', NULL, NULL, 'kkkkdfdfds ', '170', '2016-06-10 02:15:48', NULL, '239', '2016-06-10 02:15:24', 'sss', 2, '2016-06-09 07:43:11', '2016-06-10 02:15:48', NULL),
(15670, '239', '239', '4444444', NULL, 2, 107, 3914, 265, '15', 3, 7, '2016-06-10 01:05:12', 'agih 5555', NULL, NULL, 'dddd', '123', '2016-06-10 01:05:12', NULL, NULL, NULL, NULL, NULL, '2016-06-10 01:04:20', '2016-06-10 01:05:12', NULL),
(15671, '239', '239', 'helpdesk buat', NULL, 2, 107, 4095, 267, '23', 1, 2, NULL, '', NULL, NULL, 'dsdfdsf', '123', '2016-06-10 02:49:57', NULL, '239', '2016-06-10 02:50:39', 'ddd', 2, '2016-06-10 02:48:44', '2016-06-10 02:50:39', NULL),
(15672, '239', '070', 'test email printer rosak', NULL, 1, 107, 3337, 236, '18', 1, 1, NULL, NULL, NULL, NULL, NULL, NULL, NULL, NULL, NULL, NULL, NULL, NULL, '2016-06-10 07:47:30', '2016-06-10 07:47:30', NULL),
(15673, '239', '170', '0196745062', NULL, 2, 107, 3897, 226, '22', 1, 1, NULL, NULL, NULL, NULL, NULL, NULL, NULL, NULL, NULL, NULL, NULL, NULL, '2016-06-10 07:59:51', '2016-06-10 07:59:51', NULL),
(15674, '239', '155', 'Testing function complain', NULL, 2, 107, 4177, 265, '15', 1, 1, NULL, NULL, NULL, NULL, NULL, NULL, NULL, NULL, NULL, NULL, NULL, NULL, '2016-06-14 02:12:55', '2016-06-14 02:12:55', NULL),
(15675, '239', '155', 'Testing function complain', NULL, 2, 107, 4177, 265, '15', 1, 1, NULL, NULL, NULL, NULL, NULL, NULL, NULL, NULL, NULL, NULL, NULL, NULL, '2016-06-14 02:16:57', '2016-06-14 02:16:57', NULL),
(15676, '239', '155', 'Testing function complain', NULL, 2, 107, 4177, 265, '15', 1, 1, NULL, NULL, NULL, NULL, NULL, NULL, NULL, NULL, NULL, NULL, NULL, NULL, '2016-06-14 02:17:24', '2016-06-14 02:17:24', NULL),
(15677, '239', '239', 'Testing function complain v20', NULL, 3, 107, 1946, 238, '20', 1, 1, NULL, NULL, NULL, NULL, NULL, NULL, NULL, NULL, NULL, NULL, NULL, NULL, '2016-06-14 03:56:45', '2016-06-14 03:56:45', NULL),
(15678, '239', '239', 'Testing function complain v30', NULL, 3, 107, 1946, 238, '20', 1, 1, NULL, NULL, NULL, NULL, NULL, NULL, NULL, NULL, NULL, NULL, NULL, NULL, '2016-06-14 03:57:38', '2016-06-14 03:57:38', NULL),
(15679, '239', '239', 'Testing function complain v30', NULL, 3, 107, 1946, 238, '20', 1, 1, NULL, NULL, NULL, NULL, NULL, NULL, NULL, NULL, NULL, NULL, NULL, NULL, '2016-06-14 03:58:54', '2016-06-14 03:58:54', NULL),
(15680, '239', '239', 'zzzz', NULL, 2, 109, NULL, NULL, '', 5, 1, NULL, NULL, NULL, NULL, NULL, NULL, NULL, NULL, NULL, NULL, NULL, NULL, '2016-06-14 04:04:51', '2016-06-14 04:04:51', NULL),
(15681, '239', '239', 'Testing function complain v40', NULL, 3, 107, 1946, 238, '20', 1, 1, NULL, NULL, NULL, NULL, NULL, NULL, NULL, NULL, NULL, NULL, NULL, NULL, '2016-06-14 04:34:07', '2016-06-14 04:34:07', NULL),
(15682, '239', '239', 'Testing function complain v40', NULL, 3, 107, 1946, 238, '20', 1, 1, NULL, NULL, NULL, NULL, NULL, NULL, NULL, NULL, NULL, NULL, NULL, NULL, '2016-06-14 04:35:50', '2016-06-14 04:35:50', NULL),
(15683, '239', '239', 'Testing function complain v40', NULL, 3, 107, 1946, 238, '20', 1, 1, NULL, NULL, NULL, NULL, NULL, NULL, NULL, NULL, NULL, NULL, NULL, NULL, '2016-06-14 04:38:23', '2016-06-14 04:38:23', NULL),
(15684, '239', '239', 'Testing function complain v40', NULL, 3, 107, 1946, 238, '20', 1, 1, NULL, NULL, NULL, NULL, NULL, NULL, NULL, NULL, NULL, NULL, NULL, NULL, '2016-06-14 04:40:54', '2016-06-14 04:40:54', NULL),
(15685, '239', '239', 'Testing function complain v40', NULL, 3, 107, 1946, 238, '20', 1, 1, NULL, NULL, NULL, NULL, NULL, NULL, NULL, NULL, NULL, NULL, NULL, NULL, '2016-06-14 04:42:45', '2016-06-14 04:42:45', NULL),
(15686, '239', '239', 'Testing function complain v40', NULL, 3, 107, 1946, 238, '20', 1, 1, NULL, NULL, NULL, NULL, NULL, NULL, NULL, NULL, NULL, NULL, NULL, NULL, '2016-06-14 04:44:17', '2016-06-14 04:44:17', NULL),
(15687, '239', '239', 'huruf besar', NULL, 2, 109, NULL, NULL, '', 5, 1, NULL, NULL, NULL, NULL, NULL, NULL, NULL, NULL, NULL, NULL, NULL, NULL, '2016-06-14 06:52:43', '2016-06-14 06:52:43', NULL);

-- --------------------------------------------------------

--
-- Table structure for table `complain_actions`
--

CREATE TABLE `complain_actions` (
  `id` int(10) UNSIGNED NOT NULL,
  `complain_id` int(10) UNSIGNED NOT NULL,
  `complain_status_id` int(11) NOT NULL,
  `action_by` varchar(10) COLLATE utf8_unicode_ci DEFAULT NULL,
  `action_comment` text COLLATE utf8_unicode_ci,
  `reference` text COLLATE utf8_unicode_ci,
  `delay_reason` text COLLATE utf8_unicode_ci,
  `user_comment` text COLLATE utf8_unicode_ci,
  `user_emp_id` varchar(10) COLLATE utf8_unicode_ci DEFAULT NULL,
  `verify_date` timestamp NULL DEFAULT NULL,
  `created_at` timestamp NULL DEFAULT NULL,
  `updated_at` timestamp NULL DEFAULT NULL,
  `deleted_at` timestamp NULL DEFAULT NULL
) ENGINE=InnoDB DEFAULT CHARSET=utf8 COLLATE=utf8_unicode_ci;

--
-- Dumping data for table `complain_actions`
--

INSERT INTO `complain_actions` (`id`, `complain_id`, `complain_status_id`, `action_by`, `action_comment`, `reference`, `delay_reason`, `user_comment`, `user_emp_id`, `verify_date`, `created_at`, `updated_at`, `deleted_at`) VALUES
(1, 15599, 0, '123', 'testeingdssdsdddssdss123', NULL, 'dddddd3333333', NULL, NULL, NULL, '2016-05-30 17:53:06', '2016-05-30 17:53:06', NULL),
(2, 15599, 0, '123', 'testeingdssdsdddssdss123', NULL, 'dddddd3333333', NULL, NULL, NULL, '2016-05-30 21:53:06', '2016-05-30 17:53:06', NULL),
(3, 15599, 0, '', '', NULL, NULL, NULL, '239', NULL, '2016-05-30 22:34:51', '2016-05-30 22:34:51', NULL),
(4, 15599, 0, '', '', NULL, NULL, NULL, '239', NULL, '2016-05-30 22:40:22', '2016-05-30 22:40:22', NULL),
(5, 15599, 0, '', '', NULL, NULL, NULL, '239', NULL, '2016-05-30 22:40:40', '2016-05-30 22:40:40', NULL),
(6, 15599, 0, '', '', NULL, NULL, 'testing 123 testing', '239', NULL, '2016-05-30 22:42:39', '2016-05-30 22:42:39', NULL),
(7, 15599, 0, '', '', NULL, NULL, 'selesai sudah', '239', NULL, '2016-05-30 23:20:36', '2016-05-30 23:20:36', NULL),
(8, 15599, 0, '123', NULL, NULL, NULL, NULL, NULL, NULL, '2016-05-31 00:46:13', '2016-05-31 00:46:13', NULL),
(9, 15599, 0, '123', '', NULL, '', NULL, NULL, NULL, '2016-05-31 00:53:58', '2016-05-31 00:53:58', NULL),
(10, 15599, 0, '123', 'Tutup', NULL, NULL, NULL, NULL, NULL, '2016-05-31 00:54:08', '2016-05-31 00:54:08', NULL),
(11, 15599, 0, '123', '', NULL, '', NULL, NULL, NULL, '2016-05-31 00:56:06', '2016-05-31 00:56:06', NULL),
(12, 15599, 0, '123', 'Tutup', NULL, NULL, NULL, NULL, NULL, '2016-05-31 01:00:45', '2016-05-31 01:00:45', NULL),
(13, 15588, 0, '123', '', NULL, '', NULL, NULL, NULL, '2016-05-31 23:04:13', '2016-05-31 23:04:13', NULL),
(14, 15588, 0, '123', '', NULL, '', NULL, NULL, NULL, '2016-05-31 23:05:21', '2016-05-31 23:05:21', NULL),
(15, 15588, 0, '123', '', NULL, '', NULL, NULL, NULL, '2016-05-31 23:07:18', '2016-05-31 23:07:18', NULL),
(16, 15588, 0, '123', '', NULL, '', NULL, NULL, NULL, '2016-05-31 23:08:20', '2016-05-31 23:08:20', NULL),
(17, 15588, 0, '123', '', NULL, '', NULL, NULL, NULL, '2016-05-31 23:09:42', '2016-05-31 23:09:42', NULL),
(18, 15588, 0, '123', 'connection dah bersambung', NULL, '', NULL, NULL, NULL, '2016-05-31 23:12:52', '2016-05-31 23:12:52', NULL),
(19, 15588, 0, '123', 'connection dah bersambung', NULL, '', NULL, NULL, NULL, '2016-05-31 23:13:59', '2016-05-31 23:13:59', NULL),
(20, 15588, 0, NULL, NULL, NULL, NULL, '', '239', NULL, '2016-05-31 23:19:56', '2016-05-31 23:19:56', NULL),
(21, 15588, 0, NULL, NULL, NULL, NULL, '', '239', NULL, '2016-05-31 23:45:20', '2016-05-31 23:45:20', NULL),
(22, 15588, 0, '123', 'Tutup', NULL, NULL, NULL, NULL, NULL, '2016-06-01 00:07:44', '2016-06-01 00:07:44', NULL),
(23, 15602, 7, '123', 'dah agih dah', NULL, '', NULL, NULL, NULL, '2016-06-01 19:18:55', '2016-06-01 19:18:55', NULL),
(24, 15602, 7, '070', NULL, NULL, NULL, NULL, NULL, NULL, '2016-06-02 00:18:11', '2016-06-02 00:18:11', NULL),
(25, 15602, 7, '070', NULL, NULL, NULL, NULL, NULL, NULL, '2016-06-02 00:27:10', '2016-06-02 00:27:10', NULL),
(26, 15602, 7, '070', NULL, NULL, NULL, NULL, NULL, NULL, '2016-06-02 00:28:50', '2016-06-02 00:28:50', NULL),
(27, 15602, 7, '070', NULL, NULL, NULL, NULL, NULL, NULL, '2016-06-02 00:29:40', '2016-06-02 00:29:40', NULL),
(28, 15602, 7, '070', NULL, NULL, NULL, NULL, NULL, NULL, '2016-06-02 00:31:39', '2016-06-02 00:31:39', NULL),
(29, 15604, 7, '123', 'haji noramn', NULL, '', NULL, NULL, NULL, '2016-06-02 00:42:35', '2016-06-02 00:42:35', NULL),
(30, 15604, 7, '070', NULL, NULL, NULL, NULL, NULL, NULL, '2016-06-02 00:45:15', '2016-06-02 00:45:15', NULL),
(31, 15604, 3, '170', 'testing telah diselesaikan', NULL, NULL, NULL, NULL, NULL, '2016-06-02 19:02:50', '2016-06-02 19:02:50', NULL),
(32, 15604, 3, '170', 'testing telah diselesaikan', NULL, NULL, NULL, NULL, NULL, '2016-06-02 19:02:59', '2016-06-02 19:02:59', NULL),
(33, 15604, 3, '170', 'testing telah diselesaikan', NULL, NULL, NULL, NULL, NULL, '2016-06-02 19:04:48', '2016-06-02 19:04:48', NULL),
(34, 15604, 3, '170', 'testing telah diselesaikan', NULL, NULL, NULL, NULL, NULL, '2016-06-02 19:05:58', '2016-06-02 19:05:58', NULL),
(35, 15604, 3, '170', 'testing telah diselesaikan', NULL, NULL, NULL, NULL, NULL, '2016-06-02 19:08:37', '2016-06-02 19:08:37', NULL),
(36, 15604, 3, '170', 'testing telah diselesaikan', NULL, NULL, NULL, NULL, NULL, '2016-06-02 19:11:08', '2016-06-02 19:11:08', NULL),
(37, 15604, 3, '170', 'testing telah diselesaikan', NULL, NULL, NULL, NULL, NULL, '2016-06-02 19:20:17', '2016-06-02 19:20:17', NULL),
(38, 15604, 3, '170', 'testing telah diselesaikan', NULL, NULL, NULL, NULL, NULL, '2016-06-02 19:22:31', '2016-06-02 19:22:31', NULL),
(39, 15604, 3, '170', 'testing telah diselesaikan', NULL, NULL, NULL, NULL, NULL, '2016-06-02 19:25:00', '2016-06-02 19:25:00', NULL),
(40, 15604, 3, '170', 'testing telah diselesaikan', NULL, NULL, NULL, NULL, NULL, '2016-06-02 19:28:03', '2016-06-02 19:28:03', NULL),
(41, 15604, 3, '170', 'testing telah diselesaikan', NULL, NULL, NULL, NULL, NULL, '2016-06-02 19:41:40', '2016-06-02 19:41:40', NULL),
(42, 15604, 3, '170', 'testing telah diselesaikan', NULL, NULL, NULL, NULL, NULL, '2016-06-02 19:45:25', '2016-06-02 19:45:25', NULL),
(43, 15604, 0, NULL, NULL, NULL, NULL, 'dah sahkan dahpun', '170', NULL, '2016-06-02 19:57:39', '2016-06-02 19:57:39', NULL),
(44, 15604, 5, '123', 'Tutup', NULL, NULL, NULL, NULL, NULL, '2016-06-02 23:14:14', '2016-06-02 23:14:14', NULL),
(45, 15639, 3, '123', 'aduan biasa berlaku ni', NULL, '', NULL, NULL, NULL, '2016-06-05 20:18:19', '2016-06-05 20:18:19', NULL),
(46, 15625, 7, '123', 'agih sekali boh', NULL, '', NULL, NULL, NULL, '2016-06-05 20:21:43', '2016-06-05 20:21:43', NULL),
(47, 15639, 0, NULL, NULL, NULL, NULL, '', '239', NULL, '2016-06-05 20:37:49', '2016-06-05 20:37:49', NULL),
(48, 15639, 5, '123', 'Tutup', NULL, NULL, NULL, NULL, NULL, '2016-06-05 20:43:19', '2016-06-05 20:43:19', NULL),
(49, 15612, 7, '123', 'agih skali boh', NULL, '', NULL, NULL, NULL, '2016-06-05 20:46:46', '2016-06-05 20:46:46', NULL),
(50, 15611, 7, '123', 'ada kijo skit', NULL, '', NULL, NULL, NULL, '2016-06-05 21:10:08', '2016-06-05 21:10:08', NULL),
(51, 15611, 7, '070', NULL, NULL, NULL, NULL, NULL, NULL, '2016-06-05 21:23:52', '2016-06-05 21:23:52', NULL),
(52, 15612, 7, '070', NULL, NULL, NULL, NULL, NULL, NULL, '2016-06-05 21:28:11', '2016-06-05 21:28:11', NULL),
(53, 15612, 7, '070', NULL, NULL, NULL, NULL, NULL, NULL, '2016-06-05 21:31:19', '2016-06-05 21:31:19', NULL),
(54, 15612, 7, '070', NULL, NULL, NULL, NULL, NULL, NULL, '2016-06-05 21:33:06', '2016-06-05 21:33:06', NULL),
(55, 15533, 0, NULL, NULL, NULL, NULL, 'tak selesai. tuggu barang', '239', NULL, '2016-06-05 21:59:22', '2016-06-05 21:59:22', NULL),
(56, 15612, 2, '123', 'tak selesai lagi ke?', NULL, '', NULL, NULL, NULL, '2016-06-05 22:17:23', '2016-06-05 22:17:23', NULL),
(57, 15640, 1, '123', 'tak selesai', NULL, '', NULL, NULL, NULL, '2016-06-05 22:20:00', '2016-06-05 22:20:00', NULL),
(58, 15640, 3, '123', 'tak selesai', NULL, '', NULL, NULL, NULL, '2016-06-05 22:20:37', '2016-06-05 22:20:37', NULL),
(59, 15641, 3, '123', 'cek tgok ok ke x', NULL, '', NULL, NULL, NULL, '2016-06-05 22:25:00', '2016-06-05 22:25:00', NULL),
(60, 15641, 0, NULL, NULL, NULL, NULL, 'tak selesaipun', '239', NULL, '2016-06-05 22:27:50', '2016-06-05 22:27:50', NULL),
(61, 15641, 3, '123', 'cek tgok ok ke x kali ke -2', NULL, '', NULL, NULL, NULL, '2016-06-05 22:29:05', '2016-06-05 22:29:05', NULL),
(62, 15641, 0, NULL, NULL, NULL, NULL, 'ok done', '239', NULL, '2016-06-05 22:29:32', '2016-06-05 22:29:32', NULL),
(63, 15642, 7, '123', 'agihan dihantar', NULL, '', NULL, NULL, NULL, '2016-06-05 22:33:46', '2016-06-05 22:33:46', NULL),
(64, 15642, 7, '070', NULL, NULL, NULL, NULL, NULL, NULL, '2016-06-05 22:34:17', '2016-06-05 22:34:17', NULL),
(65, 15642, 3, '170', 'agihan dihantar - tunggu barang', NULL, NULL, NULL, NULL, NULL, '2016-06-05 22:35:30', '2016-06-05 22:35:30', NULL),
(66, 15642, 3, '170', 'agihan dihantar - tunggu barang', NULL, NULL, NULL, NULL, NULL, '2016-06-05 22:35:49', '2016-06-05 22:35:49', NULL),
(67, 15642, 3, '170', 'agihan dihantar - tunggu barang', NULL, NULL, NULL, NULL, NULL, '2016-06-05 22:37:12', '2016-06-05 22:37:12', NULL),
(68, 15642, 3, '170', 'agihan dihantar - tunggu barang', NULL, NULL, NULL, NULL, NULL, '2016-06-05 22:37:26', '2016-06-05 22:37:26', NULL),
(69, 15642, 0, NULL, NULL, NULL, NULL, 'tak selesaipun', '239', NULL, '2016-06-05 22:38:12', '2016-06-05 22:38:12', NULL),
(70, 15642, 3, '170', 'agihan dihantar - tunggu barang', NULL, NULL, NULL, NULL, NULL, '2016-06-05 22:38:45', '2016-06-05 22:38:45', NULL),
(71, 15642, 3, '170', 'agihan dihantar - tunggu barang', NULL, NULL, NULL, NULL, NULL, '2016-06-05 22:38:55', '2016-06-05 22:38:55', NULL),
(72, 15642, 0, NULL, NULL, NULL, NULL, 'belum sampai barang', '239', NULL, '2016-06-05 22:44:12', '2016-06-05 22:44:12', NULL),
(73, 15642, 3, '170', 'agihan dihantar - tunggu barang', NULL, NULL, NULL, NULL, NULL, '2016-06-05 22:44:50', '2016-06-05 22:44:50', NULL),
(74, 15642, 3, '170', 'agihan dihantar - tunggu barang', NULL, NULL, NULL, NULL, NULL, '2016-06-05 22:44:58', '2016-06-05 22:44:58', NULL),
(75, 15642, 3, '170', 'agihan dihantar - tunggu barang', NULL, NULL, NULL, NULL, NULL, '2016-06-05 22:45:05', '2016-06-05 22:45:05', NULL),
(76, 15642, 0, NULL, NULL, NULL, NULL, 'belum lagi', '239', NULL, '2016-06-05 22:47:30', '2016-06-05 22:47:30', NULL),
(77, 15642, 3, '170', 'agihan dihantar - tunggu barang', NULL, NULL, NULL, NULL, NULL, '2016-06-05 22:50:21', '2016-06-05 22:50:21', NULL),
(78, 15642, 0, NULL, NULL, NULL, NULL, 'selesai', '239', NULL, '2016-06-05 22:50:45', '2016-06-05 22:50:45', NULL),
(79, 15669, 7, '123', 'kkkk', NULL, '', NULL, NULL, NULL, '2016-06-09 07:49:55', '2016-06-09 07:49:55', NULL),
(80, 15669, 7, '070', NULL, NULL, NULL, NULL, NULL, NULL, '2016-06-09 08:10:06', '2016-06-09 08:10:06', NULL),
(81, 15669, 3, '170', 'kkkkdfdfds ', NULL, NULL, NULL, NULL, NULL, '2016-06-09 08:25:32', '2016-06-09 08:25:32', NULL),
(82, 15669, 0, NULL, NULL, NULL, NULL, '', '239', NULL, '2016-06-10 01:49:17', '2016-06-10 01:49:17', NULL),
(83, 15640, 0, NULL, NULL, NULL, NULL, '', '239', NULL, '2016-06-10 01:51:55', '2016-06-10 01:51:55', NULL),
(84, 15669, 0, NULL, NULL, NULL, NULL, 'tbelum selesai', '239', NULL, '2016-06-10 01:56:52', '2016-06-10 01:56:52', NULL),
(85, 15669, 3, '170', 'kkkkdfdfds ', NULL, NULL, NULL, NULL, NULL, '2016-06-10 02:04:35', '2016-06-10 02:04:35', NULL),
(86, 15669, 0, NULL, NULL, NULL, NULL, 'ffff', '239', NULL, '2016-06-10 02:06:28', '2016-06-10 02:06:28', NULL),
(87, 15669, 3, '170', 'kkkkdfdfds ', NULL, NULL, NULL, NULL, NULL, '2016-06-10 02:07:02', '2016-06-10 02:07:02', NULL),
(88, 15669, 0, NULL, NULL, NULL, NULL, 'sss', '239', NULL, '2016-06-10 02:15:24', '2016-06-10 02:15:24', NULL),
(89, 15669, 3, '170', 'kkkkdfdfds ', NULL, NULL, NULL, NULL, NULL, '2016-06-10 02:15:48', '2016-06-10 02:15:48', NULL),
(90, 15671, 3, '123', 'dsdfdsf', NULL, '', NULL, NULL, NULL, '2016-06-10 02:49:57', '2016-06-10 02:49:57', NULL),
(91, 15671, 0, NULL, NULL, NULL, NULL, 'ddd', '239', NULL, '2016-06-10 02:50:40', '2016-06-10 02:50:40', NULL);

-- --------------------------------------------------------

--
-- Table structure for table `complain_attachments`
--

CREATE TABLE `complain_attachments` (
  `attachment_id` int(10) UNSIGNED NOT NULL,
  `attachable_id` int(10) UNSIGNED NOT NULL,
  `attachment_filename` varchar(150) COLLATE utf8_unicode_ci DEFAULT NULL,
  `attachable_type` varchar(255) COLLATE utf8_unicode_ci NOT NULL,
  `created_at` timestamp NULL DEFAULT NULL,
  `updated_at` timestamp NULL DEFAULT NULL,
  `deleted_at` timestamp NULL DEFAULT NULL
) ENGINE=InnoDB DEFAULT CHARSET=utf8 COLLATE=utf8_unicode_ci;

--
-- Dumping data for table `complain_attachments`
--

INSERT INTO `complain_attachments` (`attachment_id`, `attachable_id`, `attachment_filename`, `attachable_type`, `created_at`, `updated_at`, `deleted_at`) VALUES
(1, 15662, '15662-book1.JPG', 'App\\Complain', '2016-06-08 05:08:36', '2016-06-08 05:08:36', NULL),
(2, 15663, '15663-chrome 2.jpg', 'App\\Complain', '2016-06-09 01:55:55', '2016-06-09 01:55:55', NULL),
(3, 15664, '15664-messagebox.JPG', 'App\\Complain', '2016-06-09 03:42:46', '2016-06-09 03:42:46', NULL),
(4, 15666, '15666-error_payment.png', 'App\\Complain', '2016-06-09 04:45:02', '2016-06-09 04:45:02', NULL),
(5, 15667, '15667-login_zakat_2013.JPG', 'App\\Complain', '2016-06-09 06:30:34', '2016-06-09 06:30:34', NULL),
(6, 15668, '15668-messagebox.JPG', 'App\\Complain', '2016-06-09 06:36:15', '2016-06-09 06:36:15', NULL),
(7, 15670, '15670-login.JPG', 'App\\Complain', '2016-06-10 01:04:20', '2016-06-10 01:04:20', NULL),
(8, 15671, '15671-error_payment.png', 'App\\Complain', '2016-06-10 02:48:44', '2016-06-10 02:48:44', NULL),
(9, 15672, '15672-Tulips.jpg', 'App\\Complain', '2016-06-10 07:47:30', '2016-06-10 07:47:30', NULL),
(10, 15673, '15673-Penguins.jpg', 'App\\Complain', '2016-06-10 07:59:51', '2016-06-10 07:59:51', NULL),
(11, 15674, '15674-login.JPG', 'App\\Complain', '2016-06-14 02:12:55', '2016-06-14 02:12:55', NULL),
(12, 15675, '15675-login.JPG', 'App\\Complain', '2016-06-14 02:16:57', '2016-06-14 02:16:57', NULL),
(13, 15676, '15676-login.JPG', 'App\\Complain', '2016-06-14 02:17:24', '2016-06-14 02:17:24', NULL),
(14, 15680, '15680-zakat2.jpg', 'App\\Complain', '2016-06-14 04:04:51', '2016-06-14 04:04:51', NULL);

-- --------------------------------------------------------

--
-- Table structure for table `complain_categories`
--

CREATE TABLE `complain_categories` (
  `category_id` int(10) UNSIGNED NOT NULL,
  `description` varchar(255) COLLATE utf8_unicode_ci NOT NULL,
  `kod_unit` int(11) NOT NULL,
  `has_asset` tinyint(1) DEFAULT '1',
  `status` tinyint(1) DEFAULT '1',
  `created_at` timestamp NULL DEFAULT NULL,
  `updated_at` timestamp NULL DEFAULT NULL,
  `deleted_at` timestamp NULL DEFAULT NULL
) ENGINE=InnoDB DEFAULT CHARSET=utf8 COLLATE=utf8_unicode_ci;

--
-- Dumping data for table `complain_categories`
--

INSERT INTO `complain_categories` (`category_id`, `description`, `kod_unit`, `has_asset`, `status`, `created_at`, `updated_at`, `deleted_at`) VALUES
(1, 'PERKAKASAN', 107, 1, 1, NULL, NULL, NULL),
(2, 'PERISIAN', 106, 1, 1, NULL, NULL, NULL),
(3, 'RANGKAIAN (NETWORK)', 107, 1, 1, NULL, NULL, NULL),
(4, 'SIZA', 106, 1, 1, NULL, NULL, NULL),
(5, 'ZAKAT 2U (PAYMENT)', 109, 1, 1, NULL, NULL, NULL),
(6, 'PORTAL ZAKAT.COM.MY', 109, 1, 1, NULL, NULL, NULL),
(7, 'DR-DOK', 106, 1, 1, NULL, NULL, NULL),
(8, 'FILE SERVER', 107, 1, 1, NULL, NULL, NULL),
(9, 'EMAIL - ZAKAT.COM.MY', 128, 1, 1, NULL, NULL, NULL),
(10, 'SERVICE/CHANGE/USER ID REQUEST', 106, 1, 1, NULL, NULL, NULL),
(11, 'CALL CENTER', 106, 1, 1, NULL, NULL, NULL),
(12, 'SISTEM PPZPG-2.0', 106, 1, 1, NULL, NULL, NULL),
(13, 'INSIDEN', 107, 1, 1, NULL, NULL, NULL),
(14, 'QMS', 107, 1, 1, NULL, NULL, NULL),
(15, 'SPID', 106, 1, 1, NULL, NULL, NULL);

-- --------------------------------------------------------

--
-- Table structure for table `complain_levels`
--

CREATE TABLE `complain_levels` (
  `level_id` int(10) UNSIGNED NOT NULL,
  `description` varchar(255) COLLATE utf8_unicode_ci NOT NULL,
  `status` tinyint(1) DEFAULT '1',
  `created_at` timestamp NULL DEFAULT NULL,
  `updated_at` timestamp NULL DEFAULT NULL,
  `deleted_at` timestamp NULL DEFAULT NULL
) ENGINE=InnoDB DEFAULT CHARSET=utf8 COLLATE=utf8_unicode_ci;

--
-- Dumping data for table `complain_levels`
--

INSERT INTO `complain_levels` (`level_id`, `description`, `status`, `created_at`, `updated_at`, `deleted_at`) VALUES
(1, 'Major', 1, NULL, NULL, NULL),
(2, 'Minor', 1, NULL, NULL, NULL);

-- --------------------------------------------------------

--
-- Table structure for table `complain_sources`
--

CREATE TABLE `complain_sources` (
  `source_id` int(10) UNSIGNED NOT NULL,
  `description` varchar(255) COLLATE utf8_unicode_ci NOT NULL,
  `status` tinyint(1) DEFAULT '1',
  `created_at` timestamp NULL DEFAULT NULL,
  `updated_at` timestamp NULL DEFAULT NULL,
  `deleted_at` timestamp NULL DEFAULT NULL
) ENGINE=InnoDB DEFAULT CHARSET=utf8 COLLATE=utf8_unicode_ci;

--
-- Dumping data for table `complain_sources`
--

INSERT INTO `complain_sources` (`source_id`, `description`, `status`, `created_at`, `updated_at`, `deleted_at`) VALUES
(1, 'EMAIL', 1, NULL, NULL, NULL),
(2, 'TELEFON', 1, NULL, NULL, NULL),
(3, 'SISTEM', 1, NULL, NULL, NULL);

-- --------------------------------------------------------

--
-- Table structure for table `complain_statuses`
--

CREATE TABLE `complain_statuses` (
  `status_id` int(10) UNSIGNED NOT NULL,
  `description` varchar(255) COLLATE utf8_unicode_ci NOT NULL,
  `status` tinyint(1) DEFAULT '1',
  `created_at` timestamp NULL DEFAULT NULL,
  `updated_at` timestamp NULL DEFAULT NULL,
  `deleted_at` timestamp NULL DEFAULT NULL
) ENGINE=InnoDB DEFAULT CHARSET=utf8 COLLATE=utf8_unicode_ci;

--
-- Dumping data for table `complain_statuses`
--

INSERT INTO `complain_statuses` (`status_id`, `description`, `status`, `created_at`, `updated_at`, `deleted_at`) VALUES
(1, 'BARU', 1, NULL, NULL, NULL),
(2, 'TINDAKAN', 1, NULL, NULL, NULL),
(3, 'SAHKAN (P)', 1, NULL, NULL, NULL),
(4, 'SAHKAN (H)', 1, NULL, NULL, NULL),
(5, 'SELESAI', 1, NULL, NULL, NULL),
(6, 'DIHAPUSKAN', 1, NULL, NULL, NULL),
(7, 'AGIHAN', 1, NULL, NULL, NULL);

-- --------------------------------------------------------

--
-- Table structure for table `jobs`
--

CREATE TABLE `jobs` (
  `id` bigint(20) UNSIGNED NOT NULL,
  `queue` varchar(255) COLLATE utf8_unicode_ci NOT NULL,
  `payload` longtext COLLATE utf8_unicode_ci NOT NULL,
  `attempts` tinyint(3) UNSIGNED NOT NULL,
  `reserved` tinyint(3) UNSIGNED NOT NULL,
  `reserved_at` int(10) UNSIGNED DEFAULT NULL,
  `available_at` int(10) UNSIGNED NOT NULL,
  `created_at` int(10) UNSIGNED NOT NULL
) ENGINE=InnoDB DEFAULT CHARSET=utf8 COLLATE=utf8_unicode_ci;

--
-- Dumping data for table `jobs`
--

INSERT INTO `jobs` (`id`, `queue`, `payload`, `attempts`, `reserved`, `reserved_at`, `available_at`, `created_at`) VALUES
(1, 'default', '{"job":"mailer@handleQueuedMessage","data":{"view":"complains.email.complain_created","data":{"complain_id":15663,"complain_name":"RUSDI SENIK","complain_email":"rusdi@zakat.com.my","complain_detail":"testing","complain_status":"BARU"},"callback":"C:32:\\"SuperClosure\\\\SerializableClosure\\":691:{a:5:{s:4:\\"code\\";s:212:\\"function ($message) use($data, $complain_email, $complain_name, $helpdesk_email) {\\n    $message->from($complain_email, $complain_name);\\n    $message->to($helpdesk_email, \'ICT Helpdesk\')->subject(\'Aduan Baru\');\\n};\\";s:7:\\"context\\";a:4:{s:4:\\"data\\";a:5:{s:11:\\"complain_id\\";i:15663;s:13:\\"complain_name\\";s:11:\\"RUSDI SENIK\\";s:14:\\"complain_email\\";s:18:\\"rusdi@zakat.com.my\\";s:15:\\"complain_detail\\";s:7:\\"testing\\";s:15:\\"complain_status\\";s:4:\\"BARU\\";}s:14:\\"complain_email\\";s:18:\\"rusdi@zakat.com.my\\";s:13:\\"complain_name\\";s:11:\\"RUSDI SENIK\\";s:14:\\"helpdesk_email\\";s:23:\\"hafizullah@zakat.com.my\\";}s:7:\\"binding\\";N;s:5:\\"scope\\";s:34:\\"App\\\\Listeners\\\\EmailComplainCreated\\";s:8:\\"isStatic\\";b:0;}}"}}', 0, 0, NULL, 1465437356, 1465437356),
(2, 'default', '{"job":"mailer@handleQueuedMessage","data":{"view":"complains.email.complain_created","data":{"complain_id":15664,"complain_name":"RUSDI SENIK","complain_email":"rusdi@zakat.com.my","complain_detail":"sss","complain_status":"BARU"},"callback":"C:32:\\"SuperClosure\\\\SerializableClosure\\":687:{a:5:{s:4:\\"code\\";s:212:\\"function ($message) use($data, $complain_email, $complain_name, $helpdesk_email) {\\n    $message->from($complain_email, $complain_name);\\n    $message->to($helpdesk_email, \'ICT Helpdesk\')->subject(\'Aduan Baru\');\\n};\\";s:7:\\"context\\";a:4:{s:4:\\"data\\";a:5:{s:11:\\"complain_id\\";i:15664;s:13:\\"complain_name\\";s:11:\\"RUSDI SENIK\\";s:14:\\"complain_email\\";s:18:\\"rusdi@zakat.com.my\\";s:15:\\"complain_detail\\";s:3:\\"sss\\";s:15:\\"complain_status\\";s:4:\\"BARU\\";}s:14:\\"complain_email\\";s:18:\\"rusdi@zakat.com.my\\";s:13:\\"complain_name\\";s:11:\\"RUSDI SENIK\\";s:14:\\"helpdesk_email\\";s:23:\\"hafizullah@zakat.com.my\\";}s:7:\\"binding\\";N;s:5:\\"scope\\";s:34:\\"App\\\\Listeners\\\\EmailComplainCreated\\";s:8:\\"isStatic\\";b:0;}}"}}', 0, 0, NULL, 1465443766, 1465443766),
(3, 'default', '{"job":"mailer@handleQueuedMessage","data":{"view":"complains.email.complain_created","data":{"complain_id":15665,"complain_name":"RUSDI SENIK","complain_email":"rusdi@zakat.com.my","complain_detail":"aaa","complain_status":"BARU"},"callback":"C:32:\\"SuperClosure\\\\SerializableClosure\\":687:{a:5:{s:4:\\"code\\";s:212:\\"function ($message) use($data, $complain_email, $complain_name, $helpdesk_email) {\\n    $message->from($complain_email, $complain_name);\\n    $message->to($helpdesk_email, \'ICT Helpdesk\')->subject(\'Aduan Baru\');\\n};\\";s:7:\\"context\\";a:4:{s:4:\\"data\\";a:5:{s:11:\\"complain_id\\";i:15665;s:13:\\"complain_name\\";s:11:\\"RUSDI SENIK\\";s:14:\\"complain_email\\";s:18:\\"rusdi@zakat.com.my\\";s:15:\\"complain_detail\\";s:3:\\"aaa\\";s:15:\\"complain_status\\";s:4:\\"BARU\\";}s:14:\\"complain_email\\";s:18:\\"rusdi@zakat.com.my\\";s:13:\\"complain_name\\";s:11:\\"RUSDI SENIK\\";s:14:\\"helpdesk_email\\";s:23:\\"hafizullah@zakat.com.my\\";}s:7:\\"binding\\";N;s:5:\\"scope\\";s:34:\\"App\\\\Listeners\\\\EmailComplainCreated\\";s:8:\\"isStatic\\";b:0;}}"}}', 0, 0, NULL, 1465443984, 1465443984),
(4, 'default', '{"job":"mailer@handleQueuedMessage","data":{"view":"complains.email.complain_created","data":{"complain_id":15666,"complain_name":"RUSDI SENIK","complain_email":"rusdi@zakat.com.my","complain_detail":"cccccc","complain_status":"BARU"},"callback":"C:32:\\"SuperClosure\\\\SerializableClosure\\":690:{a:5:{s:4:\\"code\\";s:212:\\"function ($message) use($data, $complain_email, $complain_name, $helpdesk_email) {\\n    $message->from($complain_email, $complain_name);\\n    $message->to($helpdesk_email, \'ICT Helpdesk\')->subject(\'Aduan Baru\');\\n};\\";s:7:\\"context\\";a:4:{s:4:\\"data\\";a:5:{s:11:\\"complain_id\\";i:15666;s:13:\\"complain_name\\";s:11:\\"RUSDI SENIK\\";s:14:\\"complain_email\\";s:18:\\"rusdi@zakat.com.my\\";s:15:\\"complain_detail\\";s:6:\\"cccccc\\";s:15:\\"complain_status\\";s:4:\\"BARU\\";}s:14:\\"complain_email\\";s:18:\\"rusdi@zakat.com.my\\";s:13:\\"complain_name\\";s:11:\\"RUSDI SENIK\\";s:14:\\"helpdesk_email\\";s:23:\\"hafizullah@zakat.com.my\\";}s:7:\\"binding\\";N;s:5:\\"scope\\";s:34:\\"App\\\\Listeners\\\\EmailComplainCreated\\";s:8:\\"isStatic\\";b:0;}}"}}', 0, 0, NULL, 1465447502, 1465447502),
(5, 'default', '{"job":"mailer@handleQueuedMessage","data":{"view":"complains.email.complain_created","data":{"complain_id":15667,"complain_name":"RUSDI SENIK","complain_email":"rusdi@zakat.com.my","complain_detail":"testing 1234 edit","complain_status":"BARU"},"callback":"C:32:\\"SuperClosure\\\\SerializableClosure\\":702:{a:5:{s:4:\\"code\\";s:212:\\"function ($message) use($data, $complain_email, $complain_name, $helpdesk_email) {\\n    $message->from($complain_email, $complain_name);\\n    $message->to($helpdesk_email, \'ICT Helpdesk\')->subject(\'Aduan Baru\');\\n};\\";s:7:\\"context\\";a:4:{s:4:\\"data\\";a:5:{s:11:\\"complain_id\\";i:15667;s:13:\\"complain_name\\";s:11:\\"RUSDI SENIK\\";s:14:\\"complain_email\\";s:18:\\"rusdi@zakat.com.my\\";s:15:\\"complain_detail\\";s:17:\\"testing 1234 edit\\";s:15:\\"complain_status\\";s:4:\\"BARU\\";}s:14:\\"complain_email\\";s:18:\\"rusdi@zakat.com.my\\";s:13:\\"complain_name\\";s:11:\\"RUSDI SENIK\\";s:14:\\"helpdesk_email\\";s:23:\\"hafizullah@zakat.com.my\\";}s:7:\\"binding\\";N;s:5:\\"scope\\";s:34:\\"App\\\\Listeners\\\\EmailComplainCreated\\";s:8:\\"isStatic\\";b:0;}}"}}', 0, 0, NULL, 1465453834, 1465453834),
(6, 'default', '{"job":"mailer@handleQueuedMessage","data":{"view":"complains.email.complain_created","data":{"complain_id":15668,"complain_name":"RUSDI SENIK","complain_email":"rusdi@zakat.com.my","complain_detail":"telefon edit zakat2u","complain_status":"BARU"},"callback":"C:32:\\"SuperClosure\\\\SerializableClosure\\":705:{a:5:{s:4:\\"code\\";s:212:\\"function ($message) use($data, $complain_email, $complain_name, $helpdesk_email) {\\n    $message->from($complain_email, $complain_name);\\n    $message->to($helpdesk_email, \'ICT Helpdesk\')->subject(\'Aduan Baru\');\\n};\\";s:7:\\"context\\";a:4:{s:4:\\"data\\";a:5:{s:11:\\"complain_id\\";i:15668;s:13:\\"complain_name\\";s:11:\\"RUSDI SENIK\\";s:14:\\"complain_email\\";s:18:\\"rusdi@zakat.com.my\\";s:15:\\"complain_detail\\";s:20:\\"telefon edit zakat2u\\";s:15:\\"complain_status\\";s:4:\\"BARU\\";}s:14:\\"complain_email\\";s:18:\\"rusdi@zakat.com.my\\";s:13:\\"complain_name\\";s:11:\\"RUSDI SENIK\\";s:14:\\"helpdesk_email\\";s:23:\\"hafizullah@zakat.com.my\\";}s:7:\\"binding\\";N;s:5:\\"scope\\";s:34:\\"App\\\\Listeners\\\\EmailComplainCreated\\";s:8:\\"isStatic\\";b:0;}}"}}', 0, 0, NULL, 1465454175, 1465454175),
(7, 'default', '{"job":"mailer@handleQueuedMessage","data":{"view":"complains.email.complain_created","data":{"complain_id":15669,"complain_name":"RUSDI SENIK","complain_email":"rusdi@zakat.com.my","complain_detail":"dddddd","complain_status":"BARU"},"callback":"C:32:\\"SuperClosure\\\\SerializableClosure\\":690:{a:5:{s:4:\\"code\\";s:212:\\"function ($message) use($data, $complain_email, $complain_name, $helpdesk_email) {\\n    $message->from($complain_email, $complain_name);\\n    $message->to($helpdesk_email, \'ICT Helpdesk\')->subject(\'Aduan Baru\');\\n};\\";s:7:\\"context\\";a:4:{s:4:\\"data\\";a:5:{s:11:\\"complain_id\\";i:15669;s:13:\\"complain_name\\";s:11:\\"RUSDI SENIK\\";s:14:\\"complain_email\\";s:18:\\"rusdi@zakat.com.my\\";s:15:\\"complain_detail\\";s:6:\\"dddddd\\";s:15:\\"complain_status\\";s:4:\\"BARU\\";}s:14:\\"complain_email\\";s:18:\\"rusdi@zakat.com.my\\";s:13:\\"complain_name\\";s:11:\\"RUSDI SENIK\\";s:14:\\"helpdesk_email\\";s:23:\\"hafizullah@zakat.com.my\\";}s:7:\\"binding\\";N;s:5:\\"scope\\";s:34:\\"App\\\\Listeners\\\\EmailComplainCreated\\";s:8:\\"isStatic\\";b:0;}}"}}', 0, 0, NULL, 1465458191, 1465458191),
(8, 'default', '{"job":"mailer@handleQueuedMessage","data":{"view":"complains.email.complain_helpdesk_manage","data":{"complain_id":15669,"complain_name":"RUSDI SENIK","complain_email":"rusdi@zakat.com.my","complain_detail":"dddddd","complain_status":"AGIHAN","complain_status_id":"7","ketua_unit":"norman@zakat.com.my","complain_action_coment":"kkkk"},"callback":"C:32:\\"SuperClosure\\\\SerializableClosure\\":880:{a:5:{s:4:\\"code\\";s:228:\\"function ($message) use($data, $complain_email, $complain_name, $helpdesk_email, $ketua_unit) {\\n    $message->from($helpdesk_email, $complain_name);\\n    $message->to($ketua_unit, \'Ketua\\/Pengurus Unit\')->subject(\'Aduan Baru\');\\n};\\";s:7:\\"context\\";a:5:{s:4:\\"data\\";a:8:{s:11:\\"complain_id\\";i:15669;s:13:\\"complain_name\\";s:11:\\"RUSDI SENIK\\";s:14:\\"complain_email\\";s:18:\\"rusdi@zakat.com.my\\";s:15:\\"complain_detail\\";s:6:\\"dddddd\\";s:15:\\"complain_status\\";s:6:\\"AGIHAN\\";s:18:\\"complain_status_id\\";s:1:\\"7\\";s:10:\\"ketua_unit\\";s:19:\\"norman@zakat.com.my\\";s:22:\\"complain_action_coment\\";s:4:\\"kkkk\\";}s:14:\\"complain_email\\";s:18:\\"rusdi@zakat.com.my\\";s:13:\\"complain_name\\";s:11:\\"RUSDI SENIK\\";s:14:\\"helpdesk_email\\";s:23:\\"hafizullah@zakat.com.my\\";s:10:\\"ketua_unit\\";s:19:\\"norman@zakat.com.my\\";}s:7:\\"binding\\";N;s:5:\\"scope\\";s:41:\\"App\\\\Listeners\\\\EmailComplainHelpdeskAction\\";s:8:\\"isStatic\\";b:0;}}"}}', 0, 0, NULL, 1465458595, 1465458595),
(9, 'default', '{"job":"mailer@handleQueuedMessage","data":{"view":"complains.email.complain_assign_action","data":{"complain_id":15669,"complain_name":"RUSDI SENIK","complain_email":"rusdi@zakat.com.my","complain_detail":"dddddd","complain_status":"TINDAKAN"},"callback":"C:32:\\"SuperClosure\\\\SerializableClosure\\":734:{a:5:{s:4:\\"code\\";s:219:\\"function ($message) use($data, $complain_email, $complain_name, $assign_user, $ketua_unit) {\\n    $message->from($ketua_unit, \'Ketua\\/Pengurus Unit\');\\n    $message->to($assign_user, \'nama Staf\')->subject(\'Aduan Baru\');\\n};\\";s:7:\\"context\\";a:5:{s:4:\\"data\\";a:5:{s:11:\\"complain_id\\";i:15669;s:13:\\"complain_name\\";s:11:\\"RUSDI SENIK\\";s:14:\\"complain_email\\";s:18:\\"rusdi@zakat.com.my\\";s:15:\\"complain_detail\\";s:6:\\"dddddd\\";s:15:\\"complain_status\\";s:8:\\"TINDAKAN\\";}s:14:\\"complain_email\\";s:18:\\"rusdi@zakat.com.my\\";s:13:\\"complain_name\\";s:11:\\"RUSDI SENIK\\";s:11:\\"assign_user\\";s:19:\\"fidaus@zakat.com.my\\";s:10:\\"ketua_unit\\";s:19:\\"norman@zakat.com.my\\";}s:7:\\"binding\\";N;s:5:\\"scope\\";s:29:\\"App\\\\Listeners\\\\EmailAssignUser\\";s:8:\\"isStatic\\";b:0;}}"}}', 0, 0, NULL, 1465459806, 1465459806),
(10, 'default', '{"job":"mailer@handleQueuedMessage","data":{"view":"complains.email.complain_staff_action","data":{"complain_id":15669,"complain_name":"RUSDI SENIK","complain_email":"rusdi@zakat.com.my","complain_detail":"dddddd","complain_status":"SAHKAN (P)","complain_status_id":"3","ketua_unit":"norman@zakat.com.my","complain_action_coment":"kkkkdfdfds "},"callback":"C:32:\\"SuperClosure\\\\SerializableClosure\\":815:{a:5:{s:4:\\"code\\";s:216:\\"function ($message) use($data, $complain_email, $complain_name, $action_id) {\\n    $message->from($action_id, \'Staff Berkenaan\');\\n    $message->to($complain_email, $complain_name)->subject(\'Aduan sedang diproses\');\\n};\\";s:7:\\"context\\";a:4:{s:4:\\"data\\";a:8:{s:11:\\"complain_id\\";i:15669;s:13:\\"complain_name\\";s:11:\\"RUSDI SENIK\\";s:14:\\"complain_email\\";s:18:\\"rusdi@zakat.com.my\\";s:15:\\"complain_detail\\";s:6:\\"dddddd\\";s:15:\\"complain_status\\";s:10:\\"SAHKAN (P)\\";s:18:\\"complain_status_id\\";s:1:\\"3\\";s:10:\\"ketua_unit\\";s:19:\\"norman@zakat.com.my\\";s:22:\\"complain_action_coment\\";s:11:\\"kkkkdfdfds \\";}s:14:\\"complain_email\\";s:18:\\"rusdi@zakat.com.my\\";s:13:\\"complain_name\\";s:11:\\"RUSDI SENIK\\";s:9:\\"action_id\\";s:19:\\"fidaus@zakat.com.my\\";}s:7:\\"binding\\";N;s:5:\\"scope\\";s:30:\\"App\\\\Listeners\\\\EmailStaffAction\\";s:8:\\"isStatic\\";b:0;}}"}}', 0, 0, NULL, 1465460732, 1465460732),
(11, 'default', '{"job":"mailer@handleQueuedMessage","data":{"view":"complains.email.complain_created","data":{"complain_id":15670,"complain_name":"RUSDI SENIK","complain_email":"rusdi@zakat.com.my","complain_detail":"4444444","complain_status":"BARU"},"callback":"C:32:\\"SuperClosure\\\\SerializableClosure\\":691:{a:5:{s:4:\\"code\\";s:212:\\"function ($message) use($data, $complain_email, $complain_name, $helpdesk_email) {\\n    $message->from($complain_email, $complain_name);\\n    $message->to($helpdesk_email, \'ICT Helpdesk\')->subject(\'Aduan Baru\');\\n};\\";s:7:\\"context\\";a:4:{s:4:\\"data\\";a:5:{s:11:\\"complain_id\\";i:15670;s:13:\\"complain_name\\";s:11:\\"RUSDI SENIK\\";s:14:\\"complain_email\\";s:18:\\"rusdi@zakat.com.my\\";s:15:\\"complain_detail\\";s:7:\\"4444444\\";s:15:\\"complain_status\\";s:4:\\"BARU\\";}s:14:\\"complain_email\\";s:18:\\"rusdi@zakat.com.my\\";s:13:\\"complain_name\\";s:11:\\"RUSDI SENIK\\";s:14:\\"helpdesk_email\\";s:23:\\"hafizullah@zakat.com.my\\";}s:7:\\"binding\\";N;s:5:\\"scope\\";s:34:\\"App\\\\Listeners\\\\EmailComplainCreated\\";s:8:\\"isStatic\\";b:0;}}"}}', 0, 0, NULL, 1465520660, 1465520660),
(12, 'default', '{"job":"mailer@handleQueuedMessage","data":{"view":"complains.email.complain_user_verify_no","data":{"complain_id":15669,"complain_name":"RUSDI SENIK","complain_email":"rusdi@zakat.com.my","complain_detail":"dddddd","complain_status":"TINDAKAN","complain_status_id":2,"unit_id":"rusdi@zakat.com.my","complain_action_coment":"kkkkdfdfds ","user_comment":""},"callback":"C:32:\\"SuperClosure\\\\SerializableClosure\\":840:{a:5:{s:4:\\"code\\";s:223:\\"function ($message) use($data, $complain_email, $complain_name, $action_id) {\\n    $message->from($complain_email, $complain_name);\\n    $message->to($action_id, \'staf Terlibat\')->subject(\'Aduan Tidak Dapat Diselesaikan\');\\n};\\";s:7:\\"context\\";a:4:{s:4:\\"data\\";a:9:{s:11:\\"complain_id\\";i:15669;s:13:\\"complain_name\\";s:11:\\"RUSDI SENIK\\";s:14:\\"complain_email\\";s:18:\\"rusdi@zakat.com.my\\";s:15:\\"complain_detail\\";s:6:\\"dddddd\\";s:15:\\"complain_status\\";s:8:\\"TINDAKAN\\";s:18:\\"complain_status_id\\";i:2;s:7:\\"unit_id\\";s:18:\\"rusdi@zakat.com.my\\";s:22:\\"complain_action_coment\\";s:11:\\"kkkkdfdfds \\";s:12:\\"user_comment\\";s:0:\\"\\";}s:14:\\"complain_email\\";s:18:\\"rusdi@zakat.com.my\\";s:13:\\"complain_name\\";s:11:\\"RUSDI SENIK\\";s:9:\\"action_id\\";s:19:\\"fidaus@zakat.com.my\\";}s:7:\\"binding\\";N;s:5:\\"scope\\";s:33:\\"App\\\\Listeners\\\\EmailComplainVerify\\";s:8:\\"isStatic\\";b:0;}}"}}', 0, 0, NULL, 1465523357, 1465523357),
(13, 'default', '{"job":"mailer@handleQueuedMessage","data":{"view":"complains.email.complain_user_verify_no","data":{"complain_id":15640,"complain_name":"Nargis Ismail","complain_email":"nargis@zakat.com.my","complain_detail":"pppp","complain_status":"TINDAKAN","complain_status_id":2,"unit_id":"nargis@zakat.com.my","complain_action_coment":"tak selesai","user_comment":""},"callback":"C:32:\\"SuperClosure\\\\SerializableClosure\\":845:{a:5:{s:4:\\"code\\";s:223:\\"function ($message) use($data, $complain_email, $complain_name, $action_id) {\\n    $message->from($complain_email, $complain_name);\\n    $message->to($action_id, \'staf Terlibat\')->subject(\'Aduan Tidak Dapat Diselesaikan\');\\n};\\";s:7:\\"context\\";a:4:{s:4:\\"data\\";a:9:{s:11:\\"complain_id\\";i:15640;s:13:\\"complain_name\\";s:13:\\"Nargis Ismail\\";s:14:\\"complain_email\\";s:19:\\"nargis@zakat.com.my\\";s:15:\\"complain_detail\\";s:4:\\"pppp\\";s:15:\\"complain_status\\";s:8:\\"TINDAKAN\\";s:18:\\"complain_status_id\\";i:2;s:7:\\"unit_id\\";s:19:\\"nargis@zakat.com.my\\";s:22:\\"complain_action_coment\\";s:11:\\"tak selesai\\";s:12:\\"user_comment\\";s:0:\\"\\";}s:14:\\"complain_email\\";s:19:\\"nargis@zakat.com.my\\";s:13:\\"complain_name\\";s:13:\\"Nargis Ismail\\";s:9:\\"action_id\\";s:19:\\"nargis@zakat.com.my\\";}s:7:\\"binding\\";N;s:5:\\"scope\\";s:33:\\"App\\\\Listeners\\\\EmailComplainVerify\\";s:8:\\"isStatic\\";b:0;}}"}}', 0, 0, NULL, 1465523515, 1465523515),
(14, 'default', '{"job":"mailer@handleQueuedMessage","data":{"view":"complains.email.complain_user_verify_no","data":{"complain_id":15669,"complain_name":"RUSDI SENIK","complain_email":"rusdi@zakat.com.my","complain_detail":"dddddd","complain_status":"TINDAKAN","complain_status_id":2,"unit_id":"rusdi@zakat.com.my","complain_action_coment":"kkkkdfdfds ","user_comment":"tbelum selesai"},"callback":"C:32:\\"SuperClosure\\\\SerializableClosure\\":855:{a:5:{s:4:\\"code\\";s:223:\\"function ($message) use($data, $complain_email, $complain_name, $action_id) {\\n    $message->from($complain_email, $complain_name);\\n    $message->to($action_id, \'staf Terlibat\')->subject(\'Aduan Tidak Dapat Diselesaikan\');\\n};\\";s:7:\\"context\\";a:4:{s:4:\\"data\\";a:9:{s:11:\\"complain_id\\";i:15669;s:13:\\"complain_name\\";s:11:\\"RUSDI SENIK\\";s:14:\\"complain_email\\";s:18:\\"rusdi@zakat.com.my\\";s:15:\\"complain_detail\\";s:6:\\"dddddd\\";s:15:\\"complain_status\\";s:8:\\"TINDAKAN\\";s:18:\\"complain_status_id\\";i:2;s:7:\\"unit_id\\";s:18:\\"rusdi@zakat.com.my\\";s:22:\\"complain_action_coment\\";s:11:\\"kkkkdfdfds \\";s:12:\\"user_comment\\";s:14:\\"tbelum selesai\\";}s:14:\\"complain_email\\";s:18:\\"rusdi@zakat.com.my\\";s:13:\\"complain_name\\";s:11:\\"RUSDI SENIK\\";s:9:\\"action_id\\";s:19:\\"fidaus@zakat.com.my\\";}s:7:\\"binding\\";N;s:5:\\"scope\\";s:33:\\"App\\\\Listeners\\\\EmailComplainVerify\\";s:8:\\"isStatic\\";b:0;}}"}}', 0, 0, NULL, 1465523812, 1465523812),
(15, 'default', '{"job":"mailer@handleQueuedMessage","data":{"view":"complains.email.complain_staff_action","data":{"complain_id":15669,"complain_name":"RUSDI SENIK","complain_email":"rusdi@zakat.com.my","complain_detail":"dddddd","complain_status":"SAHKAN (P)","complain_status_id":"3","ketua_unit":"norman@zakat.com.my","complain_action_coment":"kkkkdfdfds "},"callback":"C:32:\\"SuperClosure\\\\SerializableClosure\\":815:{a:5:{s:4:\\"code\\";s:216:\\"function ($message) use($data, $complain_email, $complain_name, $action_id) {\\n    $message->from($action_id, \'Staff Berkenaan\');\\n    $message->to($complain_email, $complain_name)->subject(\'Aduan sedang diproses\');\\n};\\";s:7:\\"context\\";a:4:{s:4:\\"data\\";a:8:{s:11:\\"complain_id\\";i:15669;s:13:\\"complain_name\\";s:11:\\"RUSDI SENIK\\";s:14:\\"complain_email\\";s:18:\\"rusdi@zakat.com.my\\";s:15:\\"complain_detail\\";s:6:\\"dddddd\\";s:15:\\"complain_status\\";s:10:\\"SAHKAN (P)\\";s:18:\\"complain_status_id\\";s:1:\\"3\\";s:10:\\"ketua_unit\\";s:19:\\"norman@zakat.com.my\\";s:22:\\"complain_action_coment\\";s:11:\\"kkkkdfdfds \\";}s:14:\\"complain_email\\";s:18:\\"rusdi@zakat.com.my\\";s:13:\\"complain_name\\";s:11:\\"RUSDI SENIK\\";s:9:\\"action_id\\";s:19:\\"fidaus@zakat.com.my\\";}s:7:\\"binding\\";N;s:5:\\"scope\\";s:30:\\"App\\\\Listeners\\\\EmailStaffAction\\";s:8:\\"isStatic\\";b:0;}}"}}', 0, 0, NULL, 1465524275, 1465524275),
(16, 'default', '{"job":"mailer@handleQueuedMessage","data":{"view":"complains.email.complain_user_verify_no","data":{"complain_id":15669,"complain_name":"RUSDI SENIK","complain_email":"rusdi@zakat.com.my","complain_detail":"dddddd","complain_status":"TINDAKAN","complain_status_id":2,"unit_id":"rusdi@zakat.com.my","complain_action_coment":"kkkkdfdfds ","user_comment":"ffff"},"callback":"C:32:\\"SuperClosure\\\\SerializableClosure\\":844:{a:5:{s:4:\\"code\\";s:223:\\"function ($message) use($data, $complain_email, $complain_name, $action_id) {\\n    $message->from($complain_email, $complain_name);\\n    $message->to($action_id, \'staf Terlibat\')->subject(\'Aduan Tidak Dapat Diselesaikan\');\\n};\\";s:7:\\"context\\";a:4:{s:4:\\"data\\";a:9:{s:11:\\"complain_id\\";i:15669;s:13:\\"complain_name\\";s:11:\\"RUSDI SENIK\\";s:14:\\"complain_email\\";s:18:\\"rusdi@zakat.com.my\\";s:15:\\"complain_detail\\";s:6:\\"dddddd\\";s:15:\\"complain_status\\";s:8:\\"TINDAKAN\\";s:18:\\"complain_status_id\\";i:2;s:7:\\"unit_id\\";s:18:\\"rusdi@zakat.com.my\\";s:22:\\"complain_action_coment\\";s:11:\\"kkkkdfdfds \\";s:12:\\"user_comment\\";s:4:\\"ffff\\";}s:14:\\"complain_email\\";s:18:\\"rusdi@zakat.com.my\\";s:13:\\"complain_name\\";s:11:\\"RUSDI SENIK\\";s:9:\\"action_id\\";s:19:\\"fidaus@zakat.com.my\\";}s:7:\\"binding\\";N;s:5:\\"scope\\";s:33:\\"App\\\\Listeners\\\\EmailComplainVerify\\";s:8:\\"isStatic\\";b:0;}}"}}', 0, 0, NULL, 1465524388, 1465524388),
(17, 'default', '{"job":"mailer@handleQueuedMessage","data":{"view":"complains.email.complain_staff_action","data":{"complain_id":15669,"complain_name":"RUSDI SENIK","complain_email":"rusdi@zakat.com.my","complain_detail":"dddddd","complain_status":"SAHKAN (P)","complain_status_id":"3","ketua_unit":"norman@zakat.com.my","complain_action_coment":"kkkkdfdfds "},"callback":"C:32:\\"SuperClosure\\\\SerializableClosure\\":815:{a:5:{s:4:\\"code\\";s:216:\\"function ($message) use($data, $complain_email, $complain_name, $action_id) {\\n    $message->from($action_id, \'Staff Berkenaan\');\\n    $message->to($complain_email, $complain_name)->subject(\'Aduan sedang diproses\');\\n};\\";s:7:\\"context\\";a:4:{s:4:\\"data\\";a:8:{s:11:\\"complain_id\\";i:15669;s:13:\\"complain_name\\";s:11:\\"RUSDI SENIK\\";s:14:\\"complain_email\\";s:18:\\"rusdi@zakat.com.my\\";s:15:\\"complain_detail\\";s:6:\\"dddddd\\";s:15:\\"complain_status\\";s:10:\\"SAHKAN (P)\\";s:18:\\"complain_status_id\\";s:1:\\"3\\";s:10:\\"ketua_unit\\";s:19:\\"norman@zakat.com.my\\";s:22:\\"complain_action_coment\\";s:11:\\"kkkkdfdfds \\";}s:14:\\"complain_email\\";s:18:\\"rusdi@zakat.com.my\\";s:13:\\"complain_name\\";s:11:\\"RUSDI SENIK\\";s:9:\\"action_id\\";s:19:\\"fidaus@zakat.com.my\\";}s:7:\\"binding\\";N;s:5:\\"scope\\";s:30:\\"App\\\\Listeners\\\\EmailStaffAction\\";s:8:\\"isStatic\\";b:0;}}"}}', 0, 0, NULL, 1465524422, 1465524422),
(18, 'default', '{"job":"mailer@handleQueuedMessage","data":{"view":"complains.email.complain_user_verify_no","data":{"complain_id":15669,"complain_name":"RUSDI SENIK","complain_email":"rusdi@zakat.com.my","complain_detail":"dddddd","complain_status":"TINDAKAN","complain_status_id":2,"unit_id":"rusdi@zakat.com.my","complain_action_coment":"kkkkdfdfds ","user_comment":"sss"},"callback":"C:32:\\"SuperClosure\\\\SerializableClosure\\":843:{a:5:{s:4:\\"code\\";s:223:\\"function ($message) use($data, $complain_email, $complain_name, $action_id) {\\n    $message->from($complain_email, $complain_name);\\n    $message->to($action_id, \'staf Terlibat\')->subject(\'Aduan Tidak Dapat Diselesaikan\');\\n};\\";s:7:\\"context\\";a:4:{s:4:\\"data\\";a:9:{s:11:\\"complain_id\\";i:15669;s:13:\\"complain_name\\";s:11:\\"RUSDI SENIK\\";s:14:\\"complain_email\\";s:18:\\"rusdi@zakat.com.my\\";s:15:\\"complain_detail\\";s:6:\\"dddddd\\";s:15:\\"complain_status\\";s:8:\\"TINDAKAN\\";s:18:\\"complain_status_id\\";i:2;s:7:\\"unit_id\\";s:18:\\"rusdi@zakat.com.my\\";s:22:\\"complain_action_coment\\";s:11:\\"kkkkdfdfds \\";s:12:\\"user_comment\\";s:3:\\"sss\\";}s:14:\\"complain_email\\";s:18:\\"rusdi@zakat.com.my\\";s:13:\\"complain_name\\";s:11:\\"RUSDI SENIK\\";s:9:\\"action_id\\";s:19:\\"fidaus@zakat.com.my\\";}s:7:\\"binding\\";N;s:5:\\"scope\\";s:33:\\"App\\\\Listeners\\\\EmailComplainVerify\\";s:8:\\"isStatic\\";b:0;}}"}}', 0, 0, NULL, 1465524924, 1465524924),
(19, 'default', '{"job":"mailer@handleQueuedMessage","data":{"view":"complains.email.complain_staff_action","data":{"complain_id":15669,"complain_name":"RUSDI SENIK","complain_email":"rusdi@zakat.com.my","complain_detail":"dddddd","complain_status":"TINDAKAN","complain_status_id":"2","ketua_unit":"norman@zakat.com.my","complain_action_coment":"kkkkdfdfds "},"callback":"C:32:\\"SuperClosure\\\\SerializableClosure\\":812:{a:5:{s:4:\\"code\\";s:216:\\"function ($message) use($data, $complain_email, $complain_name, $action_id) {\\n    $message->from($action_id, \'Staff Berkenaan\');\\n    $message->to($complain_email, $complain_name)->subject(\'Aduan sedang diproses\');\\n};\\";s:7:\\"context\\";a:4:{s:4:\\"data\\";a:8:{s:11:\\"complain_id\\";i:15669;s:13:\\"complain_name\\";s:11:\\"RUSDI SENIK\\";s:14:\\"complain_email\\";s:18:\\"rusdi@zakat.com.my\\";s:15:\\"complain_detail\\";s:6:\\"dddddd\\";s:15:\\"complain_status\\";s:8:\\"TINDAKAN\\";s:18:\\"complain_status_id\\";s:1:\\"2\\";s:10:\\"ketua_unit\\";s:19:\\"norman@zakat.com.my\\";s:22:\\"complain_action_coment\\";s:11:\\"kkkkdfdfds \\";}s:14:\\"complain_email\\";s:18:\\"rusdi@zakat.com.my\\";s:13:\\"complain_name\\";s:11:\\"RUSDI SENIK\\";s:9:\\"action_id\\";s:19:\\"fidaus@zakat.com.my\\";}s:7:\\"binding\\";N;s:5:\\"scope\\";s:30:\\"App\\\\Listeners\\\\EmailStaffAction\\";s:8:\\"isStatic\\";b:0;}}"}}', 0, 0, NULL, 1465524939, 1465524939),
(20, 'default', '{"job":"mailer@handleQueuedMessage","data":{"view":"complains.email.complain_staff_action","data":{"complain_id":15669,"complain_name":"RUSDI SENIK","complain_email":"rusdi@zakat.com.my","complain_detail":"dddddd","complain_status":"SAHKAN (P)","complain_status_id":"3","ketua_unit":"norman@zakat.com.my","complain_action_coment":"kkkkdfdfds "},"callback":"C:32:\\"SuperClosure\\\\SerializableClosure\\":815:{a:5:{s:4:\\"code\\";s:216:\\"function ($message) use($data, $complain_email, $complain_name, $action_id) {\\n    $message->from($action_id, \'Staff Berkenaan\');\\n    $message->to($complain_email, $complain_name)->subject(\'Aduan sedang diproses\');\\n};\\";s:7:\\"context\\";a:4:{s:4:\\"data\\";a:8:{s:11:\\"complain_id\\";i:15669;s:13:\\"complain_name\\";s:11:\\"RUSDI SENIK\\";s:14:\\"complain_email\\";s:18:\\"rusdi@zakat.com.my\\";s:15:\\"complain_detail\\";s:6:\\"dddddd\\";s:15:\\"complain_status\\";s:10:\\"SAHKAN (P)\\";s:18:\\"complain_status_id\\";s:1:\\"3\\";s:10:\\"ketua_unit\\";s:19:\\"norman@zakat.com.my\\";s:22:\\"complain_action_coment\\";s:11:\\"kkkkdfdfds \\";}s:14:\\"complain_email\\";s:18:\\"rusdi@zakat.com.my\\";s:13:\\"complain_name\\";s:11:\\"RUSDI SENIK\\";s:9:\\"action_id\\";s:19:\\"fidaus@zakat.com.my\\";}s:7:\\"binding\\";N;s:5:\\"scope\\";s:30:\\"App\\\\Listeners\\\\EmailStaffAction\\";s:8:\\"isStatic\\";b:0;}}"}}', 0, 0, NULL, 1465524948, 1465524948),
(21, 'default', '{"job":"mailer@handleQueuedMessage","data":{"view":"complains.email.complain_created","data":{"complain_id":15671,"complain_name":"RUSDI SENIK","complain_email":"rusdi@zakat.com.my","complain_detail":"helpdesk buat","complain_status":"BARU"},"callback":"C:32:\\"SuperClosure\\\\SerializableClosure\\":698:{a:5:{s:4:\\"code\\";s:212:\\"function ($message) use($data, $complain_email, $complain_name, $helpdesk_email) {\\n    $message->from($complain_email, $complain_name);\\n    $message->to($helpdesk_email, \'ICT Helpdesk\')->subject(\'Aduan Baru\');\\n};\\";s:7:\\"context\\";a:4:{s:4:\\"data\\";a:5:{s:11:\\"complain_id\\";i:15671;s:13:\\"complain_name\\";s:11:\\"RUSDI SENIK\\";s:14:\\"complain_email\\";s:18:\\"rusdi@zakat.com.my\\";s:15:\\"complain_detail\\";s:13:\\"helpdesk buat\\";s:15:\\"complain_status\\";s:4:\\"BARU\\";}s:14:\\"complain_email\\";s:18:\\"rusdi@zakat.com.my\\";s:13:\\"complain_name\\";s:11:\\"RUSDI SENIK\\";s:14:\\"helpdesk_email\\";s:23:\\"hafizullah@zakat.com.my\\";}s:7:\\"binding\\";N;s:5:\\"scope\\";s:34:\\"App\\\\Listeners\\\\EmailComplainCreated\\";s:8:\\"isStatic\\";b:0;}}"}}', 0, 0, NULL, 1465526925, 1465526925),
(22, 'default', '{"job":"mailer@handleQueuedMessage","data":{"view":"complains.email.complain_helpdesk_action","data":{"complain_id":15671,"complain_name":"RUSDI SENIK","complain_email":"rusdi@zakat.com.my","complain_detail":"helpdesk buat","complain_status":"SAHKAN (P)","complain_status_id":"3","ketua_unit":"norman@zakat.com.my","complain_action_coment":"dsdfdsf"},"callback":"C:32:\\"SuperClosure\\\\SerializableClosure\\":846:{a:5:{s:4:\\"code\\";s:223:\\"function ($message) use($data, $complain_email, $complain_name, $helpdesk_email) {\\n    $message->from($helpdesk_email, \'ICT Helpdesk\');\\n    $message->to($complain_email, $complain_name)->subject(\'Aduan sedang diproses\');\\n};\\";s:7:\\"context\\";a:4:{s:4:\\"data\\";a:8:{s:11:\\"complain_id\\";i:15671;s:13:\\"complain_name\\";s:11:\\"RUSDI SENIK\\";s:14:\\"complain_email\\";s:18:\\"rusdi@zakat.com.my\\";s:15:\\"complain_detail\\";s:13:\\"helpdesk buat\\";s:15:\\"complain_status\\";s:10:\\"SAHKAN (P)\\";s:18:\\"complain_status_id\\";s:1:\\"3\\";s:10:\\"ketua_unit\\";s:19:\\"norman@zakat.com.my\\";s:22:\\"complain_action_coment\\";s:7:\\"dsdfdsf\\";}s:14:\\"complain_email\\";s:18:\\"rusdi@zakat.com.my\\";s:13:\\"complain_name\\";s:11:\\"RUSDI SENIK\\";s:14:\\"helpdesk_email\\";s:23:\\"hafizullah@zakat.com.my\\";}s:7:\\"binding\\";N;s:5:\\"scope\\";s:41:\\"App\\\\Listeners\\\\EmailComplainHelpdeskAction\\";s:8:\\"isStatic\\";b:0;}}"}}', 0, 0, NULL, 1465526997, 1465526997),
(23, 'default', '{"job":"mailer@handleQueuedMessage","data":{"view":"complains.email.complain_user_verify_no","data":{"complain_id":15671,"complain_name":"RUSDI SENIK","complain_email":"rusdi@zakat.com.my","complain_detail":"helpdesk buat","complain_status":"TINDAKAN","complain_status_id":2,"unit_id":"rusdi@zakat.com.my","complain_action_coment":"dsdfdsf","user_comment":"ddd"},"callback":"C:32:\\"SuperClosure\\\\SerializableClosure\\":846:{a:5:{s:4:\\"code\\";s:223:\\"function ($message) use($data, $complain_email, $complain_name, $action_id) {\\n    $message->from($complain_email, $complain_name);\\n    $message->to($action_id, \'staf Terlibat\')->subject(\'Aduan Tidak Dapat Diselesaikan\');\\n};\\";s:7:\\"context\\";a:4:{s:4:\\"data\\";a:9:{s:11:\\"complain_id\\";i:15671;s:13:\\"complain_name\\";s:11:\\"RUSDI SENIK\\";s:14:\\"complain_email\\";s:18:\\"rusdi@zakat.com.my\\";s:15:\\"complain_detail\\";s:13:\\"helpdesk buat\\";s:15:\\"complain_status\\";s:8:\\"TINDAKAN\\";s:18:\\"complain_status_id\\";i:2;s:7:\\"unit_id\\";s:18:\\"rusdi@zakat.com.my\\";s:22:\\"complain_action_coment\\";s:7:\\"dsdfdsf\\";s:12:\\"user_comment\\";s:3:\\"ddd\\";}s:14:\\"complain_email\\";s:18:\\"rusdi@zakat.com.my\\";s:13:\\"complain_name\\";s:11:\\"RUSDI SENIK\\";s:9:\\"action_id\\";s:19:\\"nargis@zakat.com.my\\";}s:7:\\"binding\\";N;s:5:\\"scope\\";s:33:\\"App\\\\Listeners\\\\EmailComplainVerify\\";s:8:\\"isStatic\\";b:0;}}"}}', 0, 0, NULL, 1465527040, 1465527040),
(24, 'default', '{"job":"mailer@handleQueuedMessage","data":{"view":"complains.email.complain_created","data":{"complain_id":15672,"complain_name":"RUSDI SENIK","complain_email":"rusdi@zakat.com.my","complain_detail":"test email printer rosak","complain_status":"BARU"},"callback":"C:32:\\"SuperClosure\\\\SerializableClosure\\":709:{a:5:{s:4:\\"code\\";s:212:\\"function ($message) use($data, $complain_email, $complain_name, $helpdesk_email) {\\n    $message->from($complain_email, $complain_name);\\n    $message->to($helpdesk_email, \'ICT Helpdesk\')->subject(\'Aduan Baru\');\\n};\\";s:7:\\"context\\";a:4:{s:4:\\"data\\";a:5:{s:11:\\"complain_id\\";i:15672;s:13:\\"complain_name\\";s:11:\\"RUSDI SENIK\\";s:14:\\"complain_email\\";s:18:\\"rusdi@zakat.com.my\\";s:15:\\"complain_detail\\";s:24:\\"test email printer rosak\\";s:15:\\"complain_status\\";s:4:\\"BARU\\";}s:14:\\"complain_email\\";s:18:\\"rusdi@zakat.com.my\\";s:13:\\"complain_name\\";s:11:\\"RUSDI SENIK\\";s:14:\\"helpdesk_email\\";s:23:\\"hafizullah@zakat.com.my\\";}s:7:\\"binding\\";N;s:5:\\"scope\\";s:34:\\"App\\\\Listeners\\\\EmailComplainCreated\\";s:8:\\"isStatic\\";b:0;}}"}}', 0, 0, NULL, 1465544850, 1465544850),
(25, 'default', '{"job":"mailer@handleQueuedMessage","data":{"view":"complains.email.complain_created","data":{"complain_id":15673,"complain_name":"RUSDI SENIK","complain_email":"rusdi@zakat.com.my","complain_detail":"0196745062","complain_status":"BARU"},"callback":"C:32:\\"SuperClosure\\\\SerializableClosure\\":695:{a:5:{s:4:\\"code\\";s:212:\\"function ($message) use($data, $complain_email, $complain_name, $helpdesk_email) {\\n    $message->from($complain_email, $complain_name);\\n    $message->to($helpdesk_email, \'ICT Helpdesk\')->subject(\'Aduan Baru\');\\n};\\";s:7:\\"context\\";a:4:{s:4:\\"data\\";a:5:{s:11:\\"complain_id\\";i:15673;s:13:\\"complain_name\\";s:11:\\"RUSDI SENIK\\";s:14:\\"complain_email\\";s:18:\\"rusdi@zakat.com.my\\";s:15:\\"complain_detail\\";s:10:\\"0196745062\\";s:15:\\"complain_status\\";s:4:\\"BARU\\";}s:14:\\"complain_email\\";s:18:\\"rusdi@zakat.com.my\\";s:13:\\"complain_name\\";s:11:\\"RUSDI SENIK\\";s:14:\\"helpdesk_email\\";s:23:\\"hafizullah@zakat.com.my\\";}s:7:\\"binding\\";N;s:5:\\"scope\\";s:34:\\"App\\\\Listeners\\\\EmailComplainCreated\\";s:8:\\"isStatic\\";b:0;}}"}}', 0, 0, NULL, 1465545591, 1465545591),
(26, 'default', '{"job":"mailer@handleQueuedMessage","data":{"view":"complains.email.complain_created","data":{"complain_id":15674,"complain_name":"RUSDI SENIK","complain_email":"rusdi@zakat.com.my","complain_detail":"Testing function complain","complain_status":"BARU"},"callback":"C:32:\\"SuperClosure\\\\SerializableClosure\\":710:{a:5:{s:4:\\"code\\";s:212:\\"function ($message) use($data, $complain_email, $complain_name, $helpdesk_email) {\\n    $message->from($complain_email, $complain_name);\\n    $message->to($helpdesk_email, \'ICT Helpdesk\')->subject(\'Aduan Baru\');\\n};\\";s:7:\\"context\\";a:4:{s:4:\\"data\\";a:5:{s:11:\\"complain_id\\";i:15674;s:13:\\"complain_name\\";s:11:\\"RUSDI SENIK\\";s:14:\\"complain_email\\";s:18:\\"rusdi@zakat.com.my\\";s:15:\\"complain_detail\\";s:25:\\"Testing function complain\\";s:15:\\"complain_status\\";s:4:\\"BARU\\";}s:14:\\"complain_email\\";s:18:\\"rusdi@zakat.com.my\\";s:13:\\"complain_name\\";s:11:\\"RUSDI SENIK\\";s:14:\\"helpdesk_email\\";s:23:\\"hafizullah@zakat.com.my\\";}s:7:\\"binding\\";N;s:5:\\"scope\\";s:34:\\"App\\\\Listeners\\\\EmailComplainCreated\\";s:8:\\"isStatic\\";b:0;}}"}}', 0, 0, NULL, 1465870375, 1465870375),
(27, 'default', '{"job":"mailer@handleQueuedMessage","data":{"view":"complains.email.complain_created","data":{"complain_id":15675,"complain_name":"RUSDI SENIK","complain_email":"rusdi@zakat.com.my","complain_detail":"Testing function complain","complain_status":"BARU"},"callback":"C:32:\\"SuperClosure\\\\SerializableClosure\\":710:{a:5:{s:4:\\"code\\";s:212:\\"function ($message) use($data, $complain_email, $complain_name, $helpdesk_email) {\\n    $message->from($complain_email, $complain_name);\\n    $message->to($helpdesk_email, \'ICT Helpdesk\')->subject(\'Aduan Baru\');\\n};\\";s:7:\\"context\\";a:4:{s:4:\\"data\\";a:5:{s:11:\\"complain_id\\";i:15675;s:13:\\"complain_name\\";s:11:\\"RUSDI SENIK\\";s:14:\\"complain_email\\";s:18:\\"rusdi@zakat.com.my\\";s:15:\\"complain_detail\\";s:25:\\"Testing function complain\\";s:15:\\"complain_status\\";s:4:\\"BARU\\";}s:14:\\"complain_email\\";s:18:\\"rusdi@zakat.com.my\\";s:13:\\"complain_name\\";s:11:\\"RUSDI SENIK\\";s:14:\\"helpdesk_email\\";s:23:\\"hafizullah@zakat.com.my\\";}s:7:\\"binding\\";N;s:5:\\"scope\\";s:34:\\"App\\\\Listeners\\\\EmailComplainCreated\\";s:8:\\"isStatic\\";b:0;}}"}}', 0, 0, NULL, 1465870617, 1465870617),
(28, 'default', '{"job":"mailer@handleQueuedMessage","data":{"view":"complains.email.complain_created","data":{"complain_id":15676,"complain_name":"RUSDI SENIK","complain_email":"rusdi@zakat.com.my","complain_detail":"Testing function complain","complain_status":"BARU"},"callback":"C:32:\\"SuperClosure\\\\SerializableClosure\\":710:{a:5:{s:4:\\"code\\";s:212:\\"function ($message) use($data, $complain_email, $complain_name, $helpdesk_email) {\\n    $message->from($complain_email, $complain_name);\\n    $message->to($helpdesk_email, \'ICT Helpdesk\')->subject(\'Aduan Baru\');\\n};\\";s:7:\\"context\\";a:4:{s:4:\\"data\\";a:5:{s:11:\\"complain_id\\";i:15676;s:13:\\"complain_name\\";s:11:\\"RUSDI SENIK\\";s:14:\\"complain_email\\";s:18:\\"rusdi@zakat.com.my\\";s:15:\\"complain_detail\\";s:25:\\"Testing function complain\\";s:15:\\"complain_status\\";s:4:\\"BARU\\";}s:14:\\"complain_email\\";s:18:\\"rusdi@zakat.com.my\\";s:13:\\"complain_name\\";s:11:\\"RUSDI SENIK\\";s:14:\\"helpdesk_email\\";s:23:\\"hafizullah@zakat.com.my\\";}s:7:\\"binding\\";N;s:5:\\"scope\\";s:34:\\"App\\\\Listeners\\\\EmailComplainCreated\\";s:8:\\"isStatic\\";b:0;}}"}}', 0, 0, NULL, 1465870644, 1465870644),
(29, 'default', '{"job":"mailer@handleQueuedMessage","data":{"view":"complains.email.complain_created","data":{"complain_id":15680,"complain_name":"RUSDI SENIK","complain_email":"rusdi@zakat.com.my","complain_detail":"zzzz","complain_status":"BARU"},"callback":"C:32:\\"SuperClosure\\\\SerializableClosure\\":688:{a:5:{s:4:\\"code\\";s:212:\\"function ($message) use($data, $complain_email, $complain_name, $helpdesk_email) {\\n    $message->from($complain_email, $complain_name);\\n    $message->to($helpdesk_email, \'ICT Helpdesk\')->subject(\'Aduan Baru\');\\n};\\";s:7:\\"context\\";a:4:{s:4:\\"data\\";a:5:{s:11:\\"complain_id\\";i:15680;s:13:\\"complain_name\\";s:11:\\"RUSDI SENIK\\";s:14:\\"complain_email\\";s:18:\\"rusdi@zakat.com.my\\";s:15:\\"complain_detail\\";s:4:\\"zzzz\\";s:15:\\"complain_status\\";s:4:\\"BARU\\";}s:14:\\"complain_email\\";s:18:\\"rusdi@zakat.com.my\\";s:13:\\"complain_name\\";s:11:\\"RUSDI SENIK\\";s:14:\\"helpdesk_email\\";s:23:\\"hafizullah@zakat.com.my\\";}s:7:\\"binding\\";N;s:5:\\"scope\\";s:34:\\"App\\\\Listeners\\\\EmailComplainCreated\\";s:8:\\"isStatic\\";b:0;}}"}}', 0, 0, NULL, 1465877091, 1465877091),
(30, 'default', '{"job":"mailer@handleQueuedMessage","data":{"view":"complains.email.complain_created","data":{"complain_id":15687,"complain_name":"RUSDI SENIK","complain_email":"rusdi@zakat.com.my","complain_detail":"huruf besar","complain_status":"BARU"},"callback":"C:32:\\"SuperClosure\\\\SerializableClosure\\":696:{a:5:{s:4:\\"code\\";s:212:\\"function ($message) use($data, $complain_email, $complain_name, $helpdesk_email) {\\n    $message->from($complain_email, $complain_name);\\n    $message->to($helpdesk_email, \'ICT Helpdesk\')->subject(\'Aduan Baru\');\\n};\\";s:7:\\"context\\";a:4:{s:4:\\"data\\";a:5:{s:11:\\"complain_id\\";i:15687;s:13:\\"complain_name\\";s:11:\\"RUSDI SENIK\\";s:14:\\"complain_email\\";s:18:\\"rusdi@zakat.com.my\\";s:15:\\"complain_detail\\";s:11:\\"huruf besar\\";s:15:\\"complain_status\\";s:4:\\"BARU\\";}s:14:\\"complain_email\\";s:18:\\"rusdi@zakat.com.my\\";s:13:\\"complain_name\\";s:11:\\"RUSDI SENIK\\";s:14:\\"helpdesk_email\\";s:23:\\"hafizullah@zakat.com.my\\";}s:7:\\"binding\\";N;s:5:\\"scope\\";s:34:\\"App\\\\Listeners\\\\EmailComplainCreated\\";s:8:\\"isStatic\\";b:0;}}"}}', 0, 0, NULL, 1465887163, 1465887163);

-- --------------------------------------------------------

--
-- Table structure for table `migrations`
--

CREATE TABLE `migrations` (
  `migration` varchar(255) COLLATE utf8_unicode_ci NOT NULL,
  `batch` int(11) NOT NULL
) ENGINE=InnoDB DEFAULT CHARSET=utf8 COLLATE=utf8_unicode_ci;

--
-- Dumping data for table `migrations`
--

INSERT INTO `migrations` (`migration`, `batch`) VALUES
('2014_10_12_000000_create_users_table', 1),
('2014_10_12_100000_create_password_resets_table', 1),
('2016_05_25_013030_create_complain_statuses_table', 2),
('2016_05_25_022944_create_complain_actions_table', 2),
('2016_05_25_024142_create_complains_table', 2),
('2016_05_25_024631_create_complain_sources_table', 2),
('2016_05_25_025033_create_complain_levels_table', 2),
('2016_05_25_025134_create_complain_categories_table', 2),
('2016_05_25_025732_create_complain_attachments_table', 2),
('2016_05_26_012103_create_assets_locations_table', 3),
('2016_05_26_023131_create_branches_table', 4),
('2016_05_30_014725_entrust_setup_tables', 5),
('2016_05_30_012809_create_assets_table', 6),
('2016_05_30_075028_create_sph_kod_lokasis_table', 6),
('2016_06_01_084446_create_spsm_kod_units_table', 7),
('2016_06_08_031705_create_jobs_table', 8);

-- --------------------------------------------------------

--
-- Table structure for table `password_resets`
--

CREATE TABLE `password_resets` (
  `email` varchar(255) COLLATE utf8_unicode_ci NOT NULL,
  `token` varchar(255) COLLATE utf8_unicode_ci NOT NULL,
  `created_at` timestamp NOT NULL DEFAULT CURRENT_TIMESTAMP ON UPDATE CURRENT_TIMESTAMP
) ENGINE=InnoDB DEFAULT CHARSET=utf8 COLLATE=utf8_unicode_ci;

-- --------------------------------------------------------

--
-- Table structure for table `permissions`
--

CREATE TABLE `permissions` (
  `id` int(10) UNSIGNED NOT NULL,
  `name` varchar(255) COLLATE utf8_unicode_ci NOT NULL,
  `display_name` varchar(255) COLLATE utf8_unicode_ci DEFAULT NULL,
  `description` varchar(255) COLLATE utf8_unicode_ci DEFAULT NULL,
  `created_at` timestamp NULL DEFAULT NULL,
  `updated_at` timestamp NULL DEFAULT NULL
) ENGINE=InnoDB DEFAULT CHARSET=utf8 COLLATE=utf8_unicode_ci;

--
-- Dumping data for table `permissions`
--

INSERT INTO `permissions` (`id`, `name`, `display_name`, `description`, `created_at`, `updated_at`) VALUES
(1, 'create_complain', 'Create Complain', NULL, '2016-05-29 19:05:58', '2016-06-13 15:03:41'),
(2, 'edit_user', 'Edit User', NULL, '2016-05-29 19:06:11', '2016-05-29 19:06:11'),
(3, 'delete_user', 'Delete User', NULL, '2016-05-29 19:07:08', '2016-05-29 19:07:08'),
(4, 'create_user', 'Create Users', NULL, '2016-05-29 19:07:37', '2016-05-29 19:07:37'),
(5, 'create_role', 'Create Role', NULL, '2016-05-29 19:07:52', '2016-05-29 19:07:52'),
(6, 'edit_role', 'Edit Role', NULL, '2016-05-29 19:09:30', '2016-05-29 19:09:30'),
(7, 'delete_role', 'Delete Role', NULL, '2016-05-29 19:10:30', '2016-05-29 19:10:30'),
(8, 'create_permission', 'Create Permission', NULL, '2016-05-29 19:11:14', '2016-05-29 19:11:14'),
(9, 'edit_permission', 'Edit Permission', NULL, '2016-05-29 19:11:33', '2016-05-29 19:11:33'),
(10, 'delete_permission', 'Delete Permission', NULL, '2016-05-29 19:11:54', '2016-05-29 19:11:54'),
(11, 'edit_complain', 'Edit Complain', NULL, '2016-05-29 19:12:26', '2016-05-29 19:12:26'),
(12, 'delete_complain', 'Delete Complain', NULL, '2016-05-29 19:12:48', '2016-05-29 19:12:48'),
(13, 'manage_users', 'Manage Users', NULL, '2016-05-29 22:17:10', '2016-05-29 22:17:10'),
(14, 'manage_roles', 'Manage Roles', NULL, '2016-05-29 22:17:48', '2016-05-29 22:17:48'),
(15, 'manage_permissions', 'Manage Permissions', NULL, '2016-05-29 22:18:10', '2016-05-29 22:18:10'),
(16, 'manage_complains', 'Manage Complains', NULL, '2016-05-29 22:39:01', '2016-05-29 22:39:01'),
(17, 'assign_complain', 'Assign Complain', NULL, '2016-05-29 22:40:07', '2016-05-29 22:40:07'),
(18, 'verify_complain', 'Verify Complain', NULL, '2016-05-29 22:40:44', '2016-05-29 22:40:44'),
(19, 'action_complain', 'Action Complain', NULL, '2016-05-29 22:41:04', '2016-05-29 22:41:04'),
(20, 'close_complain', 'Close Complain', NULL, '2016-05-29 22:41:43', '2016-05-29 22:41:43'),
(21, 'technical_action', 'Technical Action', NULL, '2016-06-02 17:02:40', '2016-06-02 17:19:53'),
(22, 'statistic_chart', 'Statistic Report Chart', NULL, '2016-06-07 18:43:37', '2016-06-07 18:43:37'),
(23, 'statistic_table', 'Statistic Report Table', NULL, '2016-06-07 18:44:01', '2016-06-07 19:18:29'),
(24, 'report_menu', 'Report Menu', NULL, '2016-06-07 19:05:37', '2016-06-07 19:05:37'),
(25, 'assign_technical_staff', 'Assign Tecnical Staff', NULL, '2016-06-13 02:49:20', '2016-06-13 02:49:20');

-- --------------------------------------------------------

--
-- Table structure for table `permission_role`
--

CREATE TABLE `permission_role` (
  `permission_id` int(10) UNSIGNED NOT NULL,
  `role_id` int(10) UNSIGNED NOT NULL
) ENGINE=InnoDB DEFAULT CHARSET=utf8 COLLATE=utf8_unicode_ci;

--
-- Dumping data for table `permission_role`
--

INSERT INTO `permission_role` (`permission_id`, `role_id`) VALUES
(1, 2),
(1, 3),
(1, 5),
(2, 1),
(3, 1),
(4, 1),
(5, 1),
(6, 1),
(7, 1),
(8, 1),
(9, 1),
(10, 1),
(11, 2),
(11, 3),
(11, 5),
(12, 3),
(13, 1),
(14, 1),
(15, 1),
(17, 3),
(17, 4),
(18, 2),
(18, 5),
(19, 3),
(20, 3),
(21, 5),
(22, 2),
(23, 2),
(24, 2),
(25, 4);

-- --------------------------------------------------------

--
-- Table structure for table `roles`
--

CREATE TABLE `roles` (
  `id` int(10) UNSIGNED NOT NULL,
  `name` varchar(255) COLLATE utf8_unicode_ci NOT NULL,
  `display_name` varchar(255) COLLATE utf8_unicode_ci DEFAULT NULL,
  `description` varchar(255) COLLATE utf8_unicode_ci DEFAULT NULL,
  `created_at` timestamp NULL DEFAULT NULL,
  `updated_at` timestamp NULL DEFAULT NULL
) ENGINE=InnoDB DEFAULT CHARSET=utf8 COLLATE=utf8_unicode_ci;

--
-- Dumping data for table `roles`
--

INSERT INTO `roles` (`id`, `name`, `display_name`, `description`, `created_at`, `updated_at`) VALUES
(1, 'admin', 'Administrator', NULL, '2016-05-29 19:38:50', '2016-05-29 19:38:50'),
(2, 'user', 'Pengguna', NULL, NULL, '2016-05-29 22:42:21'),
(3, 'ict_helpdesk', 'ICT Helpdesk', NULL, '2016-05-29 22:44:30', '2016-05-29 22:44:30'),
(4, 'unit_manager', 'Pengurus Unit', NULL, '2016-05-29 22:45:16', '2016-05-29 22:45:16'),
(5, 'technical_action', 'Technical', NULL, '2016-06-02 17:05:49', '2016-06-02 17:06:47');

-- --------------------------------------------------------

--
-- Table structure for table `role_user`
--

CREATE TABLE `role_user` (
  `user_id` int(10) UNSIGNED NOT NULL,
  `role_id` int(10) UNSIGNED NOT NULL
) ENGINE=InnoDB DEFAULT CHARSET=utf8 COLLATE=utf8_unicode_ci;

--
-- Dumping data for table `role_user`
--

INSERT INTO `role_user` (`user_id`, `role_id`) VALUES
(1, 1),
(2, 2),
(3, 3),
(4, 2),
(4, 4),
(5, 5),
(6, 2);

-- --------------------------------------------------------

--
-- Table structure for table `smict_aduan`
--

CREATE TABLE `smict_aduan` (
  `ADUAN_ID` int(10) NOT NULL,
  `EMP_ID_ADUAN` text,
  `TKH_ADUAN` date DEFAULT NULL,
  `MASA_ADUAN` text,
  `EMP_ID_TINDAK` text,
  `TKH_TINDAKAN` date DEFAULT NULL,
  `EMP_ID_SAH` text,
  `TKH_SAH` date DEFAULT NULL,
  `KOD_STATUS` int(10) DEFAULT NULL,
  `KOD_KATEGORI` int(10) DEFAULT NULL,
  `LOKASI_ID` int(10) DEFAULT NULL,
  `ICT_NO` int(10) DEFAULT NULL,
  `ADUAN` text,
  `TINDAKAN` text,
  `UNIT_ID_TINDAK` int(10) DEFAULT NULL,
  `MASA_TINDAKAN` text,
  `KOD_SUMBERADUAN` int(10) DEFAULT NULL,
  `KOD_JENISADUAN` int(10) DEFAULT NULL,
  `LOGIN_DAFTAR` text,
  `SBB_LEWAT` text,
  `SBB_HELPDESK_LEWAT` text,
  `TKH_ASSIGN` date DEFAULT NULL,
  `MASA_ASSIGN` text,
  `TKH_SELESAI` date DEFAULT NULL,
  `MASA_SELESAI` text,
  `CATATAN_EMP_ID_SAH` text,
  `DOKUMEN_RUJUKAN` text,
  `STATUS_SAH` int(10) DEFAULT NULL
) ENGINE=InnoDB DEFAULT CHARSET=latin1;

--
-- Dumping data for table `smict_aduan`
--

INSERT INTO `smict_aduan` (`ADUAN_ID`, `EMP_ID_ADUAN`, `TKH_ADUAN`, `MASA_ADUAN`, `EMP_ID_TINDAK`, `TKH_TINDAKAN`, `EMP_ID_SAH`, `TKH_SAH`, `KOD_STATUS`, `KOD_KATEGORI`, `LOKASI_ID`, `ICT_NO`, `ADUAN`, `TINDAKAN`, `UNIT_ID_TINDAK`, `MASA_TINDAKAN`, `KOD_SUMBERADUAN`, `KOD_JENISADUAN`, `LOGIN_DAFTAR`, `SBB_LEWAT`, `SBB_HELPDESK_LEWAT`, `TKH_ASSIGN`, `MASA_ASSIGN`, `TKH_SELESAI`, `MASA_SELESAI`, `CATATAN_EMP_ID_SAH`, `DOKUMEN_RUJUKAN`, `STATUS_SAH`) VALUES
(15051, '161', '2016-01-04', '09:05:25', '096', '2016-01-05', NULL, NULL, 2, 4, NULL, NULL, 'PENTING\r\n\r\nTAKSIRAN ZAKAT PENDAPATAN DALAM SIZA TIDAK DAPAT DILAKUKAN DI SEMUA KAUNTER\r\n\r\nMOHON PERBAIKI SECEPAT MUNGKIN...\r\n\r\n\r\nTERIMA KASIH.', '5/1/2016 NARGIS - 1) MENGAJUKAN KEPADA EN.SUHAIMI UNTUK TINDAKAN LANJU', 106, '08:46:00', NULL, NULL, NULL, NULL, NULL, NULL, NULL, NULL, NULL, NULL, NULL, NULL),
(15071, '180', '2016-01-05', '08:48:47', '231', '2016-01-05', '205       ', '2016-01-13', 3, 2, 216, 3511, 'TIDAK BOLEH AKSES MAYBANK - ERROR MESSAGE "YOUR BROWSER DOES NOT SUPPORT AJAX"', '5/1/2016 ZAMRI - \r\n1) TEST AKSES KE LAMAN WEB MAYBANK2E.NET\r\n2) USER TEST LOGIN\r\n3) USER DAPAT LOGIN\r\n4) USER KLIK YES UTK TERIMA INSTALL ACTIVEX PLUGIN\r\n5) USER LOGOUT\r\n6) USER LOGIN SEMULA\r\n7) USER DAPAT PRINT DARI SISTEM TERSEBUT\r\n8) FEEDBACK USER SETAKAT INI - OK', 106, '09:10:00', NULL, NULL, NULL, NULL, NULL, NULL, NULL, NULL, NULL, NULL, NULL, NULL),
(15072, '208', '2016-01-05', '08:57:30', '096', '2016-01-28', '205       ', '2016-02-15', 3, 10, 219, 2151, 'AKAUN PENERIMA', '28/1/2016 NARGIS - 1) PERMOHONAN TELAH DISELESAIKAN\r\n2) USER MENERIMA & MENGESAHKAN PERMOHONAN\r\n==============\r\n5/1/2016 NARGIS - 1) MELENGKAPKAN BORANG PERMOHONAN\r\n2) MENGAJUKAN KEPADA EN.SUHAIMI UNTUK TINDAKAN LANJUT', 106, '09:00:00', NULL, NULL, NULL, NULL, NULL, NULL, NULL, NULL, NULL, NULL, NULL, NULL),
(15074, '139', '2016-01-05', '09:36:13', '096', '2016-01-05', '205       ', '2016-01-05', 3, 10, 233, 3397, 'LAPORAN MAJIKAN TAHUN LEPAS YANG TAK ULANG BAYAR TAHUN INI', '5/1/2016 NARGIS - 1) MELENGKAPKAN BORANG PERMOHONAN\r\n2) MENGAJUKAN KEPADA EN.SUHAIMI UNTUK TINDAKAN LANJUT\r\n3) LAPORAN INI SUDAH WUJUD\r\n4) PERMOHONAN TIDAK PERLU DIBUAT', 106, '09:44:00', NULL, NULL, NULL, NULL, NULL, NULL, NULL, NULL, NULL, NULL, NULL, NULL),
(15075, '086', '2016-01-05', '09:40:02', '205', '2016-01-05', '205       ', '2016-01-05', 3, 10, 212, 3879, 'PERMOHONAN PENAMATAN USER ID UNTUK SIZA - NUGRAHA KARNEN BIN DZULKARNAIN', '5/1/2106 NARGIS - 1) MELENGKAPKAN BORANG PERMOHONAN\r\n2 ) KEMASKINI STATUS ID SIZA DARI AKTIF KE TAMAT - ID =  KS019\r\n3) PERMOHONAN TELAH DISELESAIKAN\r\n4) MEMAKLUMKAN KEPADA USER TENTANG STATUS PERMOHONAN\r\n----------------------\r\nFROM: "ICT HELPDESK" <ICTHELPDESK@ZAKAT.COM.MY>\r\nTO: "AFFRINI" <AFFRINI@ZAKAT.COM.MY>\r\nCC: "AMRAN HAZALI" <AMRANHAZALI@ZAKAT.COM.MY>, "NOORUL" <NOORUL@ZAKAT.COM.MY>\r\nSENT: TUESDAY, JANUARY 5, 2016 9:46:38 AM\r\nSUBJECT: PENAMATAN ID PRAKTIKAL - NUGRAHA (KS019)\r\n\r\nIMEJ DI BAWAH ADALAH STATUS BAGI SIZA ID YANG TELAH DITAMATKAN SEPERTI YANG DIMOHON. \r\n\r\nEXECUTIVE IT HELPDESK', 106, '09:42:00', NULL, NULL, NULL, NULL, NULL, NULL, NULL, NULL, NULL, NULL, NULL, NULL),
(15076, '184', '2016-01-05', '10:14:37', '214', '2016-01-05', '205       ', '2016-01-12', 3, 1, 220, 3192, 'START PC DAN MEMBUKA APPLICATION MENGAMBIL MASA TERLALU LAMA', '05012016 LEE -\r\n1.MAKE CHANGES NEW PC\r\n2.SETUP NEW PC \r\n3.INSTALL ALL APPLICATION & SOFTWARE\r\n4.TESTING\r\n5.DONE', 107, '12:00:00', NULL, NULL, NULL, NULL, NULL, NULL, NULL, NULL, NULL, NULL, NULL, NULL),
(15077, '037', '2016-01-05', '10:21:26', '205', '2016-01-05', '205       ', '2016-01-05', 3, 9, 214, 3896, 'PERMOHONAN EMAIL ADDRESS UNTUK LEMBAGA PENGARAH URUSAN', '5/1/2016 NARGIS - 1) MELENGKAPKAN BORANG PERMOHONAN\r\n2) CREATE EMAIL BAGI LEMBAGA PENGARAH URUSAN\r\n    - PAIMUZI@ZAKAT.COM.MY\r\n    - ZAINAL@ZAKAT.COM.MY\r\n    - JABAR@ZAKAT.COM.MY\r\n    - ZAHIDI@ZAKAT.COM.MY\r\n   - SSZULKIFLI@ZAKAT.COM.MY\r\n\r\n3) FORWARDING EMAIL KE SENARAI YANG DIMOHON - AMRANHAZALI@ZAKAT.COM.MY & ASFA@ZAKAT.COM.MY\r\n4) PERMOHONAN TELAH DISELESAIKAN\r\n5) MEMBERITAHU USER TENTANG STATUS ADUAN', 128, '10:23:00', NULL, NULL, NULL, NULL, NULL, NULL, NULL, NULL, NULL, NULL, NULL, NULL),
(15078, '139', '2016-01-05', '10:25:24', '223', '2016-01-29', '205       ', '2016-02-15', 3, 10, 233, 3397, 'TAMBAH PARAMETER CARIAN TAHUN (TAHUN DAFTAR)', '29/1/2016 NARGIS - 1) PERMOHONAN TELAH DISELESAIKAN\r\n2) USER MENERIMA & MENGESAHKAN PERMOHONAN\r\n==============\r\n5/1/2016 NARGIS - 1) MELENGKAPKAN BORANG PERMOHONAN\r\n2) MENGAJUKAN KEPADA EN.SUHAIMI UNTUK TINDAKAN LANJUT', 106, '10:27:00', NULL, NULL, NULL, NULL, NULL, NULL, NULL, NULL, NULL, NULL, NULL, NULL),
(15079, '111', '2016-01-05', '11:10:45', '096', '2016-02-11', '205       ', '2016-02-15', 3, 10, 219, 3190, 'PENAMBAHAN BUTTON CEK MASALAH DALAM RINGKASAN KUTIPAN', '11/2/2016 NARGIS - 1) PERMOHONAN TELAH DISELESAIKAN\r\n2) USER MENERIMA & MENGESAHKAN PERMOHONAN\r\n===============\r\n5/1/2016 NARGIS - 1) MELENGKAPKAN BORANG PERMOHONAN\r\n2) MENGAJUKAN KEPADA EN.SUHAIMI UNTUK TINDAKAN LANJUT', 106, '11:15:00', NULL, NULL, NULL, NULL, NULL, NULL, NULL, NULL, NULL, NULL, NULL, NULL),
(15080, '208', '2016-01-05', '11:23:26', '096', '2016-01-07', '205       ', '2016-02-15', 3, 10, 219, 2151, 'TAMBAH MODUL MEDAN CARIAN PENERIMA (AKAUN PENERIMA)', '7/1/2016 NARGIS - 1) PERMOHONAN TELAH DISELESAIKAN\r\n2) USER MENERIMA & MENGESAHKAN PERMOHONAN\r\n==============\r\n5/1/2016 NARGIS - 1) MELENGKAPKAN BORANG PERMOHONAN\r\n2) MENGAJUKAN KEPADA EN.SUHAIMI UNTUK TINDAKAN LANJUT', 106, '11:25:00', NULL, NULL, NULL, NULL, NULL, NULL, NULL, NULL, NULL, NULL, NULL, NULL),
(15081, '208', '2016-01-05', '11:24:12', '096', '2016-01-08', '205       ', '2016-02-15', 3, 10, 219, 2151, 'KEMASKINI MODUL CREDIT NOTE', '8/1/2016 NARGIS - 1) PERMOHONAN TELAH DISELESAIKAN\r\n2) USER MENERIMA & MENGESAHKAN PERMOHONAN\r\n==============\r\n5/1/2016 NARGIS - 1) MELENGKAPKAN BORANG PERMOHONAN\r\n2) MENGAJUKAN KEPADA EN.SUHAIMI UNTUK TINDAKAN LANJUT', 106, '11:27:00', NULL, NULL, NULL, NULL, NULL, NULL, NULL, NULL, NULL, NULL, NULL, NULL),
(15082, '208', '2016-01-05', '11:24:51', '096', '2016-01-07', '205       ', '2016-02-15', 3, 10, 219, 2151, 'KEMASKINI MODUL- RESIT HARTASUCI', '7/1/2016 NARGIS - 1) PERMOHONAN TELAH DISELESAIKAN\r\n2) USER MENERIMA & MENGESAHKAN PERMOHONAN\r\n===============\r\n5/1/2016 NARGIS - 1) MELENGKAPKAN BORANG PERMOHONAN\r\n2) MENGAJUKAN KEPADA EN.SUHAIMI UNTUK TINDAKAN LANJUT', 106, '11:26:00', NULL, NULL, NULL, NULL, NULL, NULL, NULL, NULL, NULL, NULL, NULL, NULL),
(15091, '037', '2016-01-06', '09:59:15', '205', '2016-01-06', '205       ', '2016-01-06', 3, 2, 214, 3896, 'MERGE PDF', '6/1/2016 NARGIS - 1) DOWNLOAD SOFTWARE MERGED PDF - HTTP://SMALLPDF.COM/MERGE-PDF\r\n2) MOHON USER UNTUK MENGHANTAR PDF YANG INGIN DIMERGE\r\n3) MERGED PDF\r\n4) TEST & OK\r\n5) MEMBERITAHU USER TENTANG STATUS PERMOHONAN', 106, '10:00:00', NULL, NULL, NULL, NULL, NULL, NULL, NULL, NULL, NULL, NULL, NULL, NULL),
(15092, '208', '2016-01-06', '15:29:45', '096', '2016-01-06', '205       ', '2016-02-15', 3, 10, 219, 2151, 'AKAUN PENERIMA (NO INVOIS)', '6/1/2016 NARGIS - 1) PERMOHONAN TELAH DISELESAIKAN\r\n2) USER MENERIMA & MENGESAHKAN PERMOHONAN\r\n===============\r\n6/1/2016 NARGIS - 1) MELENGKAPKAN BORANG PERMOHONAN\r\n2) MENGAJUKAN KEPADA EN.SUHAIMI UNTUK TINDAKAN LANJUT', 106, '15:31:00', NULL, NULL, NULL, NULL, NULL, NULL, NULL, NULL, NULL, NULL, NULL, NULL),
(15093, '208', '2016-01-06', '15:30:42', '096', '2016-01-07', '205       ', '2016-02-15', 3, 10, 219, 2151, 'PENDAHULUAN KOD GST BL', '7/1/2016 NARGIS - 1) PERMOHONAN TELAH DISELESAIKAN\r\n2) USER MENERIMA & MENGESAHKAN PERMOHONAN\r\n===============\r\n6/1/2016 NARGIS - 1) MELENGKAPKAN BORANG PERMOHONAN\r\n2) MENGAJUKAN KEPADA EN.SUHAIMI UNTUK TINDAKAN LANJUT', 106, '15:32:00', NULL, NULL, NULL, NULL, NULL, NULL, NULL, NULL, NULL, NULL, NULL, NULL),
(15094, '111', '2016-01-07', '12:12:38', '223', '2016-01-29', '205       ', '2016-02-15', 3, 10, 219, 3190, 'PENAMBAHAN SUSUN ATUR TARIKH MATANG', '29/1/2016 NARGIS - 1) PERMOHONAN TELAH DISELESAIKAN\r\n2) USER MENERIMA & MENGESAHKAN PERMOHONAN\r\n===============\r\n7/1/2016 NARGIS - 1) MELENGKAPKAN BORANG PERMOHONAN \r\n2) MENGAJUKAN KEPADA EN.SUHAIMI UNTUK TINDAKAN LANJUT', 106, '12:14:00', NULL, NULL, NULL, NULL, NULL, NULL, NULL, NULL, NULL, NULL, NULL, NULL),
(15095, '110', '2016-01-07', '12:18:38', '214', '2016-01-07', '205       ', '2016-01-12', 3, 1, 225, 2145, 'PC TIDAK BOLEH ON - MASALAH TERJADI SEMULA', '07012016 LEE -\r\n1.CHECK POWER CABLE.\r\n2.TURN ON CPU\r\n3.CHECK NETWORK PROTOCOL\r\n4.CONFIG IP NETWORK \r\n5.DONE\r\n', 107, '12:30:00', NULL, NULL, NULL, NULL, NULL, NULL, NULL, NULL, NULL, NULL, NULL, NULL),
(15096, '027', '2016-01-07', '12:37:34', '096', '2016-01-07', '205       ', '2016-02-22', 3, 10, 212, 4969, 'PINDAAN - CUTI SAKIT BHGN PEJABAT KETUA PEGAWAI EKSEKUTIF DILULUSKAN OLEH TKPE EKSEKUTIF, CUTI TAHUNAN =>5 HARI & CUTI 26-310 DISEMBER DILULUSKAN OLEH KPE', '15/2/2016 NARGIS - USER MENERIMA & MENGESAHKAN PERMOHONAN\r\n==============\r\n7/1/2016 NARGIS - 1) MELENGKAPKAN BORANG PERMOHONAN\r\n2) MENGAJUKAN KEPADA EN.SUHAIMI UNTUK TINDAKAN LANJUT\r\n3) PERMOHONAN TELAH DISELESAIKAN', 106, '12:39:00', NULL, NULL, NULL, NULL, NULL, NULL, NULL, NULL, NULL, NULL, NULL, NULL),
(15097, '086', '2016-01-08', '08:05:25', '096', '2016-02-10', '205       ', '2016-02-22', 3, 10, 212, 3879, 'CUTI - TIDAK LULUS', '15/2/2016 NARGIS - USER MENERIMA & MENGESAHKAN PERMOHONAN\r\n===============\r\n10/2/2016 NARGIS - PERMOHONAN TELAH DISELESAIKAN\r\n==============\r\n8/1/2016 NARGIS - 1) MELENGKAPKAN BORANG PERMOHONAN\r\n2) MENGAJUKAN KEPADA EN.SUHAIMI UNTUK TINDAKAN LANJUT', 106, '08:07:00', NULL, NULL, NULL, NULL, NULL, NULL, NULL, NULL, NULL, NULL, NULL, NULL),
(15098, '162', '2016-01-08', '09:58:16', '162', '2016-01-08', '205       ', '2016-01-12', 3, 1, 239, 2939, 'TONER BERBELANG & KABUR', '8/1/2016 EK -REPLACE TONER & CLEAN FUSER PRINTER\r\nPRINTER BOLEH DIGUNAKAN SPT BIASA', 107, '14:00:00', NULL, NULL, NULL, NULL, NULL, NULL, NULL, NULL, NULL, NULL, NULL, NULL),
(15099, '017', '2016-01-08', '11:05:40', '096', '2016-01-08', NULL, NULL, 2, 10, 219, 2445, 'MODULE YANG BELUM ADA DI KAUNTER VAN', '8/1/2016 NARGIS - 1) MELENGKAPKAN BORANG PERMOHONAN\r\n2) MENGAJUKAN KEPADA EN.SUHAIMI UNTUK TINDAKAN LANJUT', 106, '11:07:00', NULL, NULL, NULL, NULL, NULL, NULL, NULL, NULL, NULL, NULL, NULL, NULL),
(15100, '028', '2016-01-08', '11:18:55', '205', '2016-01-08', '205       ', '2016-01-08', 3, 10, 233, 2305, 'CREATE FOLDER 2016 & PEMINDAHAN DATA', '8/1/2016 NARGIS - 1) CREATE FOLDER 2016 \r\n2) TRANSFER DATA UNTUK 2016\r\n3) MEMBERITAHU STATUS KEPADA PEMOHON\r\n4) TEST & OK', 106, '11:20:00', NULL, NULL, NULL, NULL, NULL, NULL, NULL, NULL, NULL, NULL, NULL, NULL),
(15117, '011', '2016-01-11', '10:03:52', '205', '2016-01-11', '205       ', '2016-01-11', 3, 10, 201, 4636, 'SIZA DITAHAN', '11/1/2016 NARGIS - 1) MEMERIKSA VERSI SIZA DI C:SIZA\ZPATCHESFILELOCALPATCHES.TXT - 160\r\n2) INSTALL- 161\r\n3) LOCALPATCHES - 160\r\n4) UPDATE VERSI SIZA 161 DARI \\SHARE.ZAKAT.COM.MYUMUMSIZA_PATCHESPATCHES TERKINI\r\n5) TEST & OK', 106, '10:10:00', NULL, NULL, NULL, NULL, NULL, NULL, NULL, NULL, NULL, NULL, NULL, NULL),
(15118, '139', '2016-01-11', '10:26:07', '223', '2016-02-12', '205       ', '2016-02-15', 3, 10, 233, 3397, 'SURAT LHDN', '12/2/2016 NARGIS - 1) PERMOHONAN TELAH DISELESAIKAN\r\n2) USER MENERIMA & MENGESAHKAN PERMOHONAN\r\n================\r\n11/1/2016 NARGIS - 1) MELENGKAPKAN BORANG PERMOHONAN\r\n2) MENGAJUKAN KEPADA EN.SUHAIMI UNTUK TINDAKAN LANJUT', 106, '10:30:00', NULL, NULL, NULL, NULL, NULL, NULL, NULL, NULL, NULL, NULL, NULL, NULL),
(15119, '086', '2016-01-11', '15:54:32', '205', '2016-01-11', '205       ', '2016-01-11', 3, 10, 212, 3879, 'PERMOHONAN USER ID UNTUK SIZA -MOHD NOOR FEERDAUS B. MOHD SALLEH (PRAKTIKAL)', '11/1/2016 NARGIS -1) MELENGKAPKAN BORANG PERMOHONAN\r\n2) CREATON ID SIZA - P143\r\n3) PERMOHONAN TELAH DISELESAIKAN\r\n4) PASSWORD UNTUK SISTEM SIZA DISEALED DI DALAM SAMPUL SURAT\r\n5) PASSWORD DISERAHKAN KEPADA AZIZAH DARI UMI', 106, '16:00:00', NULL, NULL, NULL, NULL, NULL, NULL, NULL, NULL, NULL, NULL, NULL, NULL),
(15120, '133', '2016-01-11', '16:21:48', '205', '2016-01-11', '205       ', '2016-01-11', 3, 4, 229, 3398, 'TIADA SHORCUT SIZA DI DESKTOP', '11/1/2016 NARGIS - 1) CREATE SHORTCUT SIZA DI DESKTOP\r\n2) SETKAN TARGET = C:ORANTBINIFRUN60.EXE C:SIZASIZA_MENUUTAMA.FMX\r\n3) SETKAN START IN = C:SIZA\r\n4) MEMERIKSA PATCHES SIZA DI C:SIZA\ZPATCHESFILE \r\n5) LOCALPATCHES - 158 & INSTALL = 158\r\n6) UPDATE SIZA PATCHES DARI 159-161 DARI  \\SHARE.ZAKAT.COM.MYUMUMSIZA_PATCHESPATCHES LAMA & \\SHARE.ZAKAT.COM.MYUMUMSIZA_PATCHESPATCHES TERKINI\r\n7) TEST & OK', 106, '16:23:00', NULL, NULL, NULL, NULL, NULL, NULL, NULL, NULL, NULL, NULL, NULL, NULL),
(15137, '162', '2016-01-12', '08:10:59', '162', '2016-01-12', '205       ', '2016-01-12', 3, 3, 237, NULL, 'PRINTER RESIT TIDAK KELUAR / HANG / SANGKUT\r\nLINE SIZA - PUTUS-PUTUS DI KAUNTER', '12/1/2016 EK - PING SERVER FIREWALL VPN - ADA LAG SIKIT TP SIZA BOLEH DIGUNAKAN SPT BIASA\r\nCHECK PRINTER CONNECTION - TEST OK', 107, '09:00:00', NULL, NULL, NULL, NULL, NULL, NULL, NULL, NULL, NULL, NULL, NULL, NULL),
(15138, '198', '2016-01-12', '09:56:44', '205', '2016-01-12', '205       ', '2016-01-12', 3, 2, 211, 3894, 'TIDAK BOLEH MEMBUKA FAIL .WPS', '12/1/2016 NARGIS - 1) MEMBUKA FAIL .WPS DENGAN MENGGUNAKAN WORD 2010\r\n2) DOKUMEN BOLEH DIBUKA\r\n3) SAVE AS DOKUMEN TERSEBUT DENGAN .DOC\r\n4) EMAIL KEPADA PEMOHON\r\n5) TEST & OK', 106, '10:00:00', NULL, NULL, NULL, NULL, NULL, NULL, NULL, NULL, NULL, NULL, NULL, NULL),
(15139, '086', '2016-01-12', '15:11:39', '205', '2016-01-12', '205       ', '2016-01-12', 3, 10, 212, 3879, 'PERMOHONAN USER ID UNTUK EMAIL & SIZA - MOHD ZULHAN BIN NAWI', '12/1/2016 NARGIS -1) MELENGKAPKAN BORANG PERMOHONAN\r\n2) CREATE EMAIL -ZULHAN@ZAKAT.COM.MY\r\n3) MENAMBAH EMAIL ADDRESS ZULHAN KE DALAM DISTRIBUTION LIST WARGA@ZAKAT.COM.MY\r\n4) CREATION ID SIZA - ZULHAN\r\n5) PERMOHONAN TELAH DISELESAIKAN\r\n6) PASSWORD UNTUK KEDUA-DUA SISTEM DISEALED DI DALAM SAMPUL SURAT & DIBERIKAN KEPADA AFFRINI', 106, '15:15:00', NULL, NULL, NULL, NULL, NULL, NULL, NULL, NULL, NULL, NULL, NULL, NULL),
(15140, '140', '2016-01-12', '15:29:13', '214', '2016-01-12', '205       ', '2016-01-13', 3, 4, 205, 3012, 'SIZA NOT UPDATED', '12012016 LEE - \r\n1.INSTALL SIZAFULL 161\r\n2.TEST & DONE', 106, '15:35:00', NULL, NULL, NULL, NULL, NULL, NULL, NULL, NULL, NULL, NULL, NULL, NULL),
(15141, '027', '2016-01-12', '16:48:59', '205', '2016-01-12', '205       ', '2016-01-12', 3, 4, 212, 4969, 'SAVE AS SIZA OUTPUT KE TXT FILE', '12/1/2016 NARGIS - 1) PADA LAPORAN SIZA, GO TO FILE - GENERATE TO FILE - DELIMITED\r\n2) BUKA TXT FILE DENGAN MENGGUNAKAN EXCEL\r\n3) SAVE AS EXCEL FILE \r\n4) TEST & OK\r\n', 106, '17:00:00', NULL, NULL, NULL, NULL, NULL, NULL, NULL, NULL, NULL, NULL, NULL, NULL),
(15142, '037', '2016-01-12', '17:04:30', '205', '2016-01-12', '205       ', '2016-01-12', 3, 2, 214, 4577, 'CONVERT WORD KE PDF', '12/1/2016 NARGIS - 1) DOWNLOAD SOFTWARE UNTUK CONVERT WORD KE PDF DARI INTERNET\r\n2) UPLOAD FILES YANG INGIN DICONVERT\r\n3) TEST & OK', 106, '17:05:00', NULL, NULL, NULL, NULL, NULL, NULL, NULL, NULL, NULL, NULL, NULL, NULL),
(15157, '198', '2016-01-13', '17:15:28', '205', '2016-01-13', '205       ', '2016-01-14', 3, 8, 211, 3894, 'TIDAK BOLEH MASUK KE \\SHARE.ZAKAT.COM.MY', '13/1/2016 NARGIS - 1) MENCUBA MASUK KE SHARE\r\n2) LOADING TERLALU LAMA UNTUK MEMBUKA\r\n3) MENGGUNAKAN \\SHARE.INTRA.ZAKAT.COM.MY UNTUK MENGAKSES KE SHARE\r\n4) TEST & OK', 107, '17:20:00', NULL, NULL, NULL, NULL, NULL, NULL, NULL, NULL, NULL, NULL, NULL, NULL),
(15177, '204', '2016-01-14', '11:16:25', '162', '2016-01-18', '205       ', '2016-01-21', 3, 1, 239, NULL, 'PC TIDAK BOLEH ON', '18/1/2016 EK - \r\nREPAIR WINDOWS NETWORK DRIVER..MASALAH PADA AD,\r\nTEST WINDOWS OK..CREATE SAVE RECOVERY POINT DONE.', 107, '15:00:00', NULL, NULL, NULL, NULL, NULL, NULL, NULL, NULL, NULL, NULL, NULL, NULL),
(15178, '214', '2016-01-14', '11:27:22', '205', '2016-01-14', '205       ', '2016-01-14', 3, 10, 232, 2726, 'DAFTAR PC CAWANGAN - ZULHAN', '14/1/2016 NARGIS - 1) GO TO UAS - DAFTAR PC CAWANGAN\r\n2) TAMBAH REKOD \r\n3) MASUKKAN MAKLUMAT - NAMA PC, CAWANGAN & TINGKAT\r\n4) MEMBERITAHU STATUS PERMOHONAN KEPADA USER\r\n', 106, '11:30:00', NULL, NULL, NULL, NULL, NULL, NULL, NULL, NULL, NULL, NULL, NULL, NULL),
(15179, '027', '2016-01-14', '14:33:45', '074', '2016-01-29', '205       ', '2016-02-02', 3, 10, 212, 4969, 'LAPORAN PERATUS GAJI BERSIH/TAKE HOME PAY', '29/1/2016 NARGIS - 1) PERMOHONAN TELAH DISELESAIKAN \r\n2) USER MENERIMA & MENGESAHKAN PERMOHONAN\r\n================\r\n14/1/2016 NARGIS - 1) MELENGKAPKAN BORANG PERMOHONAN\r\n2) MENGAJUKAN KEPADA EN.AHMAD UNTUK TINDAKAN LANJUT', 106, '14:35:00', NULL, NULL, NULL, NULL, NULL, NULL, NULL, NULL, NULL, NULL, NULL, NULL),
(15180, '204', '2016-01-14', '15:24:15', '162', '2016-01-18', '205       ', '2016-01-21', 3, 1, 239, NULL, 'PC KAUNTER 02 DI KAUNTER TTDI TIDAK BERFUNGSI DENGAN BAIK', '18/1/2016 EK - \r\nREPAIR WINDOWS NETWORK DRIVER..MASALAH PADA AD,\r\nTEST WINDOWS OK..CREATE SAVE RECOVERY POINT DONE.', 107, '15:00:00', NULL, NULL, NULL, NULL, NULL, NULL, NULL, NULL, NULL, NULL, NULL, NULL),
(15181, '236', '2016-01-15', '09:50:35', '214', '2016-01-15', '205       ', '2016-02-02', 3, 2, 212, 2152, 'EXCEL TIDAK BOLEH DIBUKA. ERROR MESSAGE "C:PROGRAM FILESMICROSOFT OFFICE15ROOTOFFICE15EXCEL.EXE IS NOT A VALID WIN32 APPLICATION', '15012016 LEE - \r\n1. REPAIR MICROSOFT 2013\r\n2.DONE', 106, '09:55:00', NULL, NULL, NULL, NULL, NULL, NULL, NULL, NULL, NULL, NULL, NULL, NULL),
(15182, '094', '2016-01-15', '09:51:13', '074', '2016-01-29', '205       ', '2016-02-02', 3, 10, 212, 2313, 'SENARAI PINJAMAN (STATUS PINJAMAN)', '29/1/2016 NARGIS - 1) PERMOHONAN TELAH DISELESAIKAN \r\n2) USER MENERIMA & MENGESAHKAN PERMOHONAN\r\n===============\r\n15/1/2016 NARGIS - 1) MELENGKAPKAN BORANG PERMOHONAN\r\n2) MENGAJUKAN KEPADA EN.SUHAIMI UNTUK TINDAKAN LANJUT', 106, '09:55:00', NULL, NULL, NULL, NULL, NULL, NULL, NULL, NULL, NULL, NULL, NULL, NULL),
(15183, '231', '2016-01-15', '10:07:08', '231', '2016-01-18', '205       ', '2016-01-18', 3, 10, 222, 2833, 'AKTIVITI UPGRADE FIREWALL DI DATA CENTER SHAMELIN', '15/1/2016 NARGIS - 1) EMAIL PEMBERITAHUAN KEPADA WARGA\r\n===========\r\nFROM: "ICT HELPDESK" <ICTHELPDESK@ZAKAT.COM.MY>\r\nTO: "WARGA PPZ" <WARGA.PPZ@ZAKAT.COM.MY>\r\nCC: "MUHAMMAD ZAMRI MUHAMAD SUHARINI" <ZAMRI@ZAKAT.COM.MY>, "NORMAN YAHYA" <NORMAN_YAHYA@ZAKAT.COM.MY>, "NOORUL" <NOORUL@ZAKAT.COM.MY>\r\nSENT: FRIDAY, JANUARY 15, 2016 10:08:41 AM\r\nSUBJECT: PERHATIAN :- GANGGUAN TERHADAP SISTEM PPZ-MAIWP\r\n\r\nEMAIL INI DIHANTAR BAGI PIHAK UNIT ICT:\r\n \r\nDIMAKLUMKAN BAHAWA TERDAPAT AKTIVITI UPGRADE FIREWALL DI DATA CENTRE SHAMELIN. BUTIRAN ADALAH SEPERTI BERIKUT:-\r\n  \r\nTARIKH - 16 - 17, JANUARI 2016 (SABTU & AHAD)\r\nANGGARAN UPTIME - 6.00 PM - 6.00 AM\r\nSISTEM YG TERJEJAS - SEMUA SISTEM PPZ-MAIWP\r\nPENGGUNA YG TERJEJAS - WARGA PPZ\r\nSEBAB -AKTIVITI UPGRADE FIREWALL\r\nADUAN NO - 15183\r\n \r\nBAGI MENDAPATKAN PENJELASAN ATAU MAKLUMAT LANJUT, SILA HUBUNGI KAMI DI 03-92895738 ATAU EMAIL KAMI DI ICTHELPDESK@ZAKAT.COM.MY \r\n\r\nTERIMA KASIH,\r\nNARGIS BINTI ISMAIL \r\nEXECUTIVE IT HELPDESK \r\n--------------\r\n2) BORANG AKSES PIHAK KETIGA DILENGKAPKAN', 106, '10:15:00', NULL, NULL, NULL, NULL, NULL, NULL, NULL, NULL, NULL, NULL, NULL, NULL),
(15184, '182', '2016-01-15', '12:08:51', '096', '2016-01-15', NULL, NULL, 2, 10, 219, 3428, 'PERTUKARAN KOD BANK BAGI 2 KAEDAH CARA BAYAR APABILA BUAT TRANSFER GL (CONTOH: TRANSFERGL_AKAUN PENERIMAAN-ZAKAT PENDAPATAN_2015_12)', '15/1/2016 NARGIS - 1) MELENGKAPKAN BORANG PERMOHONAN\r\n2) MENGAJUKAN KEPADA EN.SUHAIMI UNTUK TINDAKAN LANJUT', 106, '12:10:00', NULL, NULL, NULL, NULL, NULL, NULL, NULL, NULL, NULL, NULL, NULL, NULL),
(15185, '182', '2016-01-15', '12:10:26', '223', '2016-02-29', '205       ', '2016-03-09', 3, 10, 219, 3428, 'LAPORAN BATAL BY JUMLAH KESELURUHAN BATAL', '3/3/2016 NARGIS - USER MENERIMA & MENGESAHKAN PERMOHONAN\r\n===============\r\n29/2/2016 NARGIS - PERMOHONAN TELAH DISELESAIKAN\r\n================\r\n15/1/2016 NARGIS - 1) MELENGKAPKAN BORANG PERMOHONAN\r\n2) MENGAJUKAN KEPADA EN.SUHAIMI UNTUK TINDAKAN LANJUT', 106, '12:15:00', NULL, NULL, NULL, NULL, NULL, NULL, NULL, NULL, NULL, NULL, NULL, NULL),
(15201, '162', '2016-01-18', '08:38:55', '162', '2015-01-18', '205       ', '2016-01-19', 3, 14, 237, 5051, 'MASALAH QUE NOMBOR & ASTRO', '18/1/2016 EKMAL -\r\nRESTART SERVER QUE SYSTEM.\r\nSYSTEM QMS BERFUNGSI SPT BIASA', 107, '08:39:00', NULL, NULL, NULL, NULL, NULL, NULL, NULL, NULL, NULL, NULL, NULL, NULL),
(15202, '132', '2016-01-18', '10:00:38', '205', '2016-01-18', '205       ', '2016-01-18', 3, 2, 229, 2731, 'TIDAK BOLEH BUKA ATTACHEMENT FILE DARI EMAIL', '18/1/2016 NARGIS - 1) ATTACHMENT EXCEL LOADING TERLALU LAMA\r\n2) DOWNLOAD ATTACHMENT TERLEBIH DAHULU\r\n3) OPEN DOKUMEN MENGGUNAKAN SPREADSHEET DAN SET SEBAGAI DEFAULT\r\n4) TEST & OK', 106, '10:10:00', NULL, NULL, NULL, NULL, NULL, NULL, NULL, NULL, NULL, NULL, NULL, NULL),
(15203, '154', '2016-01-18', '10:24:07', '162', '2016-01-19', '205       ', '2016-01-21', 3, 3, 233, 3878, 'TIDAK BOLEH MASUK INTERNET. TIADA NETWORK', '19/1/2016 EK -\r\nREPAIR WINDOWS 7, MASALAH PADA DRIVER & USER ACCESS PRIVELEGDE,\r\nSUDAH REPAIR - TEST OK', 107, '11:00:00', NULL, NULL, NULL, NULL, NULL, NULL, NULL, NULL, NULL, NULL, NULL, NULL),
(15204, '133', '2016-01-18', '10:25:19', '214', '2016-01-18', '205       ', '2016-02-02', 3, 2, 229, 3398, 'TIDAK BOLEH BUKA PERISIAN.', '18012016 LEE -\r\n1. SYSRETURN BACK DATE\r\n2. TESTING WINDOWS\r\n3.DONE\r\n\r\n', 106, '11:01:00', NULL, NULL, NULL, NULL, NULL, NULL, NULL, NULL, NULL, NULL, NULL, NULL),
(15205, '086', '2016-01-18', '10:26:40', '205', '2016-01-18', '205       ', '2016-01-18', 3, 10, 212, 3879, 'PERMOHONAN USER ID UNTUK EMAIL & SIZA - SYAHRIL ZULKEFLI', '18/1/2016 NARGIS -1) MELENGKAPKAN BORANG PERMOHONAN\r\n2) CREATE EMAIL - SYAHRIL@ZAKAT.COM.MY\r\n3) MENAMBAH EMAIL ADDRESS SYAHRIL KE DALAM DISTRIBUTION LIST WARGA@ZAKAT.COM.MY\r\n4) CREATION ID SIZA - SYAHRIL\r\n5) PERMOHONAN TELAH DISELESAIKAN\r\n6) PASSWORD UNTUK KEDUA-DUA SISTEM DISEALED DI DALAM SAMPUL SURAT & DIBERIKAN KEPADA AFFRINI', 106, '10:30:00', NULL, NULL, NULL, NULL, NULL, NULL, NULL, NULL, NULL, NULL, NULL, NULL),
(15221, '027', '2016-01-18', '13:43:06', '096', '2016-01-18', NULL, NULL, 2, 10, 212, 4969, 'TUKAR JENIS CUTI KEPADA TIDAK HADIR BERTUGAS TANPA KEBENARAN CUTI BERDASARKAN TARIKH CETAK BORANG MELEBIHI 5 HARI BEKERJA', '18/1/2016 NARGIS - 1) MELENGKAPKAN BORANG PERMOHONAN\r\n2) MENGAJUKAN KEPADA EN.SUHAIMI UNTUK TINDAKAN LANJUT', 106, '13:50:00', NULL, NULL, NULL, NULL, NULL, NULL, NULL, NULL, NULL, NULL, NULL, NULL),
(15241, '215', '2016-01-18', '15:58:54', '215', '2016-01-18', '205       ', '2016-01-21', 3, 15, 262, 2146, 'AKTIVITI KONFIGURASI SPID', '18/1/2016 NARGIS - EMAIL PEMBERITAHUAN KEPADA WARGA PPZ\r\n---------------\r\nFROM: "ICT HELPDESK" <ICTHELPDESK@ZAKAT.COM.MY>\r\nTO: "WARGA PPZ" <WARGA.PPZ@ZAKAT.COM.MY>\r\nCC: "MOHAMMED \'MOHAMMED" <MOHAMMED@ZAKAT.COM.MY>, "RUZANATUL DALILA KHOLID" <RUZANATUL@ZAKAT.COM.MY>, "NOORUL" <NOORUL@ZAKAT.COM.MY>\r\nSENT: MONDAY, JANUARY 18, 2016 4:00:02 PM\r\nSUBJECT: PERHATIAN :- GANGGUAN TERHADAP SISTEM SPID\r\n\r\nEMAIL INI DIHANTAR BAGI PIHAK UNIT ICT:\r\n\r\nDIMAKLUMKAN BAHAWA TERDAPAT AKTIVITI KONFIGURASI SPID . BUTIRAN ADALAH SEPERTI BERIKUT:-\r\n\r\nTARIKH -  18, JANUARI 2016 (ISNIN) \r\nANGGARAN UPTIME -  4.00 PM - 6.00 PM \r\nSISTEM YG TERJEJAS -  SISTEM SPID \r\nPENGGUNA YG TERJEJAS - WARGA PPZ \r\nSEBAB - AKTIVITI KONFIGURASI MASA DI SERVER SPID \r\nADUAN NO - 15241 \r\n \r\nBAGI MENDAPATKAN PENJELASAN ATAU MAKLUMAT LANJUT, SILA HUBUNGI KAMI DI 03-92895738 ATAU EMAIL KAMI DI ICTHELPDESK@ZAKAT.COM.MY \r\n \r\nTERIMA KASIH,\r\nNARGIS BINTI ISMAIL \r\nEXECUTIVE IT HELPDESK\r\n----------------\r\n2) AKTIVITI TELAH DISELESAIKAN\r\n', 106, '16:00:00', NULL, NULL, NULL, NULL, NULL, NULL, NULL, NULL, NULL, NULL, NULL, NULL),
(15242, '182', '2016-01-18', '16:41:36', '162', '2016-03-02', '205       ', '2016-03-07', 3, 1, 219, 3428, 'FROM: "NORZAHARIYAH" <NORZAHARIYAH@ZAKAT.COM.MY>\r\nTO: "EKMAL FIRDAUS" <EKMAL@ZAKAT.COM.MY>, "ICT HELPDESK" <ICTHELPDESK@ZAKAT.COM.MY>\r\nCC: "NORMAN_YAHYA" <NORMAN_YAHYA@ZAKAT.COM.MY>\r\nSENT: MONDAY, JANUARY 18, 2016 4:20:50 PM\r\nSUBJECT: ADUAN : LAPTOP TIDAK ADA CONNECTION (TIDAK BOLEH ACCESS) DGN SERVER\r\n\r\nASSALAMUALAIKUM ICT HELPDESK / EK, \r\n\r\nMERUJUK KEPADA PERKARA DIATAS, MOHON JASA BAIK UNTUK MELIHAT PERMASALAHAN@MENGAMBIL TINDAKAN SEGERA KERANA IANYA MENGAKIBATKAN KERJA SAYA TERGANGGU .\r\n\r\nTERIMA KASIH\r\nNORZAHARIYAH BINTI MUSTAPHA ALBAKRI \r\n', '2/3/2016 NARGIS - USER TELAH MENERIMA NOTEBOOK BARU DARIPADA PIHAK ICT\r\n===============\r\n5/2/2016 NARGIS - 1) NOTEBOOK MASIH TIDAK DITERIMA OLEH USER\r\n==========\r\n20/1/2016 EK - \r\nWINDOWS 8 SINGLE LANGUAGE TIDAK STABIL.\r\nPROSES BACKUP DATA USER SEDANG DIJALANKAN..\r\nPERLU DIFORMAT WINDOWS 10 YG BARU - FRESH INSTALL', 107, '10:00:00', NULL, NULL, NULL, NULL, NULL, NULL, NULL, NULL, NULL, NULL, NULL, NULL),
(15261, '037', '2016-01-19', '09:25:38', '205', '2016-01-19', '205       ', '2016-01-19', 3, 10, 214, 3896, 'FROM: "ASFA" <ASFA@ZAKAT.COM.MY>\r\nTO: "NARGIS ISMAIL" <NARGIS@ZAKAT.COM.MY>, "HELP >> ICT HELPDESK" <ICTHELPDESK@ZAKAT.COM.MY>\r\nSENT: MONDAY, JANUARY 18, 2016 4:57:12 PM\r\nSUBJECT: TOLONG PINDAH KE FOLDER GVP - GARIS PANDUAN\r\n\r\nPEMBELIAN HARTANAH - BAHAGIAN KEWANGAN\r\nTUNTUTAN TUNGGAKAN SEWA PEJABAT - BAHAGIAN KEWANGAN\r\nTEMPAHAN TIKET PENERBANGAN - BAHAGIAN KHIDMAT PENGURUSAN\r\nPENGURUSAN STOR ALATULIS - BAHAGIAN KHIDMAT PENGURUSAN\r\n\r\nTHANK YOU.\r\n-- \r\nASFANOZIKA MOKHTAR\r\nUNIT KESETIAUSAHAAN SYARIKAT |', '19/1/2016 NARGIS - 1) MELETAKKAN FAIL KE \\SHARE.ZAKAT.COM.MYGVPGARIS PANDUANBAHAGIAN KHIDMAT PENGURUSAN & \\SHARE.ZAKAT.COM.MYGVPGARIS PANDUANBAHAGIAN KEWANGAN\r\n2) PERMOHONAN TELAH DISELESAIKAN\r\n3) MEMBERITAHU USER TENTANG STATUS PERMOHONAN', 106, '09:30:00', NULL, NULL, NULL, NULL, NULL, NULL, NULL, NULL, NULL, NULL, NULL, NULL),
(15262, '154', '2016-01-19', '09:58:42', '214', '2016-01-19', '205       ', '2016-01-29', 3, 1, 233, 4466, 'MASALAH KEYBOARD. TIDAK BOLEH TEKAN SHIFT BUTTON', '19012016 LEE\r\n1. CHANGE LANGUAGE " EN "\r\n2.DONE', 107, '10:00:00', NULL, NULL, NULL, NULL, NULL, NULL, NULL, NULL, NULL, NULL, NULL, NULL),
(15263, '037', '2016-01-19', '10:32:11', '205', '2016-01-19', '205       ', '2016-01-19', 3, 10, 214, 4577, 'FROM: "ASFA" <ASFA@ZAKAT.COM.MY>\r\nTO: "NARGIS ISMAIL" <NARGIS@ZAKAT.COM.MY>\r\nSENT: TUESDAY, JANUARY 19, 2016 10:14:39 AM\r\nSUBJECT: EMAILING - 001 GARIS PANDUAN PENGAMBILAN KAKITANGAN HARTASUCI SDN BHD (PINDAAN).PDF\r\n\r\nTOLONG PINDAH KE FOLDER GVP - GARIS PANDUAN - BAHAGIAN KHIDMAT PENGURUSAN\r\n\r\nTOLONG DELETE 031  PENGAMBILAN KAKITANGAN.\r\n\r\nTQVM\r\n-- \r\nASFANOZIKA MOKHTAR\r\nUNIT KESETIAUSAHAAN SYARIKAT', '19/1/2016 NARGIS - 1) MELETAKKAN FAIL KE \\SHARE.ZAKAT.COM.MYGVPGARIS PANDUANBAHAGIAN KHIDMAT PENGURUSAN \r\n2) PERMOHONAN TELAH DISELESAIKAN\r\n3) MEMBERITAHU USER TENTANG STATUS PERMOHONAN', 106, '10:40:00', NULL, NULL, NULL, NULL, NULL, NULL, NULL, NULL, NULL, NULL, NULL, NULL),
(15264, '154', '2016-01-19', '11:33:41', '096', '2016-01-19', NULL, NULL, 2, 10, 233, 4466, 'TUKAR TAHUN HAUL DI BAHAGIAN MODUL KAUNTER BANK', '19/1/2016 NARGIS - 1) MELENGKAPKAN BORANG PERMOHONAN\r\n2) MENGAJUKAN KEPADA EN.SUHAIMI UNTUK TINDAKAN LANJUT', 106, '11:35:00', NULL, NULL, NULL, NULL, NULL, NULL, NULL, NULL, NULL, NULL, NULL, NULL),
(15265, '139', '2016-01-19', '11:34:26', '223', '2016-02-02', '205       ', '2016-02-15', 3, 10, 233, 3397, 'REFUND', '2/2/2016 NARGIS - 1) PERMOHONAN TELAH DISELESAIKAN\r\n2) USER MENERIMA & MENGESAHKAN PERMOHONAN\r\n===============\r\n19/1/2016 NARGIS - 1) MELENGKAPKAN BORANG PERMOHONAN\r\n2) MENGAJUKAN KEPADA EN.SUHAIMI UNTUK TINDAKAN LANJUT', 106, '11:37:00', NULL, NULL, NULL, NULL, NULL, NULL, NULL, NULL, NULL, NULL, NULL, NULL),
(15266, '176', '2016-01-19', '11:36:39', '096', '2016-02-18', '205       ', '2016-03-21', 3, 10, 206, NULL, '1. TAMBAHAN BUTANG MODUL DAFTAR POTONG GAJI DI MENU UTAMA SPZ\r\n2. DAFTAR POTONG GAJI: MASUKKAN NO. K/P, JIKA PEMBAYAR SEDIA ADA, AUTO PAPARKAN/ISIKAN MAKLUMAT PEMBAYAR DI SKRIN (YANG DIPERLUKAN)', '11/3/2016 NARGIS - USER MENERIMA & MENGESAHKAN PERMOHONAN\r\n================\r\n18/2/2016 NARGIS - PERMOHONAN TELAH DISELESAIKAN\r\n===============\r\n19/1/2016 NARGIS - 1) MELENGKAPKAN BORANG PERMOHONAN\r\n2) MENGAJUKAN KEPADA EN.SUHAIMI UNTUK TINDAKAN LANJUT', 106, '11:40:00', NULL, NULL, NULL, NULL, NULL, NULL, NULL, NULL, NULL, NULL, NULL, NULL),
(15267, '092', '2016-01-19', '11:37:32', '223', '2016-02-19', '205       ', '2016-03-09', 3, 10, 267, 2308, 'PERBANDINGAN KUTIPAN PEMBAYAR ZAKAT NEGER-NEGERI DARI TAHUN KE TAHUN', '19/2/2016 - USER MENERIMA & MENGESAHKAN PERMOHONAN\r\n===============\r\n16/2/2016 NARGIS - PERMOHONAN TELAH DISELESAIKAN\r\n================\r\n19/1/2016 NARGIS - 1) MELENGKAPKAN BORANG PERMOHONAN\r\n2) MENGAJUKAN KEPADA EN.SUHAIMI UNTUK TINDAKAN LANJUT', 106, '11:40:00', NULL, NULL, NULL, NULL, NULL, NULL, NULL, NULL, NULL, NULL, NULL, NULL),
(15268, '219', '2016-01-19', '12:53:25', '083', '2016-01-19', '205       ', '2016-01-21', 3, 3, 259, NULL, 'PC KAUNTER 5 KAUNTER PRESINT DIPLOMATIK - SIZA & EMAIL ZIMBRA XDAPAT BUKA - (INTERNET-NOT CONNECTED)', '19/1/2016 MERANG 1) CHECK NETWORK CONNECTION\r\n2) CHECK NETWORK ADAPTER\r\n3) ENABLE NETWORK CARD\r\n4) TEST\r\n', 107, '15:00:00', NULL, NULL, NULL, NULL, NULL, NULL, NULL, NULL, NULL, NULL, NULL, NULL),
(15269, '234', '2016-01-19', '15:52:32', '205', '2016-01-19', '205       ', '2016-01-20', 3, 4, 216, 3009, 'RESET PASSWORD SIZA', '19/1/2016 NARGIS - 1) PASSWORD DIRESET KERANA USER TIDAK INGAT PASSWORD YANG BARU DITUKAR\r\n2) RESET PASSWORD USER \r\n3) MEMBERITAHU USER TENTANG PASSWORD SEMENTARA & MEMINTANYA MENUKAR KE PASSWORD YANG BARU\r\n4) TEST & OK', 106, '16:00:00', NULL, NULL, NULL, NULL, NULL, NULL, NULL, NULL, NULL, NULL, NULL, NULL),
(15270, '086', '2016-01-19', '15:58:52', '205', '2016-01-19', '205       ', '2016-01-19', 3, 10, 212, 3879, 'PERMOHONAN USER ID UNTUK  SIZA - MUHAMMAD QUSYAIRI ALI (KS022)', '19/1/2016 NARGIS -1) MELENGKAPKAN BORANG PERMOHONAN\r\n2) CREATION ID SIZA - KS022\r\n3) PERMOHONAN TELAH DISELESAIKAN\r\n4) PASSWORD UNTUK SISTEM SIZA DISEALED DI DALAM SAMPUL SURAT & DIBERIKAN KEPADA AFFRINI', 106, '16:00:00', NULL, NULL, NULL, NULL, NULL, NULL, NULL, NULL, NULL, NULL, NULL, NULL),
(15281, '086', '2016-01-20', '08:11:33', '205', '2016-01-20', '205       ', '2016-01-20', 3, 10, 212, 3879, 'PERMOHONAN PENAMATAN USER ID UNTUK SIZA - MUHAMMAD QUSYAIRI ALI (P140)', '20/1/2016 NARGIS - 1) MELENGKAPKAN BORANG PERMOHONAN\r\n2 ) KEMASKINI STATUS ID SIZA DARI AKTIF KE TAMAT - ID =  P140\r\n3) PERMOHONAN TELAH DISELESAIKAN\r\n4) MEMAKLUMKAN KEPADA USER TENTANG STATUS PERMOHONAN', 106, '08:16:00', NULL, NULL, NULL, NULL, NULL, NULL, NULL, NULL, NULL, NULL, NULL, NULL),
(15282, '209', '2016-01-20', '08:57:46', '205', '2016-01-20', '205       ', '2016-01-20', 3, 3, 244, 3112, 'TIADA INTERNET. ERROR MESSAGE " UNABLE TO CONNECT TO THE INTERNET"', '20/1/2016 NARGIS - 1) MEMERIKSA KABEL LAN - LONGGAR\r\n2) MEMBETULKAN KABEL LAN\r\n3) TEST & OK', 107, '09:00:00', NULL, NULL, NULL, NULL, NULL, NULL, NULL, NULL, NULL, NULL, NULL, NULL),
(15283, '176', '2016-01-20', '09:16:26', '162', '2016-01-20', '205       ', '2016-01-21', 2, 14, 235, 5055, 'QMS DIKAUNTER TIDAK DAPAT DIGUNAKAN SETELAH MEMBUAT SIASATAN DIDAPATI BAHAWA POWER PLAK TIDAK HIDUP RUPANYA..\r\nDIHARAP TINDAKAN DAPAT DIAMBIL\r\nMAKLUMAN MENGENAI KEROSAKAN TELAH DILAPORKAN KEPADA EKMAL', '16/2/2016 NARGIS - BARANG YANG DITEMPAH MASIH BELUM SAMPAI\r\n===========\r\n20/1/2016 EK - \r\nCHECK CONECTION LINE NETWORK OK, \r\nTEST POWER ADAPTER FAILED,POWER CABLE ROSAK PERLU DITUKAR BARU.\r\nPROSES PEMBELIAN SEDANG DIBUAT.', 107, '15:00:00', NULL, NULL, NULL, NULL, NULL, NULL, NULL, NULL, NULL, NULL, NULL, NULL),
(15284, '124', '2016-01-20', '12:06:13', '231', '2016-01-20', '205       ', '2016-01-21', 3, 15, 233, 3149, 'CREATE PERMISSION DI DALAM FOLDER \\10.10.1.5SHAREREPO2', '20/01/2016 ZAMRI - \r\n1. LOGIN KE DALAM SERVER SPID SEBAGAI ROOT\r\n2. TUKAR PERMISSION SUPAYA PENGGUNA DAPAT WRITE KE DALAM FOLDER SHAREDREPO2 DAN KE DALAM SEMUA SUBFOLDER YANG NAMA BERMULA DGN INDEX-\r\n3. TEST BERSAMA EN ASRUL PRO-OFFICE - OK', 106, '15:10:00', NULL, NULL, NULL, NULL, NULL, NULL, NULL, NULL, NULL, NULL, NULL, NULL),
(15285, '017', '2016-01-20', '15:11:40', '205', '2016-01-20', '205       ', '2016-01-21', 3, 10, 219, 2445, 'PERMOHONAN UNTUK BAGI KOD HAK =  320 (PENGGUNA MODUL HARTA TETAP) UNTUK SAIFUL,AIMAN,NIZAM & DANIEL', '20/1/2016 NARGIS - 1) MELENGKAPKAN BORANG PERMOHONAN\r\n2) MEMBERIKAN HAK KOD = 320 KEPADA PEMOHON\r\n3) MEMBERITAHU STATUS PERMOHONAN KEPADA PEMOHON\r\n4) PERMOHONAN TELAH DISELESAIKAN', 106, '15:15:00', NULL, NULL, NULL, NULL, NULL, NULL, NULL, NULL, NULL, NULL, NULL, NULL),
(15301, '158', '2016-01-21', '09:24:20', '205', '2016-01-21', '205       ', '2016-01-21', 3, 4, 229, 2732, 'SIZA DITAHAN. PATCHES LOCALPATCHES = 156 & INSTALL =161', '21/1/2016 NARGIS - 1) EMAIL PATCHES DARI 156-161 KE USER \r\n2) MENERANGKAN CARA INSTALL PATCHES YANG BETUL KEPADA USER\r\n3) TEST & OK', 106, '09:30:00', NULL, NULL, NULL, NULL, NULL, NULL, NULL, NULL, NULL, NULL, NULL, NULL),
(15302, '209', '2016-01-21', '09:53:24', '205', '2016-01-21', '205       ', '2016-01-21', 3, 11, 244, 3112, 'MASA DI PBX PHONE DENGAN MASA SEMASA TIDAK SAMA', '21/1/2016 NARGIS - 1) CALL VENDOR NEC UNTUK MEMBAIKI MASALAH MASA DI PHONE PBX\r\n2) ASSIST VENDOR MEMBETULKAN MASA PBX\r\n3) DOKUMEN CARA-CARA UNTUK MENUKAR MASA PBX\r\n4) TEST & OK', 106, '10:00:00', NULL, NULL, NULL, NULL, NULL, NULL, NULL, NULL, NULL, NULL, NULL, NULL),
(15303, '154', '2016-01-21', '10:35:58', '074', '2016-01-21', '205       ', '2016-01-21', 3, 2, 233, 4466, 'TIDAK BOLEH CONNECT KE WEBSITE HONG LEONG UNTUK DOWNLOAD DATA', '21/1/2016 NARGIS - 1) MEMOHON ZAMRI CHECK PADA FIREWALL IF IP BLOCKED - TIDAK BLOCKED\r\n2) CONTACT HLIB  LINDA - DIDAPATI ACCOUNT PPZ LOCKED\r\n3) UNLOCKED ACCOUNT OLEH HONG LEONG ICT TEAM \r\n4)  TEST & OK\r\n\r\n', 106, '10:40:00', NULL, NULL, NULL, NULL, NULL, NULL, NULL, NULL, NULL, NULL, NULL, NULL),
(15304, '027', '2016-01-21', '12:43:04', '096', '2016-01-23', '205       ', '2016-02-22', 3, 10, 212, 4587, 'LAPORAN CUTI STATUS LULUS & MOHON', '15/2/2016 NARGIS - USER MENERIMA & MENGESAHKAN PERMOHONAN\r\n===============\r\n23/1/2016 NARGIS - PERMOHONAN TELAH DISELESAIKAN\r\n================\r\n21/1/2016 NARGIS - 1) MELENGKAPKAN BORANG PERMOHONAN\r\n2) MENGAJUKAN KEPADA EN.SUHAIMI UNTUK TINDAKAN LANJUT', 106, '12:45:00', NULL, NULL, NULL, NULL, NULL, NULL, NULL, NULL, NULL, NULL, NULL, NULL),
(15321, '154', '2016-01-22', '15:43:10', '214', '2016-01-22', '205       ', '2016-01-29', 3, 1, 233, 4466, 'WINDOWS TIDAK BOLEH GUNA', '22012016 LEE - \r\n1.ACRONIS WINDOWS7\r\n2.UPDATE SIZA\r\n3.ADD PRINTER\r\n4.RESTORE BACKUP FILE\r\n\r\n', 107, '15:55:00', NULL, NULL, NULL, NULL, NULL, NULL, NULL, NULL, NULL, NULL, NULL, NULL),
(15341, '086', '2016-01-26', '09:45:19', '205', '2016-01-26', '205       ', '2016-01-26', 3, 10, 212, 3879, 'PERMOHONAN USER ID UNTUK  SIZA - NOOR LINA BT AZAINI (P144)', '26/1/2016 NARGIS -1) MELENGKAPKAN BORANG PERMOHONAN\r\n2) CREATION ID SIZA - P144\r\n3) PERMOHONAN TELAH DISELESAIKAN\r\n4) PASSWORD UNTUK SISTEM SIZA DISEALED DI DALAM SAMPUL SURAT & DIBERIKAN KEPADA AZIZAH', 106, '09:50:00', NULL, NULL, NULL, NULL, NULL, NULL, NULL, NULL, NULL, NULL, NULL, NULL),
(15342, '169', '2016-01-26', '11:52:47', '205', '2016-01-26', '205       ', '2016-01-26', 3, 9, 269, 4584, 'RESET PASSWORD EMAIL - HASBULLAH@ZAKAT.COM.MY', '26/1/2016 NARGIS -1) RESET PASSWORD USER DI ZIMBRA ADMIN\r\n2) MEMBERITAHU USER TENTANG AKAUN YANG TELAH DIRESET\r\n3) PERMOHONAN TELAH DISELESAIKAN', 128, '12:00:00', NULL, NULL, NULL, NULL, NULL, NULL, NULL, NULL, NULL, NULL, NULL, NULL),
(15343, '154', '2016-01-26', '12:14:08', '205', '2016-01-26', '205       ', '2016-01-26', 3, 3, 233, 4466, 'TIDAK BOLEH MASUK INTERNET. TIADA NETWORK', '26/1/2016 NARGIS - 1) MEMERIKSA CONNECTION INTERNET - PANGKAH \r\n2) RESTART PC\r\n3) TEST MASUK KE INTERNET & OK', 107, '12:20:00', NULL, NULL, NULL, NULL, NULL, NULL, NULL, NULL, NULL, NULL, NULL, NULL),
(15344, '154', '2016-01-26', '12:23:09', '205', '2016-01-26', '205       ', '2016-01-26', 3, 2, 233, 4466, 'TIDAK BOLEH DOWNLOAD FAIL YG DIZIP', '26/1/2016 NARGIS - 1) DOWNLOAD FAIL YANG DIZIP \r\n2) MENCUBA BUKA FAIL YANG TELAH DIZIP - TIDAK BOLEH\r\n3) MEMERIKSA SAMA ADA TERDAPAT SOFTWARE WINZIP @ WINRAR - TIADA\r\n4) DOWNLOAD SEMENTARA DARI ONLINE - WINRAR\r\n5) TEST & OK', 106, '12:30:00', NULL, NULL, NULL, NULL, NULL, NULL, NULL, NULL, NULL, NULL, NULL, NULL),
(15345, '027', '2016-01-26', '12:48:09', '074', '2016-01-28', '205       ', '2016-02-02', 3, 10, 212, 4969, 'TABLE SEMAK GAJI BUAT SATU PAGE SAHAJA - SEKARANG ADA 2 TABLE', '29/1/2016 NARGIS - USER MENERIMA & MENGESAHKAN PERMOHONAN\r\n================\r\n28/1/2016 NARGIS - PERMOHONAN TELAH DISELESAIKAN\r\n================\r\n26/1/2016 NARGIS - 1) MELENGKAPKAN BORANG PERMOHONAN\r\n2) MENGAJUKAN KEPADA EN.AHMAD UNTUK TINDAKAN LANJUT', 106, '12:50:00', NULL, NULL, NULL, NULL, NULL, NULL, NULL, NULL, NULL, NULL, NULL, NULL),
(15361, '086', '2016-01-27', '10:39:02', '096', '2016-01-27', '205       ', '2016-02-22', 3, 10, 212, 3879, 'TIDAK BOLEH MOHON CUTI UNTUK TARIKH YANG SAMA KECUALI UNTUK  CUTI SEPARUH HARI', '27/1/2016 NARGIS - 1) MELENGKAPKAN BORANG PERMOHONAN\r\n2) MENGAJUKAN KEPADA EN.SUHAIMI UNTUK TINDAKAN LANJUT\r\n3) PERMOHONAN TELAH DISELESAIKAN\r\n4) USER MENERIMA & MENGESAHKAN PERMOHONAN', 106, '10:45:00', NULL, NULL, NULL, NULL, NULL, NULL, NULL, NULL, NULL, NULL, NULL, NULL),
(15362, '154', '2016-01-27', '10:41:01', '214', '2016-01-27', '205       ', '2016-01-29', 3, 1, NULL, NULL, 'MASALAH PRINTER TALLY. ERROR MESSAGE "RIBBON FAULT"', '28012016 LEE - \r\n1.CHECK CLIP PAPER \r\n2. REMOVE SKRU\r\n3. CONNECT SPRIN \r\n4.INSERT PAPER\r\n5.TEST PRINT\r\n\r\nNOTE: MUST BE REPLACE NEW CLIP PAPER FOR THIS PRINTER\r\n', 107, '10:59:00', NULL, NULL, NULL, NULL, NULL, NULL, NULL, NULL, NULL, NULL, NULL, NULL),
(15363, '154', '2016-01-27', '10:51:49', '205', '2016-01-27', '205       ', '2016-01-28', 3, 2, 233, 4466, 'INSTALLATION OF WINCSCP', '27/01/2016 NARGIS - 1) USER MEMERLUKAN WINSCP UNTUK DOWNLOAD DATA\r\n2) MEMERIKSA PC USER - TIADA SOFTWARE WINSCP\r\n3) INSTALL WINSCP\r\n4) TEST & OK', 106, '11:00:00', NULL, NULL, NULL, NULL, NULL, NULL, NULL, NULL, NULL, NULL, NULL, NULL),
(15364, '086', '2016-01-27', '12:49:32', '223', '2016-01-29', '205       ', '2016-02-22', 3, 10, 212, 3879, 'LAPORAN KEDATANGAN LEWAT MENGIKUT BAHAGIAN', '15/2/2016 NARGIS - USER MENERIMA & MENGESAHKAN PERMOHONAN\r\n================\r\n29/1/2016 NARGIS - PERMOHONAN TELAH DISELESAIKAN\r\n===============\r\n27/1/2016 NARGIS - 1) MELENGKAPKAN BORANG PERMOHONAN\r\n2) MENGAJUKAN KEPADA EN.SUHAIMI UNTUK TINDAKAN LANJUT', 106, '12:55:00', NULL, NULL, NULL, NULL, NULL, NULL, NULL, NULL, NULL, NULL, NULL, NULL),
(15381, '184', '2016-01-28', '09:40:39', '223', '2016-01-29', '205       ', '2016-02-15', 3, 10, 220, 5013, 'MAKLUMAT PEMBAYAR 2014 YANG GAGAL MEMBAYAR PADA 2015 (NAMA,AMOUNT 2014, EMAIL)', '29/1/2016 NARGIS - 1) PERMOHONAN TELAH DISELESAIKAN\r\n2) USER MENERIMA & MENGESAHKAN PERMOHONAN\r\n===============\r\n28/1/2016 NARGIS - 1) MELENGKAPKAN BORANG PERMOHONAN\r\n2) MENGAJUKAN KEPADA EN.SUHAIM UNTUK TINDAKAN LANJUT', 106, '09:45:00', NULL, NULL, NULL, NULL, NULL, NULL, NULL, NULL, NULL, NULL, NULL, NULL),
(15401, '154', '2016-01-29', '12:04:33', '214', '2016-01-29', '205       ', '2016-01-29', 3, 1, 233, 3878, 'NO ACCESS INTERNET " GROUP POLICY STOP " NOT RUN', '29012016 LEE -\r\n1.ACRONIS WINDOWS7\r\n2.UPDATE SIZA\r\n3.ADD PRINTER\r\n4.RESTORE BACKUP FILE\r\n5.DONE\r\n', 107, '12:30:00', NULL, NULL, NULL, NULL, NULL, NULL, NULL, NULL, NULL, NULL, NULL, NULL),
(15402, '047', '2016-01-29', '14:31:52', '205', '2016-01-28', '205       ', '2016-01-29', 3, 3, 233, 2286, 'TIDAK BOLEH CONNECT KEPADA SIZA & TIDAK BOLEH PRINT', '28/1/2016 NARGIS - 1) MEMERIKSA NETWORK PC - TIADA\r\n2) MEMERIKSA KABEL NETWORK - DIDAPATI SUIS NETWORK TIDAK DIPASANG\r\n3) MEMASANG SUIS NETWORK\r\n4) TEST & OK', 107, '14:00:00', NULL, NULL, NULL, NULL, NULL, NULL, NULL, NULL, NULL, NULL, NULL, NULL),
(15403, '146', '2016-01-29', '14:36:29', '205', '2016-01-29', '205       ', '2016-01-29', 3, 7, 200, 2781, 'TIDAK BOLEH SCAN MENGUNAKAN DR DOK - ERROR MESSAGE  "DOCUMENT FEEDER"', '29/1/2016 NARGIS - 1) MENCUBA SCAN DOKUMEN YANG BERMASALAH - TIDAK OK\r\n2) MENCUBA SCAN DOKUMEN LAIN - OK \r\n3) DIDAPATI DOKUMEN BERMASALAH BERLIPAT MENYEBABKAN SCANNER TIDAK BOLEH SCAN\r\n', 106, '15:00:00', NULL, NULL, NULL, NULL, NULL, NULL, NULL, NULL, NULL, NULL, NULL, NULL),
(15404, '028', '2016-01-29', '14:42:39', '205', '2016-01-29', '205       ', '2016-01-29', 3, 2, 233, 2305, 'TIDAK BOLEH FTP FAIL KE PC', '29/1/2016 NARGIS - 1) MENCUBA FTP DARI PC KE FOLDER - TIDAK OK\r\n2) MENCUBA UNTUK FTP SATU FAIL TERLEBIH DAHULU - OK\r\n3) MENASIHATKAN USER UNTUK COPY SATU PERSATU FAIL\r\n4) TEST & OK', 106, '14:45:00', NULL, NULL, NULL, NULL, NULL, NULL, NULL, NULL, NULL, NULL, NULL, NULL),
(15405, '086', '2016-01-29', '16:42:31', '205', '2016-01-29', '205       ', '2016-01-29', 3, 10, 212, 3879, 'PERMOHONAN USER ID UNTUK  SIZA - MUHAMMAD AZIM BIN ABDUL MALEK (P145)', '29/1/2016 NARGIS -1) MELENGKAPKAN BORANG PERMOHONAN\r\n2) CREATION ID SIZA - P145\r\n3) PERMOHONAN TELAH DISELESAIKAN\r\n4) PASSWORD UNTUK SISTEM SIZA DISEALED DI DALAM SAMPUL SURAT & DIBERIKAN KEPADA AZIZAH', 106, '16:45:00', NULL, NULL, NULL, NULL, NULL, NULL, NULL, NULL, NULL, NULL, NULL, NULL),
(15421, '056', '2016-02-02', '11:29:47', '214', '2016-02-02', '205       ', '2016-02-02', 3, 1, 232, 2106, '"DOOR OPEN " CAN\'T PRINT', '02022016 LEE - \r\n1. CHECK DOOR OPEN \r\n2. MOVE AND CHANGE NEW PRINTER MODEL XEROX P355 B \r\n3. SETUP IP 10.10.13.134\r\n4. TEST PRINT', 107, '11:30:00', NULL, NULL, NULL, NULL, NULL, NULL, NULL, NULL, NULL, NULL, NULL, NULL),
(15422, '217', '2016-02-02', '11:30:32', '214', '2016-02-02', '205       ', '2016-02-02', 3, 1, 232, 2106, 'CAN\'T PRINT', '02022016 LEE - \r\n1. CHECK DOOR OPEN \r\n2. MOVE AND CHANGE NEW PRINTER MODEL XEROX P355 B \r\n3. SETUP IP 10.10.13.134\r\n4. TEST PRINT', 107, '11:31:00', NULL, NULL, NULL, NULL, NULL, NULL, NULL, NULL, NULL, NULL, NULL, NULL),
(15423, '193', '2016-02-02', '11:31:07', '214', '2016-02-02', '205       ', '2016-02-02', 3, 2, 218, 4869, 'CAN\'T OPEN OFFICE', '02022016 LEE -\r\nINSTALL WORD OFFICE 2010 " SEMENTARA " \r\nDONE', 106, '11:01:00', NULL, NULL, NULL, NULL, NULL, NULL, NULL, NULL, NULL, NULL, NULL, NULL),
(15424, '059', '2016-02-02', '11:33:01', '214', '2016-02-02', '205       ', '2016-02-02', 3, 1, 231, 27600, 'CAN\'T  ACCESS WIRELESS', '02022016 LEE -\r\n1. CHECK NETWORK PROTOCOL \r\n2. ENABLE WIRELESS NETWORK\r\n3. CONNECT PPZ@WIFI\r\n4.DONE &Z TEST', 107, '11:40:00', NULL, NULL, NULL, NULL, NULL, NULL, NULL, NULL, NULL, NULL, NULL, NULL),
(15425, '144', '2016-02-02', '14:26:39', '205', '2016-02-02', '205       ', '2016-02-02', 3, 4, 268, 1731, 'SIZA DITAHAN - PATCHES 161-162', '2/2/2016 NARGIS - 1) EMAIL PATCHES DARI 161-162 KE USER \r\n2) MENERANGKAN CARA INSTALL PATCHES YANG BETUL KEPADA USER\r\n3) TEST & OK', 106, '14:30:00', NULL, NULL, NULL, NULL, NULL, NULL, NULL, NULL, NULL, NULL, NULL, NULL),
(15426, '079', '2016-02-02', '14:27:08', '205', '2016-02-02', '205       ', '2016-02-02', 3, 4, 225, 3506, 'SIZA DITAHAN - PATCHES 156-162', '2/2/2016 NARGIS - 1) EMAIL PATCHES DARI 156-162 KE USER \r\n2) MENERANGKAN CARA INSTALL PATCHES YANG BETUL KEPADA USER\r\n3) TEST & OK', 106, '14:30:00', NULL, NULL, NULL, NULL, NULL, NULL, NULL, NULL, NULL, NULL, NULL, NULL),
(15427, '139', '2016-02-02', '15:27:39', '214', '2016-02-02', '205       ', '2016-02-02', 3, 1, 233, 3397, 'FROM: SAFIAH@ZAKAT.COM.MY\r\nTO: "NOORUL IZZATTHOL AKBARI" <NOORUL@ZAKAT.COM.MY>\r\nCC: "ZAIDI" <ZAIDI@ZAKAT.COM.MY>, "AZLAN" <AZLAN@ZAKAT.COM.MY>, "NORLAILA" <NORLAILA@ZAKAT.COM.MY>\r\nSENT: TUESDAY, FEBRUARY 2, 2016 12:02:10 PM\r\nSUBJECT: MOHON MENYEDIAKAN IP UNTUK PRINTER PN MISSABAH DAN PN ZULAIKHA\r\n\r\nSALAM\r\n\r\nMOHON UNIT IT MENYEDIAKAN IP UNTUK PRINTER PN MISSABAH DAN PN ZULAIKHA INI KERANA KERANI YANG BERDEKATAN TIDAK BOLEH PRINT DI TEMPAT MEREKA.\r\n\r\nSEBELUM NI PIHAK IT DAH DIMAKLUMKAN MENGENAI HAL INI...TETAPI TINDAKAN HANYA SEKALI DILAKUKAN DAN PRINTER MASIH TIDAK BOLEH DI CETAK OLEH ORANG LAIN.\r\n\r\nMOHON TINDAKAN DISEGERAKAN.\r\n\r\nSEKIAN TERIMA KASIH..\r\n\r\n-- \r\nNOR SAFIAH HUSANI \r\nKHIDMAT MAJIKAN & OPERASI DALAMAN | PPZ-MAIWP', '2/2/2016 LEE - MASALAH TELAH DISELESAIKAN\r\n=================\r\nFROM: "ZULKIFLI" <ZULKIFLI@ZAKAT.COM.MY>\r\nTO: "NOORUL IZZATTHOL AKHBARIEE" <NOORUL@ZAKAT.COM.MY>, SAFIAH@ZAKAT.COM.MY\r\nCC: "ZAIDI" <ZAIDI@ZAKAT.COM.MY>, "AZLAN" <AZLAN@ZAKAT.COM.MY>, "NORLAILA" <NORLAILA@ZAKAT.COM.MY>, "ICT HELPDESK" <ICTHELPDESK@ZAKAT.COM.MY>\r\nSENT: TUESDAY, FEBRUARY 2, 2016 4:50:54 PM\r\nSUBJECT: RE[2]: MOHON MENYEDIAKAN IP UNTUK PRINTER PN MISSABAH DAN PN ZULAIKHA\r\n\r\nPN ZULAIKHA\r\nTONER XEROX PHASE 3435 ZULAIKHA " TIADA " DALAM PRINTER . PERLU DI GANTI. \r\nIP ADDRESS : 10.10.14.42\r\n \r\nPN MISSABAH\r\nIP ADDRESS : 10.10.14.43\r\n \r\nSETIAP PRINT TERSEBUT  TELAH DI ADD KEPADA KOMPUTER PN.AZREENA , PN.ZULINA , PN.MISSABAH , PN.SURIAWATI KECUALI PN NORLAILA & PN ZULAIKHA " TIADA DI  WORKSTATION ". \r\n \r\nSEKIAN, \r\n \r\n', 107, '15:30:00', NULL, NULL, NULL, NULL, NULL, NULL, NULL, NULL, NULL, NULL, NULL, NULL),
(15441, '086', '2016-02-04', '07:46:20', '205', '2016-02-04', '205       ', '2016-02-04', 3, 10, 212, 3879, 'PERMOHONAN USER ID UNTUK  SIZA - MOHAMAD SYUKRI AB GAPUR (P146)', '4/2/2016 NARGIS -1) MELENGKAPKAN BORANG PERMOHONAN\r\n2) CREATION ID SIZA - P146\r\n3) PERMOHONAN TELAH DISELESAIKAN\r\n4) PASSWORD UNTUK SISTEM SIZA DISEALED DI DALAM SAMPUL SURAT & DIBERIKAN KEPADA AZIZAH', 106, '07:50:00', NULL, NULL, NULL, NULL, NULL, NULL, NULL, NULL, NULL, NULL, NULL, NULL),
(15442, '205', '2016-02-04', '08:16:29', '205', '2016-02-04', '205       ', '2016-02-04', 3, 11, 262, 3195, 'VOICE LOGGER IS NOT WORKING', '4/2/2016 NARGIS - 1) GO TO CLIENT APPLICATION - 10.10.15.82\r\n2) MASUKKAN USER ID & PASSWORD\r\n3) GO TO CONFIGURATION - DEVICES\r\n4) CLICK OK\r\n5) GO HOME & CHECK STATUS \r\n6) TEST & OK\r\n', 106, '08:19:00', NULL, NULL, NULL, NULL, NULL, NULL, NULL, NULL, NULL, NULL, NULL, NULL),
(15443, '234', '2016-02-04', '10:12:40', '096', '2016-02-05', '205       ', '2016-02-22', 3, 10, 216, 4576, 'LAPORAN DATA PEMBAYAR AKTIF & TIDAK AKTIF', '5/2/2016 NARGIS - 1) PERMOHONAN TELAH DISELESAIKAN\r\n2) USER MENERIMA & MENGESAHKAN PERMOHONANC\r\n==============\r\n4/2/2016 NARGIS - 1) MELENGKAPKAN BORANG PERMOHONAN\r\n2) PERMOHONAN DIAJUKAN KEPADA EN.SUHAIMI UNTUK TINDAKAN LANJUT', 106, '10:30:00', NULL, NULL, NULL, NULL, NULL, NULL, NULL, NULL, NULL, NULL, NULL, NULL),
(15444, '155', '2016-02-04', '15:10:18', '205', '2016-02-04', '205       ', '2016-02-05', 3, 10, 235, 3332, 'MENUKARKAN POSKOD BAGI PEMBAYAR - 540108105371 (MOHAMED NOOR BIN OTHMAN) DARI LABUAN\r\nKE NEGERI SEMBILAN', '4/2/2016 NARGIS - 1) DIDAPATI NEGERI PEMBAYAR SEBELUM INI DILETAKKAN SEBAGAI LABUAN\r\n2) PEMBETULAN NEGERI HANYA BOLEH DILAKUKAN OLEH KAKITANGAN LABUAN SAHAJA\r\n3) MENELEFON KAKITANGAN LABUAN  REHIMAH\r\n4) MENUKAR POSKOD YANG SEBENAR\r\n5) TEST & OK', 106, '15:15:00', NULL, NULL, NULL, NULL, NULL, NULL, NULL, NULL, NULL, NULL, NULL, NULL),
(15445, '012', '2016-02-05', '09:45:51', '231', '2016-02-11', '205       ', '2016-02-12', 3, 10, 202, 3068, 'AKSES KE SIZA MELALUI VPN (UNTUK MENYIAPKAN KERJA-KERJA PENILAIAN SEMUA K/TANGAN NON-EKSEKUTIF DI RUMAH MEMANDANGKAN TAK DAPAT DISIAPKAN DI OFFICE EKORAN JADUAL YANG PADAT) DARI 5/2/2016-10/2/2016', '11/2/2016 ZAMRI - MENUTUP VPN UNTUK EN.HAKIM\r\n=============\r\n5/2/2016 ZAMRI - \r\n1. SETTING CERT UTK HJ HAKIM DI SECUREWALL\r\n2. DOWNLOAD INSTALLER DI LAPTOP YANG HENDAK DIPAKAI\r\n3. INSTALL OPENVPN DI LAPTOP\r\n4. TEST RUN\r\n5. SEDIAKAN SEDIKIT ARAHAN CARA GUNA DAN LETAK DI DESKTOP', 106, '04:10:00', NULL, NULL, NULL, NULL, NULL, NULL, NULL, NULL, NULL, NULL, NULL, NULL),
(15446, '070', '2016-02-05', '15:31:03', '136', '2016-02-05', '205       ', '2016-02-05', 3, 1, 247, NULL, 'AIR COND BILIK SERVER BOCOR', '5/2/2016 NARGIS - 1) KEBOCORAN DISEBABKAN OLEH WATER PUMP BOCOR\r\n2) TELAH DIGANTI OLEH FIRDAUS OMAR\r\n3) MASALAH TELAH DISELESAIKAN', 107, '03:35:00', NULL, NULL, NULL, NULL, NULL, NULL, NULL, NULL, NULL, NULL, NULL, NULL),
(15447, '205', '2016-02-05', '15:58:24', '205', '2016-02-05', '205       ', '2016-02-05', 3, 10, 262, 3195, 'VOICE LOGGER IS NOT WORKING', '5/2/2016 NARGIS - 1) GO TO CLIENT APPLICATION - 10.10.15.82\r\n2) MASUKKAN USER ID & PASSWORD\r\n3) GO TO CONFIGURATION - DEVICES\r\n4) CLICK OK\r\n5) GO HOME & CHECK STATUS \r\n6) TEST & OK\r\n', 106, '09:00:00', NULL, NULL, NULL, NULL, NULL, NULL, NULL, NULL, NULL, NULL, NULL, NULL),
(15465, '066', '2016-02-10', '10:56:24', '231', '2016-02-10', '205       ', '2016-02-10', 3, 1, 233, 4467, 'PC TIDAK BOLEH ON. ERROR MESSAGE "WINDOWS FAIL TO START"', '10/2/2016 NARGIS - 1) TEKAN F8 SEMASA WINDOWS STARTUP - SAFE MODE\r\n2) PILIH LAST KNOWN GOOD CONFIGURATION (YOUR MOST RECENT SETTINGS THAT WORKED\r\n3) RESTART PC\r\n4) TEST & OK', 107, '11:00:00', NULL, NULL, NULL, NULL, NULL, NULL, NULL, NULL, NULL, NULL, NULL, NULL);
INSERT INTO `smict_aduan` (`ADUAN_ID`, `EMP_ID_ADUAN`, `TKH_ADUAN`, `MASA_ADUAN`, `EMP_ID_TINDAK`, `TKH_TINDAKAN`, `EMP_ID_SAH`, `TKH_SAH`, `KOD_STATUS`, `KOD_KATEGORI`, `LOKASI_ID`, `ICT_NO`, `ADUAN`, `TINDAKAN`, `UNIT_ID_TINDAK`, `MASA_TINDAKAN`, `KOD_SUMBERADUAN`, `KOD_JENISADUAN`, `LOGIN_DAFTAR`, `SBB_LEWAT`, `SBB_HELPDESK_LEWAT`, `TKH_ASSIGN`, `MASA_ASSIGN`, `TKH_SELESAI`, `MASA_SELESAI`, `CATATAN_EMP_ID_SAH`, `DOKUMEN_RUJUKAN`, `STATUS_SAH`) VALUES
(15485, '205', '2016-02-11', '09:28:11', '231', '2016-02-11', '205       ', '2016-02-11', 3, 4, 262, 3195, 'SIZA DOWN DI SEMUA KAUNTER.', '11/2/2016 ZAMRI - \r\n1. DAPAT ADUAN DARI KAUNTER MASJID NEGARA DAN ICT HELPDESK\r\n2. CHECK SECUREWALL - TAK BOLEH AKSES\r\n3. RESTART SECUREWALL. BOLEH AKSES DAN RESTART SERVIS VPN KE KAUNTER. AKSES KE SIZA BERJAYA DIPULIHKAN.\r\n4. CHECK LINE UNIFI - 1 LINE DOWN DISEBABKAN KEROSAKAN KABEL POWER MODEM.\r\n5. GANTIKAN SEMENTARA KABEL POWER YANG ROSAK DENGAN KABEL POWER LINE UNIFI YANG BARU YANG MASIH BELUM DIGUNAKAN.\r\n6. MODEM BERJAYA DIHIDUPKAN\r\n7. TEST VPN - OK', 106, '09:40:00', NULL, NULL, NULL, NULL, NULL, NULL, NULL, NULL, NULL, NULL, NULL, NULL),
(15486, '238', '2016-02-11', '11:59:38', '205', '2016-02-11', '205       ', '2016-02-11', 3, 9, 212, 5008, 'EMAIL TIDAK DIAKTIFKAN', '11/2/2016 NARGIS - 1) USER TIDAK BOLEH MEMBUKA EMAIL - DIDAPATI USER TIDAK PERNAH LOG IN KE EMAIL\r\n2) MEMINTA USER LOG IN KE EMAIL MENGGUNAKAN PASSWORD SEMENTARA\r\n3) MOHON USER UNTUK MENGGUNAKAN PASSWORD BARU - MIN 8 \r\n4) TEST & OK', 128, '12:00:00', NULL, NULL, NULL, NULL, NULL, NULL, NULL, NULL, NULL, NULL, NULL, NULL),
(15487, '111', '2016-02-11', '12:09:22', '096', '2016-02-11', NULL, NULL, 2, 10, 219, 3190, 'PENAMBAHAN KOD ID \'PPZ313\' & ID BATAL', '11/2/2016 NARGIS - 1) MELENGKAPKAN BORANG PERMOHONAN\r\n2) MENGAJUKAN KEPADA EN.SUHAIMI UNTUK TINDAKAN LANJUT', 106, '12:15:00', NULL, NULL, NULL, NULL, NULL, NULL, NULL, NULL, NULL, NULL, NULL, NULL),
(15488, '095', '2016-02-11', '12:12:40', '205', '2016-02-11', '205       ', '2016-02-11', 3, 4, 212, 2148, 'SIZA DITAHAN. PATCHES LOCALPATCHES = 161 & INSTALL =163', '11/2/2016 NARGIS - 1) EMAIL PATCHES DARI 162-163 KE USER \r\n2) MENERANGKAN CARA INSTALL PATCHES YANG BETUL KEPADA USER\r\n3) TEST & OK', 106, '12:15:00', NULL, NULL, NULL, NULL, NULL, NULL, NULL, NULL, NULL, NULL, NULL, NULL),
(15489, '238', '2016-02-11', '12:18:51', '205', '2016-02-11', '205       ', '2016-02-11', 3, 4, 212, 5008, 'TIDAK BOLEH MENDAFTAR TRAINING DI DALAM SIZA', '11/2/2016 NARGIS - 1) USER TIDAK BOLEH MENDAFTAR TRAINING DI DALAM SIZA\r\n2) DIDAPATI ORGANISASI TRAINING TIADA DI DALAM SIZA\r\n3) ORGANISASI HARUS DIDAFTAR TERLEBIH DAHULU SEBELUM DIDAFTAR\r\n4) MENDAFTAR ORGANISASI TRAINING DI DALAM SIZA\r\n5) DAFTAR TRAINING YANG INGIN DIHADIRI\r\n6) TEST & OK', 106, '12:20:00', NULL, NULL, NULL, NULL, NULL, NULL, NULL, NULL, NULL, NULL, NULL, NULL),
(15505, '086', '2016-02-15', '07:58:45', '096', '2016-02-15', NULL, NULL, 2, 10, 212, 3879, 'TARIKH PERMOHONAN CUTI AKAN DITUKAR SECARA AUTO MENGIKUT TARIKH CETAK BORANG CUTI', '15/2/2016 NARGIS - 1) MELENGKAPKAN BORANG PERMOHONAN\r\n2) MENGAJUKAN KEPADA EN.SUHAIMI UNTUK TINDAKAN LANJUT', 106, '08:00:00', NULL, NULL, NULL, NULL, NULL, NULL, NULL, NULL, NULL, NULL, NULL, NULL),
(15506, '038', '2016-02-15', '09:13:08', '231', '2016-02-12', '205       ', '2016-02-22', 3, 10, 205, 3040, 'AKSES KE SIZA MELALUI VPN PADA 12/2/2016 HINGGA 29/2/2016 UNTUK PENGISIAN KRA/KPI', '12/2/2016 ZAMRI - \r\n1. SETUP VPN CERTIFICATE UTK EN MOHAMMED\r\n2. INSTALL VPN CONFIGURATION DI LAPTOP EN MOHAMMED\r\n3. TEST VPN CONNECTION\r\n4. MENGAJAR EN MOHAMMED CARA-CARA MENGGUNAKAN OPENVPN\r\n5. TEST BUKA SIZA DAN OK', 106, '15:45:00', NULL, NULL, NULL, NULL, NULL, NULL, NULL, NULL, NULL, NULL, NULL, NULL),
(15507, '166', '2016-02-15', '09:14:44', '231', '2016-02-15', '205       ', '2016-02-22', 3, 10, 223, 2452, 'PERMOHONAN MENGGUNAKAN YOU TUBE UNTUK UPLOAD BAHAN VIDEO KE CHANNEL YOU TUBE/PPZTV DAN PEMBUAT WEB PORTAL ZAKAT.COM.MY', '15/2/2016 ZAMRI - \r\n1. SET ALLOW IP ADDRESS PC RUZAINI DI SECUREWALL UNTUK AKSES YOUTUBE\r\n2. TEST OK', 106, '10:05:00', NULL, NULL, NULL, NULL, NULL, NULL, NULL, NULL, NULL, NULL, NULL, NULL),
(15508, '174', '2016-02-15', '14:13:40', '162', '2016-02-16', NULL, NULL, 2, 3, 246, 588, 'MASALAH SISTEM AUDIO TIADA PADA PAPARAN GAMBAR DI TV. TV HANYA MENUNJUKKAN PAPARAN VISUAL DAN TIADA SEBARANG AUDIO BUNYI DI KELUARKAN. SEKIAN TERIMA KASIH', 'MINTA SEBUT HARGA UNTUK PIHAK QMS DATANG REPAIR', 107, '10:00:00', NULL, NULL, NULL, NULL, NULL, NULL, NULL, NULL, NULL, NULL, NULL, NULL),
(15509, '232', '2016-02-15', '14:51:07', '205', '2016-02-15', '205       ', '2016-02-15', 3, 9, 225, 3008, 'PENAMBAHAN EMAIL ADDRESS :- AHMADRUZAINI@ZAKAT.COM.MY KE DALAM OPERASI.LUAR @ZAKAT.COM.MY & OPERASI@ZAKAT.COM.MY', '15/2/2016 NARGIS - 1) MENAMBAHKAN EMAIL ADDRESS KE DALAM GROUP EMAIL OPERAS.LUAR@ZAKAT.COM.MY & OPERASI@ZAKAT.COM.MY\r\n2) PERUBAHAN DILAKUKAN MENGGUNAKAN EMAIL ADMIN\r\n3) MEMBERITAHU USER TENTANG STATUS PERMOHONAN\r\n4) PERMOHONAN TELAH DISELESAIKAN', 128, '15:00:00', NULL, NULL, NULL, NULL, NULL, NULL, NULL, NULL, NULL, NULL, NULL, NULL),
(15510, '106', '2016-02-15', '16:36:13', '205', '2016-02-15', '205       ', '2016-02-15', 3, 11, 244, 3011, 'TIADA PAPARAN SNAPSHOT CALL CENTER DI TV. ERROR MESSAGE "THIS PAGE CAN\'T BE DISPLAYED"', '15/2/2016 NARGIS - 1) PING 10.10.15.81 - OK\r\n2) BUKA LINK HTTP:\\10.10.15.81SNAPSHOT - TIDAK BOLEH\r\n3) RESTART PC\r\n4) BUKA SEMULA  LINK HTTP:\\10.10.15.81SNAPSHOT - OK\r\n', 106, '16:40:00', NULL, NULL, NULL, NULL, NULL, NULL, NULL, NULL, NULL, NULL, NULL, NULL),
(15511, '110', '2016-02-15', '16:42:10', '083', '2016-02-16', '205       ', '2016-02-24', 3, 1, 225, 4477, 'TIADA NETWORK. ERROR MESSAGE "LOCAL AREA CONNECTION" DOESN\'T HAVE A VALID IP CONFIGURATION"', '16/02/2016 MERANG 1) RESET NETWORK CONNECTION\r\n2) RESTART BUT STILL NO CONNECTION\r\n3) SET FIX IP MANUALLY\r\n4) RESTART \r\n5) TEST CONNECTION - OK', 107, '11:10:00', NULL, NULL, NULL, NULL, NULL, NULL, NULL, NULL, NULL, NULL, NULL, NULL),
(15512, '225', '2016-02-16', '11:13:17', '096', '2016-02-16', '205       ', '2016-02-22', 3, 10, 216, 2457, 'MEMOHON MAKLUMAT DATA ADUAN ID BAGI TAHUN 2015 (ATURAN SECARA MENAIK). CTH: NO ADUAN ID 14254,14255,14256,14257', '16/2/2/2016 ZANA - 1) MELENGKAPKAN BORANG PERMOHONAN\r\n2) MENGAJUKAN KEPADA EN.SUHAIMI UNTUK TINDAKAN LANJUT\r\n3) PERMOHONAN TELAH DISELESAIKAN\r\n4) USER MENERIMA & MENGESAHKAN PERMOHONAN', 106, '11:20:00', NULL, NULL, NULL, NULL, NULL, NULL, NULL, NULL, NULL, NULL, NULL, NULL),
(15513, '112', '2016-02-18', '11:32:08', '214', '2016-02-18', '205       ', '2016-02-24', 3, 10, 206, 669515, 'MEMOHON UNTUK INSTALL PRINTER COLOR EN.SYED.SUDAH INSTALL COLOUR EN.SYED TETAPI TIDAK BERFUNGSI DAN ADA MASALAH (OFFLINE) DAH RESTART ON SEMULA MASIH TIDAK BOLEH DIGUNAKAN', '18022016 LEE -\r\n1.ADD PRINTER DC2200\r\n2.DONE\r\n3.TEST PRINT', 106, '14:00:00', NULL, NULL, NULL, NULL, NULL, NULL, NULL, NULL, NULL, NULL, NULL, NULL),
(15514, '064', '2016-02-22', '10:15:33', '205', '2016-02-22', '205       ', '2016-02-22', 3, 9, 204, 3189, 'PENAMBAHAN EMAIL ADDRESS :- NORLIAYANA@ZAKAT.COM.MY KE DALAM UKEWANGAN@ZAKAT.COM.MY', '22/2/2016 NARGIS - 1) MENAMBAHKAN EMAIL ADDRESS KE DALAM GROUP EMAIL UKEWANGAN@ZAKAT.COM.MY\r\n2) PERUBAHAN DILAKUKAN MENGGUNAKAN EMAIL ADMIN\r\n3) MEMBERITAHU USER TENTANG STATUS PERMOHONAN\r\n4) PERMOHONAN TELAH DISELESAIKAN', 128, '10:20:00', NULL, NULL, NULL, NULL, NULL, NULL, NULL, NULL, NULL, NULL, NULL, NULL),
(15515, '087', '2016-02-22', '10:28:16', '205', '2016-02-22', '205       ', '2016-02-22', 3, 4, 211, 5014, 'SIZA PATCHES TIDAK BOLEH DINSTALL PADA PC STAFF PRAKTIKAL (162-165)', '22/2/2016 NARGIS - 1) EMAIL PATCHES DARI 162-165KE USER \r\n2) MENERANGKAN CARA INSTALL PATCHES YANG BETUL KEPADA USER\r\n3) TEST & OK', 106, '10:30:00', NULL, NULL, NULL, NULL, NULL, NULL, NULL, NULL, NULL, NULL, NULL, NULL),
(15516, '017', '2016-02-22', '10:36:40', '205', '2016-02-22', '205       ', '2016-02-22', 3, 4, 219, 2445, 'ERROR PATCHES164.EXE IS NOT COMMONLY DOWNLOADED AND COULD BE DANGEROUS', '22/2/2016 NARGIS - 1) MENERUSKAN INSTALLATION DENGAN MENGKLIK OPTIONS- RUN ANYWAY\r\n2) TEST SIZA & OK', 106, '10:40:00', NULL, NULL, NULL, NULL, NULL, NULL, NULL, NULL, NULL, NULL, NULL, NULL),
(15517, '012', '2016-02-22', '11:25:38', '205', '2016-02-22', '205       ', '2016-02-22', 3, 9, 202, 3068, 'EMAIL ZIMBRA TIDAK BOLEH MASUK - ACCT STATUS LOCKOUT', '22/2/2016 NARGIS - 1) MEMERIKSA CONNECTION EMAIL - OK\r\n2) CHECK STATUS ACCOUNT DI ADMIN - LOCKOUT \r\n3) MENUKAR STATUS ACCOUNT - DARI LOCKOUT--> ACTIVE\r\n4) LOG IN EMAIL & OK\r\n', 128, '11:30:00', NULL, NULL, NULL, NULL, NULL, NULL, NULL, NULL, NULL, NULL, NULL, NULL),
(15518, 'KS022', '2016-02-23', '07:57:17', '096', '2016-02-23', '205       ', '2016-02-23', 3, 10, 228, NULL, 'PERMOHONAN UNTUK MENGAKSES MODUL SMOZ UNTUK MENGISI AKTIVITI PEGAWAI DAN ANALISA UNTUK PEMASARAN ZAKAT', '23/2/2016 NARGIS - 1) MENGAJUKAN KEPADA EN.SUHAIMI UNTUK TINDAKAN LANJUT\r\n2) MEMBUKA AKSES SMOZ UNTUK PEMOHON\r\n3) TEST & OK', 106, '09:00:00', NULL, NULL, NULL, NULL, NULL, NULL, NULL, NULL, NULL, NULL, NULL, NULL),
(15519, '182', '2016-02-23', '14:25:10', '096', '2016-02-23', NULL, NULL, 2, 10, 219, 3428, 'TAMBAHAN COLUMN "TARIKH URUSAN" PADA LAPORAN KAUNTER POS', '23/2/2016 NARGIS - 1) MELENGKAPKAN BORANG PERMOHONAN\r\n2) MENGAJUKAN KEPADA EN.SUHAIMI UNTUK TINDAKAN LANJUT', 106, '14:30:00', NULL, NULL, NULL, NULL, NULL, NULL, NULL, NULL, NULL, NULL, NULL, NULL),
(15520, '215', '2016-02-23', '15:09:52', '215', '2016-02-23', '205       ', '2016-02-24', 3, 10, 262, 2146, 'AKTIVITI PENYELENGGARAAN DI SERVER SPID', '23/2/2016 NARGIS - 1) MENGHANTAR EMAIL PEMBERITAHUAN KEPADA WARGA\r\n===============\r\nFROM: "ICT HELPDESK" <ICTHELPDESK@ZAKAT.COM.MY>\r\nTO: "WARGA PPZ" <WARGA.PPZ@ZAKAT.COM.MY>\r\nCC: "RUZANATUL DALILA KHOLID" <RUZANATUL@ZAKAT.COM.MY>, "NOORUL" <NOORUL@ZAKAT.COM.MY>\r\nSENT: TUESDAY, FEBRUARY 23, 2016 3:11:55 PM\r\nSUBJECT: PERHATIAN :- GANGGUAN TERHADAP SISTEM SPID\r\n\r\nEMAIL INI DIHANTAR BAGI PIHAK UNIT ICT:\r\n\r\nDIMAKLUMKAN BAHAWA TERDAPAT AKTIVITI KONFIGURASI SPID . BUTIRAN ADALAH SEPERTI BERIKUT:-\r\n  \r\nTARIKH :- 23, FEBRUARI 2016 (SELASA) \r\nANGGARAN DOWNTIME :- 3.15 PM-3.45PM \r\nSISTEM YG TERJEJAS :- SISTEM SPID \r\nPENGGUNA YG TERJEJAS :- WARGA PPZ \r\nSEBAB :- AKTIVITI PENYELENGGARAAN DI SERVER SPID \r\nADUAN NO :- 15520 \r\n \r\nBAGI MENDAPATKAN PENJELASAN ATAU MAKLUMAT LANJUT, SILA HUBUNGI KAMI DI 03-92895738 ATAU EMAIL KAMI DI ICTHELPDESK@ZAKAT.COM.MY \r\n \r\nTERIMA KASIH,\r\n\r\nNARGIS BINTI ISMAIL \r\nEXECUTIVE IT HELPDESK | PPZ-MAIWP\r\n=============\r\n2) KERJA MENYELENGGARAAN TELAH SELESAI\r\n', 106, '15:10:00', NULL, NULL, NULL, NULL, NULL, NULL, NULL, NULL, NULL, NULL, NULL, NULL),
(15521, '083', '2016-02-23', '17:05:26', '205', '2016-02-23', '205       ', '2016-02-23', 3, 10, 222, 2645, 'CREATE USER ID BAGI BOD UNTUK DAFTAR PC', '23/2/2016 NARGIS - 1) DAFTAR PC BAGI BOD MENGIKUT NAMA YANG DIBERIKAN\r\n2) MEMBERITAHU KEPADA PEMOHON TENTANG  STATUS PERMOHONAN\r\n3) PERMOHONAN TELAH DISELESAIKAN\r\n', 106, '17:10:00', NULL, NULL, NULL, NULL, NULL, NULL, NULL, NULL, NULL, NULL, NULL, NULL),
(15522, '172', '2016-02-24', '11:09:15', '083', '2016-02-24', '205       ', '2016-02-25', 3, 4, 238, 2464, 'LOADING TERLALU LAMA SEMASA PRINT RESIT.', '24/2/2016 MERANG 1) CHECK NETWORK CONNECTION\r\n2) PING SIZA 10.10.1.3\r\n3) MONITOR CONNECTION\r\n4) RESTART MODEM\r\n5) TEST CONNECTION AND PING\r\n6) OK', 106, '04:45:00', NULL, NULL, NULL, NULL, NULL, NULL, NULL, NULL, NULL, NULL, NULL, NULL),
(15523, '174', '2016-02-24', '11:34:08', '083', '2016-02-25', '205       ', '2016-02-26', 3, 1, 246, NULL, 'MESIN TERMINAL KAD DEBIT/KREDIT TIADA TALIAN TELEFON.STATUS ERROR.TQ', '25/2/2016 MERANG 1) CHECK LINE PHONE CONNECTION\r\n2) NO DIAL TONE\r\n3) CONNECT DIRECT - TEST DIAL HAVE TONE\r\n4) TRY USE TERMINAL BUT NO CONNECTION\r\n5) CHECK CABLE LINE PHONE TERMINAL BY NIZAM ADAMANT\r\n6) TEST TERMINAL CONNECTION\r\n7) OK', 107, '03:00:00', NULL, NULL, NULL, NULL, NULL, NULL, NULL, NULL, NULL, NULL, NULL, NULL),
(15524, '163', '2016-02-24', '11:49:12', '096', '2016-02-24', NULL, NULL, 2, 10, 219, 2461, 'MENGASINGKAN 2 CEK YANG BERLAINAN TETAPI MEMPUNYAI NOMBOK CEK YANG SAMA', '24/2/2016 NARGIS - 1) MELENGKAPKAN BORANG PERMOHONAN\r\n2) MENGAJUKAN KEPADA EN.SUHAIMI UNTUK TINDAKAN LANJUT', 106, '11:55:00', NULL, NULL, NULL, NULL, NULL, NULL, NULL, NULL, NULL, NULL, NULL, NULL),
(15525, '199', '2016-02-24', '15:58:08', '205', '2016-02-24', '205       ', '2016-02-24', 3, 4, 262, 2832, 'SIZA DITAHAN. PATCHES LOCALPATCHES = 162 & INSTALL =165', '24/2/2016 NARGIS - 1) EMAIL PATCHES DARI 163-165 KE USER \r\n2) MENERANGKAN CARA INSTALL PATCHES YANG BETUL KEPADA USER\r\n3) TEST & OK', 106, '16:10:00', NULL, NULL, NULL, NULL, NULL, NULL, NULL, NULL, NULL, NULL, NULL, NULL),
(15526, '180', '2016-02-25', '15:46:00', '231', '2016-02-26', '205       ', '2016-03-03', 3, 10, 219, 3191, 'PERMOHONAN CAPAIAN INTERNET UNTUK EBANKER BAGI MENYEMAK PENYATA AKAUN BULANAN', '26/2/2016 ZAMRI -\r\n1. MENYERAHKAN BORANG UTK DIISI OLEH PENGGUNA\r\n2. MENYERAHKAN BORANG UTK DISOKONG OLEH PENGURUS/KETUA UNIT\r\n3. PERMOHONAN DILULUSKAN OLEH TKPE\r\n', 106, '05:13:00', NULL, NULL, NULL, NULL, NULL, NULL, NULL, NULL, NULL, NULL, NULL, NULL),
(15527, '084', '2016-02-25', '16:07:17', '231', '2016-02-26', '205       ', '2016-03-03', 3, 10, 223, 2248, 'PERMOHONAN CAPAIAN INTERNET UNTUK YOUTUBE, FACEBOOK & VIDEO', '26/2/2016 ZAMRI -\r\n1. MENYERAHKAN BORANG UTK DIISI OLEH PENGGUNA\r\n2. MENYERAHKAN BORANG UTK DISOKONG OLEH PENGURUS/KETUA UNIT\r\n3. PERMOHONAN DILULUSKAN OLEH TKPE\r\n', 106, '05:17:00', NULL, NULL, NULL, NULL, NULL, NULL, NULL, NULL, NULL, NULL, NULL, NULL),
(15528, '163', '2016-02-25', '16:08:17', '231', '2016-02-26', '205       ', '2016-03-03', 3, 10, 219, 2461, 'PERMOHONAN CAPAIAN INTERNET UNTUK EBANKER BAGI DAPATKAN PENYATA BANK', '26/2/2016 ZAMRI -\r\n1. MENYERAHKAN BORANG UTK DIISI OLEH PENGGUNA\r\n2. MENYERAHKAN BORANG UTK DISOKONG OLEH PENGURUS/KETUA UNIT\r\n3. PERMOHONAN DILULUSKAN OLEH TKPE\r\n', 106, '05:17:00', NULL, NULL, NULL, NULL, NULL, NULL, NULL, NULL, NULL, NULL, NULL, NULL),
(15529, '070', '2016-02-25', '16:10:28', '231', '2016-02-26', '205       ', '2016-03-03', 3, 10, 248, 1792, 'PERMOHONAN CAPAIAN INTERNET UNTUK YOUTUBE, FACEBOOK & VIDEO BAGI MEDIA BARU & KAJIAN', '26/2/2016 ZAMRI - \r\n1. MENYERAHKAN BORANG UTK DIISI OLEH PENGGUNA\r\n2. MENYERAHKAN BORANG UTK DISOKONG OLEH PENGURUS/KETUA UNIT\r\n3. PERMOHONAN DILULUSKAN OLEH TKPE\r\n', 106, '05:15:00', NULL, NULL, NULL, NULL, NULL, NULL, NULL, NULL, NULL, NULL, NULL, NULL),
(15530, '083', '2016-02-25', '16:11:49', '231', '2016-02-26', '205       ', '2016-03-03', 3, 10, 222, 2645, 'PERMOHONAN CAPAIAN INTERNET UNTUK YOUTUBE, FACEBOOK & VPN UNTUK MEMBANTU SISTEM ADMIN', '26/2/2016 ZAMRI - \r\n1. MENYERAHKAN BORANG UTK DIISI OLEH PENGGUNA\r\n2. MENYERAHKAN BORANG UTK DISOKONG OLEH PENGURUS/KETUA UNIT\r\n3. PERMOHONAN DILULUSKAN OLEH TKPE\r\n', 106, '05:16:00', NULL, NULL, NULL, NULL, NULL, NULL, NULL, NULL, NULL, NULL, NULL, NULL),
(15531, '111', '2016-02-25', '16:13:04', '231', '2016-02-26', '205       ', '2016-03-03', 3, 10, 219, 3190, 'PERMOHONAN CAPAIAN INTERNET UNTUK EBANKER BAGI DAPATKAN PENYATA BANK', '26/2/2016 ZAMRI - \r\n1. MENYERAHKAN BORANG UTK DIISI OLEH PENGGUNA\r\n2. MENYERAHKAN BORANG UTK DISOKONG OLEH PENGURUS/KETUA UNIT\r\n3. PERMOHONAN DILULUSKAN OLEH TKPE\r\n', 106, '05:16:00', NULL, NULL, NULL, NULL, NULL, NULL, NULL, NULL, NULL, NULL, NULL, NULL),
(15532, '231', '2016-02-25', '16:14:34', '231', '2016-02-26', '205       ', '2016-03-03', 3, 10, 222, 2833, 'PERMOHONAN CAPAIAN INTERNET UNTUK YOUTUBE, FACEBOOK, VIDEO, E-BANKER & VPN UNTUK TESTING FIREWALL & MONITORING', '26/2/2016 ZAMRI - \r\n1. MENYERAHKAN BORANG UTK DIISI OLEH PENGGUNA\r\n2. MENYERAHKAN BORANG UTK DISOKONG OLEH PENGURUS/KETUA UNIT\r\n3. PERMOHONAN DILULUSKAN OLEH TKPE\r\n', 106, '05:15:00', NULL, NULL, NULL, NULL, NULL, NULL, NULL, NULL, NULL, NULL, NULL, NULL),
(15533, '239', '2016-02-25', '16:15:52', '231', '2016-02-26', '205       ', '2016-03-03', 3, 10, 223, NULL, 'PERMOHONAN CAPAIAN INTERNET UNTUK YOUTUBE, FACEBOOK & VIDEO UNTUK PEMBANGUNAN LAMAN WEB', '26/2/2016 ZAMRI - \r\n1. MENYERAHKAN BORANG UTK DIISI OLEH PENGGUNA\r\n2. MENYERAHKAN BORANG UTK DISOKONG OLEH PENGURUS/KETUA UNIT\r\n3. PERMOHONAN DILULUSKAN OLEH TKPE\r\n', 106, '05:14:00', NULL, NULL, NULL, NULL, NULL, NULL, NULL, NULL, NULL, NULL, NULL, NULL),
(15534, '066', '2016-02-26', '11:57:03', '205', '2016-02-26', '205       ', '2016-02-26', 3, 2, 233, 4467, 'TIDAK BOLEH BUKA FAIL DATA PEMBAYAR DARI MAYBANK', '26/2/2016 NARGIS - 1) MEMBUKA ZIP FAIL YANG DIHANTAR OLEH PIHAK MAYBANK\r\n2) OPEN WITH WINDOWS EXPLORER\r\n3) DOUBLE CLICK PADA FAIL YANG DIHANTAR\r\n4) MASUKKAN PASSWORD YANG DIBERIKAN\r\n5) TEST & OK', 106, '12:15:00', NULL, NULL, NULL, NULL, NULL, NULL, NULL, NULL, NULL, NULL, NULL, NULL),
(15535, '110', '2016-02-26', '12:06:15', '205', '2016-02-26', '205       ', '2016-02-26', 3, 2, 225, 2145, 'SAVE SEMUA FOLDER DI DESKTOP KE DRIVE D UNTUK MENGELAKKAN FAIL HILANG SEKIRANYA BERLAKU KEROSAKAN PADA PC', '26/2/2016 NARGIS - 1) COPY & CUT FOLDER DARI DESKTOP KE DRIVE D\r\n2) RIGHT CLICK PADA FOLDER TERSEBUT DAN PILIH SEND TO - DESKTOP (CREATE SHORTCUT)\r\n3) MEMOHON USER UNTUK MELAKUKANNYA SENDIRI\r\n4) TEST & OK', 106, '12:10:00', NULL, NULL, NULL, NULL, NULL, NULL, NULL, NULL, NULL, NULL, NULL, NULL),
(15536, '215', '2016-02-26', '15:34:50', '215', '2016-02-26', '205       ', '2016-03-04', 3, 10, 262, 2146, 'SPID', '26/2/2016 NARGIS - KERJA-KERJA MAINTENANCE DILAKUKAN OLEH VENDOR PRO OFFICE', 106, '15:40:00', NULL, NULL, NULL, NULL, NULL, NULL, NULL, NULL, NULL, NULL, NULL, NULL),
(15537, '231', '2016-02-26', '16:53:04', '231', '2016-02-26', '205       ', '2016-03-04', 3, 10, 222, 2833, 'KERJA-KERJA MAINTENANCE SERVER', '26/2/2016 NARGIS - KERJA-KERJA MAINTENANCE DILAKUKAN OLEH VENDOR ADAMANT\r\n', 106, '17:00:00', NULL, NULL, NULL, NULL, NULL, NULL, NULL, NULL, NULL, NULL, NULL, NULL),
(15538, '173', '2016-02-29', '11:31:02', NULL, NULL, NULL, NULL, 1, 1, 239, NULL, 'KEROSAKAN PRINTER JENAMA SAMSUNG SCX-4521F\r\n-PENCETAKAN BERGARIS\r\n-TIDAK BOLEH LOAD PAPER MELEBIHI 1\r\n-KERAP TERSANGKUT', NULL, 107, NULL, NULL, NULL, NULL, NULL, NULL, NULL, NULL, NULL, NULL, NULL, NULL, NULL),
(15539, '174', '2016-03-02', '18:24:35', NULL, NULL, NULL, NULL, 1, 3, 246, NULL, 'TERMINAL MESIN KAD KREDIT/DEBIT MASIH LAGI MENGALAMI MASALAH TIDAK MENDAPAT LINE SAMBUNGAN DAN SISTEM OFFLINE. KEADAAN INI MENYUKARKAN PEMBAYAR ZAKAT YANG MENGGUNAKAN KAEDAH BAYARAN SECARA KAD KREDIT/DEBIT.\r\nSEKIAN MAKLUMAN.', NULL, 107, NULL, NULL, NULL, NULL, NULL, NULL, NULL, NULL, NULL, NULL, NULL, NULL, NULL),
(15540, '100', '2016-03-03', '15:00:22', '096', '2016-03-03', NULL, NULL, 2, 10, 233, 4473, 'PEMBAYAR POTONG GAJI PILIH JENIS ZAKAT - ZAKAT HARTA', '3/3/2016 NARGIS - 1) MELENGKAPKAN BORANG PERMOHONAN\r\n2) MENGAJUKAN KEPADA EN.SUHAIMI UNTUK TINDAKAN LANJUT', 106, '15:05:00', NULL, NULL, NULL, NULL, NULL, NULL, NULL, NULL, NULL, NULL, NULL, NULL),
(15541, '167', '2016-03-03', '15:56:22', '096', '2016-03-03', NULL, NULL, 2, 10, 211, 3940, 'MAKLUMAT LATIHAN', '3/3/2016 NARGIS - 1) MELENGKAPKAN BORANG PERMOHONAN\r\n2) MENGAJUKAN KEPADA EN.SUHAIMI UNTUK TINDAKAN LANJUT', 106, '16:00:00', NULL, NULL, NULL, NULL, NULL, NULL, NULL, NULL, NULL, NULL, NULL, NULL),
(15542, '100', '2016-03-04', '10:58:01', '074', '2016-03-08', '205       ', '2016-03-14', 3, 10, 233, 4473, 'BIZCHNNEL TAK BOLEH DIAL UP', '14/3/2016 NARGIS - MASALAH TELAH DISELESAIKAN\r\n==============\r\n8/3/2016 NARGIS - MENGHANTAR EMAIL PEMBERITAHUAN KEPADA VENDOR\r\n==============\r\nFROM: "AHMAD HUSAIZI" <HUSAIZI@ZAKAT.COM.MY>\r\nTO: BIZCHANNEL@CIMB.COM\r\nCC: "ROZY" <ROZY@ZAKAT.COM.MY>, "NARGIS ISMAIL" <NARGIS@ZAKAT.COM.MY>, "ZAIDI" <ZAIDI@ZAKAT.COM.MY>\r\nSENT: TUESDAY, MARCH 8, 2016 10:49:26 AM\r\nSUBJECT: ACCESS TO BIZCHANNEL SERVER\r\n\r\nHI ...\r\n\r\nWE CANNOT ACCESS TO BIZCHANNEL SERVER SINCE THURSDAY 03/07/2016 TO DOWNLOAD ZAKAT PAYMENT DATA\r\n- WE ARE GIVEN THREE DIAL-UP NUMBER TO ACCESS\r\n  - 89221277 - CONNECTED BUT NO FILE DISPLAY\r\n  - 89221282 - NOT CONNECTED\r\n  - 89221289 - NOT CONNECTED\r\n\r\n- SEE ATTACHMENTS FOR FURTHER DETAILS.\r\n\r\nTQ\r\n\r\nAHMAD HUSAIZI BIN HASHIM\r\nUNIT PEMBANGUNAN PERISIAN SIZA', 106, '11:00:00', NULL, NULL, NULL, NULL, NULL, NULL, NULL, NULL, NULL, NULL, NULL, NULL),
(15543, '198', '2016-03-04', '15:41:10', '205', '2016-03-04', '205       ', '2016-03-04', 3, 10, 210, 3894, 'FROM: "FAEZAH" <FAEZAH@ZAKAT.COM.MY>\r\nTO: "NARGIS ISMAIL" <NARGIS@ZAKAT.COM.MY>\r\nCC: "NOR AZIRA" <AZIRA@ZAKAT.COM.MY>\r\nSENT: FRIDAY, MARCH 4, 2016 11:50:37 AM\r\nSUBJECT: MANUAL KUALITI\r\n\r\nKAK NARGIS, NAK MINTAK TOLONG PASTE MANUAL KUALITI DALAM GVP > PROSEDUR > PROSEDUR MS ISO 9001 2008 Q -PPZ. AKAK REPLACE DOKUMEN LAMA JE OK..\r\n\r\nTQ..\r\nSITI FAEZAH BINTI MOHD ARIS\r\nUNIT KUALITI | PPZ-MAIWP', '4/3/2016 NARGIS - 1) MELETAKKAN FAIL KE \\SHARE.ZAKAT.COM.MYGVP > PROSEDUR > PROSEDUR MS ISO 9001 2008 Q -PPZ\r\n2) PERMOHONAN TELAH DISELESAIKAN\r\n3) MEMBERITAHU USER TENTANG STATUS PERMOHONAN', 106, '15:55:00', NULL, NULL, NULL, NULL, NULL, NULL, NULL, NULL, NULL, NULL, NULL, NULL),
(15544, '156', '2016-03-04', '15:45:06', '205', '2016-03-04', '205       ', '2016-03-04', 3, 4, 210, 2827, 'TIDAK BOLEH MEMASUKKAN TARIKH TUNTUTAN DI SPSM - TUNTUTAN - PERJALANAN', '4/3/2016 NARGIS - 1) USER TIDAK BOLEH MEMASUKKAN TARIKH\r\n2) DIDAPATI USER TIDAK MENEKAN MENGGUNAKAN FORMAT YANG BETUL UNTUK TARIKH\r\n3) MEMBERITAHU USER UNTUK MEMASUKKAN TARIKH YANG BETUL\r\n4) TEST & OK', 106, '16:00:00', NULL, NULL, NULL, NULL, NULL, NULL, NULL, NULL, NULL, NULL, NULL, NULL),
(15545, '132', '2016-03-04', '16:28:27', '205', '2016-03-04', '205       ', '2016-03-04', 3, 4, 239, NULL, 'SIZA TIDAK BOLEH DICONNECT. KELUAR MESSAGE BOX UNTUK MEMASUKKAN "USER NAME", \r\n"PASSWORD" & DATABASE', '4/3/2016 NARGIS - 1) MEMOHON USER UNTUK MENUTUP SEMUA SKRIN SIZA TERMASUK LAPORAN\r\n2) MEMBUKA SEMULA SIZA\r\n3) TEST & OK', 106, '16:30:00', NULL, NULL, NULL, NULL, NULL, NULL, NULL, NULL, NULL, NULL, NULL, NULL),
(15546, '231', '2016-03-04', '17:30:53', '231', '2016-03-04', '205       ', '2016-03-07', 3, 10, 222, 2833, 'PEMASANGAN DAN KONFIGURASI WIFI DAN TALIAN UNIFI 60MBPS', '4/3/2016 NARGIS - KERJA-KERJA PEMASANGAN DAN KONFIGURASI WIFI DAN TALIAN UNIFI 60MBPS TELAH DISELESAIKAN', 106, '17:00:00', NULL, NULL, NULL, NULL, NULL, NULL, NULL, NULL, NULL, NULL, NULL, NULL),
(15547, '106', '2016-03-07', '09:14:40', '231', '2016-03-07', '205       ', '2016-03-08', 3, 11, 244, 3109, 'TIDAK BOLEH CONNECT KE HTTP://10.10.15.81/SNAPSHOT & SEMUA TINGKAT 4 TIADA INTERNET', '7/3/2016 ZAMRI - \r\n1. REPAIR NETWORK VLAN TINGKAT 4 - SUKSES\r\n2. TRY SEMULA MASUK KE URL 10.10.15.81/SNAPSHOT - SUKSES\r\n3. TEST DENGAN USER - SUKSES', 106, '03:10:00', NULL, NULL, NULL, NULL, NULL, NULL, NULL, NULL, NULL, NULL, NULL, NULL),
(15548, '037', '2016-03-07', '11:29:35', '205', '2016-03-07', '205       ', '2016-03-07', 3, 10, 214, 3896, '----- FORWARDED MESSAGE -----\r\nFROM: ASFA@ZAKAT.COM.MY\r\nTO: "NARGIS ISMAIL" <NARGIS@ZAKAT.COM.MY>\r\nCC: "ICT HELPDESK" <ICTHELPDESK@ZAKAT.COM.MY>\r\nSENT: MONDAY, MARCH 7, 2016 9:36:16 AM\r\nSUBJECT: MOHON PINDAH FILE KE DALAM GVP FOLDER GARIS PANDUAN - ACCORDINGLY\r\n\r\n002 - PENGANJURAN MAJLIS RASMI - BAHAGIAN KPE\r\n004 - PENGURUSAN STOR OPERASI - BAHAGIAN OPERASI\r\n011 - KAWALAN PENGHUTANG - BAHAGIAN KEWANGAN\r\n034 - PENGAMBILAN TAKAFUL UNTUK KAKITANGAN DAN LEMBAGA PENGARAH - BAHAGIAN KHIDMAT PENGURUSAN\r\n\r\nTHANK YOU.', '7/3/2016 NARGIS - 1) MELETAKKAN FAIL KE \\SHARE.ZAKAT.COM.MYGVPGARIS PANDUAN MENGIKUT BAHAGIAN YANG DIBERIKAN\r\n2) PERMOHONAN TELAH DISELESAIKAN\r\n3) MEMBERITAHU USER TENTANG STATUS PERMOHONAN', 106, '11:35:00', NULL, NULL, NULL, NULL, NULL, NULL, NULL, NULL, NULL, NULL, NULL, NULL),
(15549, '129', '2016-03-07', '11:36:12', '205', '2016-03-07', '205       ', '2016-03-07', 3, 10, 218, 4474, 'RESET PASSWORD SIZA', '7/3/2016 NARGIS - 1) PASSWORD DIRESET KERANA USER TIDAK INGAT PASSWORD YANG BARU DITUKAR\r\n2) RESET PASSWORD USER \r\n3) MEMBERITAHU USER TENTANG PASSWORD SEMENTARA & MEMINTANYA MENUKAR KE PASSWORD YANG BARU\r\n4) TEST & OK', 106, '11:40:00', NULL, NULL, NULL, NULL, NULL, NULL, NULL, NULL, NULL, NULL, NULL, NULL),
(15550, '224', '2016-03-08', '10:22:17', '205', '2016-03-08', '205       ', '2016-03-08', 3, 9, 200, 4637, 'DISTRIBUTION LIST - CHECKLISTEXEC@ZAKAT.COM.MY', '8/3/2015 NARGIS - 1) MEMASUKKAN NAMA STAFF MENGIKUT LAMPIRAN YANG DIBERIKAN \r\n2) MEMAKLUMKAN KEPADA PEMOHON\r\n3) PERMOHONAN TELAH DISELESAIKAN\r\n4) TEST & OK', 128, '10:30:00', NULL, NULL, NULL, NULL, NULL, NULL, NULL, NULL, NULL, NULL, NULL, NULL),
(15551, '223', '2016-03-08', '10:32:29', '231', '2016-03-08', '205       ', '2016-03-10', 3, 10, 221, 2459, 'PERMOHONAN USER ID UNTUK LINUX DARI 8/3/2016 - 1/4/2016', '8/3/2016 ZAMRI - \r\n1. SSH KE SERVER SIZA\r\n2. BUAT USERNAME BARU UTK FIRDAUS AZIZ\r\n3. TEST SSH MENGGUNAKAN USERNAME BARU\r\n4. TEST DAN SUCCESS\r\n5. USERNAME DAN PASSWORD DIBERI KEPADA PENGGUNA', 106, '10:56:00', NULL, NULL, NULL, NULL, NULL, NULL, NULL, NULL, NULL, NULL, NULL, NULL),
(15552, '203', '2016-03-08', '16:03:28', '205', '2016-03-08', '205       ', '2016-03-08', 3, 10, 236, 3331, 'MERGE KP DARI G40123911 & I/13911 KE I0013911(ABU AZMI B YEOP)', '8/3/2016 NARGIS - 1) MERGE KP DI SPZV3.0 - PENERIMAAN BAYARAN - PENYATA BAYARAN - GABUNG REKOD - MERGE KP\r\n2) MERGE KP\r\n3) MEMBERITAHU USER TENTANG PENUKARAN', 106, '16:10:00', NULL, NULL, NULL, NULL, NULL, NULL, NULL, NULL, NULL, NULL, NULL, NULL),
(15553, '215', '2016-03-09', '10:46:53', '215', '2016-03-09', '205       ', '2016-03-10', 3, 10, 262, 2146, 'FROM: "ICT HELPDESK" <ICTHELPDESK@ZAKAT.COM.MY>\r\nTO: "WARGA PPZ" <WARGA.PPZ@ZAKAT.COM.MY>\r\nCC: "RUZANATUL DALILA KHOLID" <RUZANATUL@ZAKAT.COM.MY>, "NOORUL" <NOORUL@ZAKAT.COM.MY>\r\nSENT: WEDNESDAY, MARCH 9, 2016 10:48:37 AM\r\nSUBJECT: PERHATIAN :- GANGGUAN TERHADAP SISTEM SPID\r\n\r\nEMAIL INI DIHANTAR BAGI PIHAK UNIT ANALISA & SOKONGAN (UAS):\r\n \r\nDIMAKLUMKAN BAHAWA TERDAPATNYA GANGGUAN KEPADA SISTEM SPID PADA MASA INI BUTIRAN ADALAH SEPERTI BERIKUT:-\r\n \r\nTARIKH - 09, MAC 2016 (RABU)\r\nANGGARAN MASA DOWNTIME - 10.45 AM- 12.45 PM\r\nAKTIVITI YANG AKAN DIJALANKAN - MELAKSANAKAN PROSES PENUKARAN &\r\nPENAMBAHAN STRUKTUR REKOD NOTIS\r\nMESYUARAT.\r\nPENGGUNA YG TERJEJAS - KERANI & SETIAUSAHA PPZ\r\nIMPAK - SISTEM SPID TIDAK BOLEH DIGUNAKAN\r\nADUAN NO - 15553\r\n \r\nBAGI MENDAPATKAN PENJELASAN ATAU MAKLUMAT LANJUT, SILA HUBUNGI KAMI DI 03-92895738 ATAU EMAIL KAMI DI ICTHELPDESK@ZAKAT.COM.MY. \r\n\r\nNARGIS BINTI ISMAIL \r\nEXECUTIVE IT HELPDESK | PPZ-MAIWP', '9/3/2016 - 1) KERJA-KERJA DILAKUKAN OLEH VENDOR PRO OFFICE\r\n2) PERMOHONAN TELAH DISELESAIKAN', 106, '11:00:00', NULL, NULL, NULL, NULL, NULL, NULL, NULL, NULL, NULL, NULL, NULL, NULL),
(15554, '172', '2016-03-10', '08:49:26', '231', '2016-03-11', '205       ', '2016-03-14', 3, 3, 238, NULL, 'INTERNET BERMASALAH. TAK BOLEH NAK AKSES SEBARANG LAMAN SESAWANG. HANYA EMAIL ZAKAT SHJ BOLEH. LOKASI DI KAUNTER PUTRAJAYA P9', '10/3/2016 ZAMRI - \r\n1. AKSES SECARA REMOTE KE SECUREWALL DI P9\r\n2. RESTART SQUID SERVICE - MASIH TAK OK\r\n3. RESTART SECUREWALL - OK\r\n4. USER TEST DAN MENGESAHKAN DAH OK.', 107, '09:44:00', NULL, NULL, NULL, NULL, NULL, NULL, NULL, NULL, NULL, NULL, NULL, NULL),
(15555, '106', '2016-03-10', '11:23:36', '205', '2016-03-10', '205       ', '2016-03-10', 3, 9, 244, 3109, 'LOADING EMAIL TERLALU SLOW DISEBABKAN MASALAH NETWORK', '10/3/2016 NARGIS - 1) MENGHANTAR EMAIL PEMBERITAHUAN KEPADA WARGA PPZ\r\n================\r\nFROM: "ICT HELPDESK" <ICTHELPDESK@ZAKAT.COM.MY>\r\nTO: "WARGA PPZ" <WARGA.PPZ@ZAKAT.COM.MY>\r\nCC: "NOORUL" <NOORUL@ZAKAT.COM.MY>\r\nSENT: THURSDAY, MARCH 10, 2016 10:49:29 AM\r\nSUBJECT: PERHATIAN:- MENGGUNAKAN IP EMAIL SERVER DARI MENGGUNAKAN MAIL.ZAKAT.COM.MY\r\n\r\nBAGI MEREKA YANG MENGALAMI PENGHANTARAN/PENERIMAAN EMAIL YANG SLOW, MOHON UNTUK MENGGUNAKAN IP EMAIL SERVER (10.10.1.7). INI DAPAT MEMBANTU PROSES EMAIL ANDA BERTAMBAH LAJU.\r\n\r\nMOHON UNTUK RUJUK KEPADA LAMPIRAN.\r\n\r\nSEBARANG PERTANYAAN, SILA HUBUNGI ICTHELPDESK ANDA.\r\n\r\nTERIMA KASIH,\r\nEXECUTIVE IT HELPDESK\r\n==============\r\n2) MASALAH TELAH DISELESAIKAN\r\n3) TEST &OK\r\n', 128, '11:30:00', NULL, NULL, NULL, NULL, NULL, NULL, NULL, NULL, NULL, NULL, NULL, NULL),
(15556, '205', '2016-03-10', '12:10:44', '231', '2016-03-10', '205       ', '2016-03-14', 3, 10, 262, 3195, 'FROM: "ICT HELPDESK" <ICTHELPDESK@ZAKAT.COM.MY>\r\nTO: "WARGA PPZ" <WARGA.PPZ@ZAKAT.COM.MY>\r\nCC: "MUHAMMAD ZAMRI MUHAMAD SUHARINI" <ZAMRI@ZAKAT.COM.MY>, "NORMAN_YAHYA" <NORMAN_YAHYA@ZAKAT.COM.MY>, "NOORUL" <NOORUL@ZAKAT.COM.MY>\r\nSENT: THURSDAY, MARCH 10, 2016 12:11:43 PM\r\nSUBJECT: PERHATIAN :- GANGGUAN TERHADAP INTERNET\r\n\r\nEMAIL INI DIHANTAR BAGI PIHAK UNIT PERKAKASAN, RANGKAIAN & PERISIAN (UPRP):\r\n\r\nDIMAKLUMKAN BAHAWA TERDAPATNYA GANGGUAN KEPADA INTERNET PADA MASA INI BUTIRAN ADALAH SEPERTI BERIKUT:-\r\n \r\nTARIKH - 10, MAC 2016 (KHAMIS) \r\nANGGARAN MASA GANGGUAN -  10.45 AM- 3.00 PM \r\nAKTIVITI YANG AKAN DIJALANKAN  -  MELAKSANAKAN AKTIVITI TROUBLESHOOT TALIAN INTERNET YANG SLOW DAN 1 TALIAN INTERNET MAXIS YG DOWN \r\nPENGGUNA YG TERJEJAS -  WARGA PPZ  \r\nIMPAK -  1) KEMUNGKINAN INTERNET AKAN TERPUTUS2 DAN SLOW\r\n2) AKSES KE SIZA MASIH OK DAN BOLEH DIGUNAKAN SPT BIASA. \r\nADUAN NO - 15556 \r\n\r\nBAGI MENDAPATKAN PENJELASAN ATAU MAKLUMAT LANJUT, SILA HUBUNGI KAMI DI 03-92895738 ATAU EMAIL KAMI DI ICTHELPDESK@ZAKAT.COM.MY. \r\n\r\n\r\nNARGIS BINTI ISMAIL \r\nEXECUTIVE IT HELPDESK', '10/3/2016 NARGIS - 1) MEMBERITAHU KEPADA WARGA\r\n2) TROUBLESHOOTING TELAH DISELESAIKAN\r\n', 106, '12:15:00', NULL, NULL, NULL, NULL, NULL, NULL, NULL, NULL, NULL, NULL, NULL, NULL),
(15557, '217', '2016-03-10', '16:10:39', '223', '2016-03-14', '205       ', '2016-03-21', 3, 10, 232, 3396, 'SURAT PEMBAYAR MAJIKAN MAS', '14/3/2016 NARGIS - 1) PERMOHONAN TELAH DISELESAIKAN\r\n2) USER MENERIMA & MENGESAHKAN PERMOHONAN\r\n===============\r\n10/3/2016 NARGIS - 1) MELENGKAPKAN BORANG PERMOHONAN\r\n2) MENGAJUKAN KEPADA EN.SUHAIMI UNTUK TINDAKAN LANJUT', 106, '16:15:00', NULL, NULL, NULL, NULL, NULL, NULL, NULL, NULL, NULL, NULL, NULL, NULL),
(15558, '086', '2016-03-11', '16:33:03', '205', '2016-03-11', '205       ', '2016-03-11', 3, 10, 212, 3879, 'PERMOHONAN PENAMATAN USER ID UNTUK SIZA -IMAN MUHAMMAD NABIL BIN ABDUL MALEK (P139)', '11/3/2016 NARGIS - 1) MELENGKAPKAN BORANG PERMOHONAN\r\n2 ) KEMASKINI STATUS ID SIZA DARI AKTIF KE TAMAT - ID =  P139\r\n3) PERMOHONAN TELAH DISELESAIKAN\r\n4) MEMAKLUMKAN KEPADA USER TENTANG STATUS PERMOHONAN', 106, '16:40:00', NULL, NULL, NULL, NULL, NULL, NULL, NULL, NULL, NULL, NULL, NULL, NULL),
(15559, '086', '2016-03-11', '17:15:12', '205', '2016-03-11', '205       ', '2016-03-11', 3, 10, 212, 3879, 'PERMOHONAN USER ID UNTUK  SIZA - IMAN MUHAMMAD NABIL BIN ABDUL MALEK (KS023)', '11/3/2016 NARGIS -1) MELENGKAPKAN BORANG PERMOHONAN\r\n2) CREATION ID SIZA - KS023\r\n3) PERMOHONAN TELAH DISELESAIKAN\r\n4) PASSWORD UNTUK SISTEM SIZA DISEALED DI DALAM SAMPUL SURAT & DIBERIKAN KEPADA AZIZAH', 106, '17:20:00', NULL, NULL, NULL, NULL, NULL, NULL, NULL, NULL, NULL, NULL, NULL, NULL),
(15560, '220', '2016-03-14', '09:44:26', '223', '2016-03-14', '205       ', '2016-03-21', 3, 10, 232, 3697, 'SENARAI PEMBAYAR POTONG GAJI MAJIKAN MAS', '14/3/2016 NARGIS - 1) MELENGKAPKAN BORANG PERMOHONAN\r\n2) MENGAJUKAN KEPADA EN.SUHAIMI UNTUK TINDAKAN LANJUT\r\n3) PERMOHONAN TELAH DISELESAIKAN\r\n4) USER MENERIMA & MENGESAHKAN PERMOHONAN', 106, '09:50:00', NULL, NULL, NULL, NULL, NULL, NULL, NULL, NULL, NULL, NULL, NULL, NULL),
(15561, '086', '2016-03-14', '11:21:59', '214', '2016-03-14', '205       ', '2016-03-22', 3, 2, 212, 3879, 'TIDAK BOLEH SAVE AS UNTUK EXCEL - UNLICENSED PRODUCT( OFFICE 2013)', '14032016 LEE - \r\n1.PROCESS CHANGE PRODUCT KEY\r\n2.WAITING NEW PRODUCT KEY\r\n3.INSTALL TEMPORARY OFFICE', 106, '11:30:00', NULL, NULL, NULL, NULL, NULL, NULL, NULL, NULL, NULL, NULL, NULL, NULL),
(15562, '076', '2016-03-15', '09:08:09', '096', '2016-03-15', NULL, NULL, 2, 10, 229, 17600, 'PENAMBAHAN BUTTON BAYARAN KESELURUHAN DENGAN POP UP SEKIRANYA ZAKAT POTONGAN GAJI TIDAK CUKUP SETAHUN', '15/3/2016 NARGIS - 1) MELENGKAPKAN BORANG PERMOHONAN\r\n2) MENGAJUKAN KEPADA EN.SUHAIMI UNTUK TINDAKAN LANJUT', 106, '09:10:00', NULL, NULL, NULL, NULL, NULL, NULL, NULL, NULL, NULL, NULL, NULL, NULL),
(15563, '128', '2016-03-15', '10:56:05', '096', '2016-03-15', NULL, NULL, 2, 10, 212, 3390, 'SENARAI SUBSIDI PARKING MENGIKUT INDIVIDU', '15/3/2016 NARGIS - 1) MELENGKAPKAN BORANG PERMOHONAN\r\n2) MENGAJUKAN KEPADA EN.SUHAIMI UNTUK TINDAKAN LANJUT', 106, '11:00:00', NULL, NULL, NULL, NULL, NULL, NULL, NULL, NULL, NULL, NULL, NULL, NULL),
(15566, '237', '2016-03-16', '15:04:08', '223', '2016-03-18', '205       ', '2016-03-22', 3, 10, 219, 2312, 'UNTUK MEMUDAHKAN MENCARI SETIAP SUB KATEGORI', '18/3/2016 NARGIS - 1) PERMOHONAN TELAH DISELESAIKAN\r\n2) USER MENERIMA & MENGESAHKAN PERMOHONAN\r\n================\r\n16/3/2016 NARGIS - 1) MELENGKAPKAN BORANG PERMOHONAN\r\n2) MENGAJUKAN KEPADA EN.SUHAIMI UNTUK TINDAKAN LANJUT', 106, '15:10:00', NULL, NULL, NULL, NULL, NULL, NULL, NULL, NULL, NULL, NULL, NULL, NULL),
(15567, '215', '2016-03-16', '15:05:50', '215', '2016-03-16', '205       ', '2016-03-22', 3, 15, 262, 2146, 'MENJALANKAN KERJA - KERJA MAINTENANCE PEMBAIKAN UNTUK FUNGSI CARIAN SYSTEM SPID', '16/3/2013 ZANA - KERJA-KERJA TELAH DISELESAIKAN OLEH VENDOR PRO OFFICE', 106, '15:20:00', NULL, NULL, NULL, NULL, NULL, NULL, NULL, NULL, NULL, NULL, NULL, NULL),
(15568, '066', '2016-03-17', '09:59:15', '223', '2016-03-17', '205       ', '2016-03-21', 3, 10, 233, 4467, 'PENAMBAHAN KRITERIA PENGIRAAN JUMLAH (SUM) AMAUN', '17/3/2016 NARGIS - 1) MELENGKAPKAN BORANG PERMOHONAN\r\n2) MENGAJUKAN KEPADA EN.SUHAIMI UNTUK TINDAKAN LANJUT\r\n3) PERMOHONAN TELAH DISELESAIKAN\r\n4) USER MENERIMA & MENGESAHKAN PERMOHONAN', 106, '10:00:00', NULL, NULL, NULL, NULL, NULL, NULL, NULL, NULL, NULL, NULL, NULL, NULL),
(15569, '066', '2016-03-17', '10:01:56', '214', '2016-03-17', '205       ', '2016-03-17', 3, 1, 233, 1729, 'MONITOR BERKLIP-KLIP. TIADA DISPLAY', '17032016 LEE -\r\n1.CHANGE MONITOR\r\n2.DONE', 107, '11:00:00', NULL, NULL, NULL, NULL, NULL, NULL, NULL, NULL, NULL, NULL, NULL, NULL),
(15570, '047', '2016-03-17', '10:05:19', '205', '2016-03-18', '205       ', '2016-03-22', 3, 9, 233, 2286, 'PENAMBAHAN SIGNATURE DI DALAM EMAIL', '18/3/2016 NARGIS - 1) MENAMBAHKAN SIGNATURE DI DALAM EMAIL DI PREFERENCES - SIGNATURES\r\n2) MOHON USER UNTUK MEMASUKKAN PATERN SIGNATURE YANG DIKEHENDAKI\r\n3) SAVE\r\n4) TEST & OK\r\n4) TEST & OK', 128, '10:15:00', NULL, NULL, NULL, NULL, NULL, NULL, NULL, NULL, NULL, NULL, NULL, NULL),
(15571, '047', '2016-03-17', '10:08:28', '083', '2016-03-22', '205       ', '2016-03-22', 3, 2, 233, 2286, 'INSTALLATION BIZ CHANNEL', '22/3/2016 MERANG 1) IINSTALL CONNECTION DIAL-UP PADA NOTEBOOK\r\n2) TEST FTP BIZ CHANNEL\r\n3) SUCCESSFUL CONNECT\r\n4) CREATE SHORTCUT DIAL-UP PADA DESKTOP \r\n5) DONE@3.45PM\r\n', 106, '03:50:00', NULL, NULL, NULL, NULL, NULL, NULL, NULL, NULL, NULL, NULL, NULL, NULL),
(15572, '185', '2016-03-17', '10:41:12', '096', '2016-03-17', NULL, NULL, 2, 10, 231, 2689, 'TAMBAH PROSES CARIAN RESIT RASMI', '17/3/2016 NARGIS -1) MELENGKAPKAN BORANG PERMOHONAN\r\n2) MENGAJUKAN KEPADA EN.SUHAIMI UNTUK TINDAKAN LANJUT', 106, '10:45:00', NULL, NULL, NULL, NULL, NULL, NULL, NULL, NULL, NULL, NULL, NULL, NULL),
(15573, '203', '2016-03-17', '11:55:39', NULL, NULL, NULL, NULL, 1, 3, 236, 3331, 'INTERNET SLOW PADA KAUNTER 2. PC LAIN OK', NULL, 107, NULL, NULL, NULL, NULL, NULL, NULL, NULL, NULL, NULL, NULL, NULL, NULL, NULL),
(15574, '066', '2016-03-17', '11:59:14', '223', '2016-03-17', '205       ', '2016-03-17', 3, 10, 233, 4467, 'PENYEDIAAN PROGRAM IMPORT UNTUK UNIKL (B0065)', '17/3/2016 NARGIS - 1) MELENGKAPKAN BORANG PERMOHONAN\r\n2) MENGAJUKAN KEPADA EN.SUHAIMI UNTUK TINDAKAN LANJUT\r\n3) PERMOHONAN TELAH DISELESAIKAN\r\n4) USER MENERIMA & MENGESAHKAN PERMOHONAN', 106, '12:30:00', NULL, NULL, NULL, NULL, NULL, NULL, NULL, NULL, NULL, NULL, NULL, NULL),
(15575, '120', '2016-03-17', '16:09:55', '214', '2016-03-17', '205       ', '2016-03-17', 3, 1, 212, 2694, 'KOMPUTER SLOW', '17/03/2016 LEE - \r\n1.BACKUP DATA\r\n2.ACRONIS WINDOWS7\r\n3.ADD PRINTER & UPDATE SIZA\r\n4.DONE', 107, '16:30:00', NULL, NULL, NULL, NULL, NULL, NULL, NULL, NULL, NULL, NULL, NULL, NULL),
(15576, '150', '2016-03-17', '16:10:37', '214', '2016-03-17', '205       ', '2016-03-17', 3, 1, 233, 2456, 'KOMPUTER SLOW . NO ACCESS INTERNET\r\n', '17/03/2016 LEE -\r\n1.BACKUP DATA\r\n2.ACRONIS WINDOWS7\r\n3.ADD PRINTER & UPDATE SIZA\r\n4.DONE', 107, '16:20:00', NULL, NULL, NULL, NULL, NULL, NULL, NULL, NULL, NULL, NULL, NULL, NULL),
(15577, '176', '2016-03-21', '13:25:14', '083', '2016-03-22', '205       ', '2016-03-22', 3, 1, 235, 3336, 'KAUNTER 3 HINGGA 6 KEYBOARD TIDAK DETECT\r\nTINDAKAN AWAL:\r\n1 TUKAR BATERI SETIAP KEYBOARD\r\n2 RESTART PC\r\n\r\nNAMUN KEYBOARD MASIH TIDAK DAPAT BERFUNGSI', '22/3/2016 MERANG 1) CHECK KEYBOARD KAUNTER3 NO SIGNAL - TERTUKAR KERYBOARD KAUNTER5 \r\n2) CHECK KEYBOARD KAUNTER4 OK\r\n3) CHECK KEYBOARD KAUNTER5 & MOUSE NO SIGNAL - NO USB SENSOR ; TANYA FAKRUR MOUSE N USB SENSOR ADA DI KAUNTER1 - PASANG AND TEST OK\r\n4) CHECK KEYBOARD KAUNTER6 & MOUSE NO SIGNAL - TUKAR BATERI TEST OK\r\n5) SEMUA OK @2:44PM', 107, '02:46:00', NULL, NULL, NULL, NULL, NULL, NULL, NULL, NULL, NULL, NULL, NULL, NULL),
(15578, '117', '2016-03-21', '16:34:26', '096', '2016-03-21', NULL, NULL, 2, 10, 227, 2733, 'LAPORAN KUTIPAN ZAKAT MELALUI BANK', '21/3/2016 NARGIS - 1) MELENGKAPKAN BORANG PERMOHONAN\r\n2) MENGAJUKAN KEPADA EN.SUHAIMI UNTUK TINDAKAN LANJUT', 106, '16:40:00', NULL, NULL, NULL, NULL, NULL, NULL, NULL, NULL, NULL, NULL, NULL, NULL),
(15579, '176', '2016-03-22', '10:25:30', '083', '2016-03-22', '205       ', '2016-03-22', 3, 1, 235, 2928, 'TETIKUS DI KAUNTER 5 TIADA DITEMPATNYA\r\n\r\nDIHARAP PIHAK ICT DAPAT MENGHANTAR TETIKU WIRELESS YANG BARU', '22/3/2016 MERANG 1) CHECK KEYBOARD KAUNTER5 & MOUSE NO SIGNAL - NO USB SENSOR ; TANYA FAKRUR MOUSE & USB SENSOR ADA DI KAUNTER1 - PASANG AND TEST OK\r\n2) SEMUA OK @2:44PM', 107, '02:47:00', NULL, NULL, NULL, NULL, NULL, NULL, NULL, NULL, NULL, NULL, NULL, NULL),
(15580, '047', '2016-03-22', '11:39:52', '205', '2016-03-21', '205       ', '2016-03-22', 3, 1, 233, 2286, 'PC ROSAK. PENYEDIAAN LAPTOP UNTUK SEMENTARA WAKTU', '22/3/2016 NARGIS - 1) MENGAMBIL LAPTOP SEMENTARA DARI UNIT UPRP\r\n2) MEMERISKA SIZA PATCHES - 150\r\n3) INSTALL SIZA PATCHES DARI 151-166\r\n4) TEST & OK\r\n', 107, '11:40:00', NULL, NULL, NULL, NULL, NULL, NULL, NULL, NULL, NULL, NULL, NULL, NULL),
(15581, '017', '2016-03-22', '12:20:08', '205', '2016-03-22', '205       ', '2016-03-22', 3, 10, 219, 2445, 'TIDAK BOLEH MASUK KE EBANKER BANK ISLAM', '22/3/2016 NARGIS - 1) USER TIDAK BOLEH MASUK KE EBANKER BANK ISLAM\r\n2) MENCUBA MASUK KE WWW.GOOGLE.COM.MY - TIDAK BOLEH\r\n3) TIADA LINE INTERNET\r\n4) MEMBETULKAN KABLE INTERNET \r\n5) TEST & OK', 106, '12:40:00', NULL, NULL, NULL, NULL, NULL, NULL, NULL, NULL, NULL, NULL, NULL, NULL),
(15582, '152', '2016-03-22', '14:43:40', '205', '2016-03-22', '205       ', '2016-03-22', 3, 4, 244, 3110, 'TIDAK BOLEH SAVE REPORT KE PDF. ERROR MESSAGE "UNIMPLEMENTED ERROR" - FELCRA', '22/3/2016 NARGIS - 1) USER TIDAK BOLEH SAVE FILE KE PDF\r\n2) DIDAPATI NO KP PEMBAYAR MEMPUNYAI SPACE\r\n3) UPDATE KP YANG SALAH KE BETUL (DARI 432483 U KE 432483U\r\n4) TEST & OK', 106, '14:50:00', NULL, NULL, NULL, NULL, NULL, NULL, NULL, NULL, NULL, NULL, NULL, NULL),
(15583, '203', '2016-03-22', '14:52:12', '205', '2016-03-22', '205       ', '2016-03-22', 3, 10, 236, 1827, 'UPDATE KP PEMBAYAR DARI 62010106538  KE 620101065338 (ROHAMA BINTI KANIN)', '22/3/2016 NARGIS - 1) MERGE KP DI SPZV3.0 - PENERIMAAN BAYARAN - PENYATA BAYARAN - GABUNG REKOD - UPDATE KP LAMA\r\n2) UPDATE KP YANG SALAH KE KP YANG BETUL\r\n3) MEMBERITAHU USER TENTANG PENUKARAN', 106, '15:00:00', NULL, NULL, NULL, NULL, NULL, NULL, NULL, NULL, NULL, NULL, NULL, NULL),
(15584, '204', '2016-03-22', '15:58:14', '083', '2016-03-22', '205       ', '2016-03-23', 3, 3, 237, 2938, 'FROM: "NIK ARMIZA EZRA" <ARMIZA@ZAKAT.COM.MY>\r\nTO: "ZULKIFLI CHE DERAMAN" <ZULKIFLI@ZAKAT.COM.MY>, "ICT HELPDESK" <ICTHELPDESK@ZAKAT.COM.MY>\r\nCC: "FAUZI" <FAUZI@ZAKAT.COM.MY>, "MUHAMMAD KHAIRI ISAHAK" <KHAIRI@ZAKAT.COM.MY>, "AHMAD RUZAINI ROHIDAN" <AHMADRUZAINI@ZAKAT.COM.MY>\r\nSENT: MONDAY, MARCH 21, 2016 11:34:44 AM\r\nSUBJECT: TERMINAL MESIN DEBIT/KREDIT BERMASALAH\r\n\r\nMOHON JASA BAIK PIHAK TUAN @ ICT HELPDESK UNTUK MENYELESAIKAN SEGERA MASALAH TERMINAL MESIN DEBIT/KREDIT DI KAUNTER WANGSA MAJU KERANA DIDAPATI IANYA BERMASALAH DAN TIDAK MEMPUNYAI "LINE".\r\n \r\nHAL INI SANGAT MERUMITKAN KEADAAN BILAMANA ADA BAYARAN MELALUI TRANSAKSI INI TIDAK DAPAT DIJALANKAN. SEGALA JASA BAIK PIHAK TUAN MAHUPUN ICT HELPDESK, DIUCAPKAN RIBUAN TERIMA KASIH.\r\n \r\nNIK ARMIZA EZRA SYAH BIN ROSELAN', '22/3/2016 MERANG 1) CHECK CONECTION CABLE\r\n2) TERSILAP SAMBLUNG CABLE\r\n3) TERDAPAT 2 CABLE DISAMBUNG ADA PORT TERMINAL\r\n4) BETULKAN SAMBUNGAN\r\n5) TEST CONNECTION\r\n6) DONE @ 4:03PM\r\n', 107, '04:05:00', NULL, NULL, NULL, NULL, NULL, NULL, NULL, NULL, NULL, NULL, NULL, NULL),
(15586, '017', '2016-03-23', '10:36:29', '205', '2016-03-23', '205       ', '2016-03-23', 3, 10, 219, 2445, 'TIDAK BOLEH CONNECT DENGAN EBANKER - ALRAJHI BANK', '23/3/2016 NARGIS - 1) TIADA APA-APA YANG KELUAR SELEPAS MEMASUKKAN ID & PASSWORD\r\n2) MEMERIKSA COMPATIBILITY VIEW SETTING - TIADA ALAMAT AL-RAHJI DIMASUKKAN\r\n3) MEMASUKKAN ALRAHJIBANK.COM.MY DI DALAM COMPATIBILITY VIEW\r\n4) TEST & OK', 106, '10:40:00', NULL, NULL, NULL, NULL, NULL, NULL, NULL, NULL, NULL, NULL, NULL, NULL),
(15587, '047', '2016-03-23', '12:16:20', '205', '2016-03-23', '205       ', '2016-03-23', 3, 9, 233, 2286, 'RESET PASSWORD EMAIL - TERLUPA', '23/3/2016 NARGIS - 1) PASSWORD DIRESET KERANA USER TIDAK INGAT PASSWORD LAMA\r\n2) RESET PASSWORD USER \r\n3) MEMBERITAHU USER TENTANG PASSWORD SEMENTARA & MEMINTANYA MENUKAR KE PASSWORD YANG BARU\r\n4) TEST & OK', 128, '12:20:00', NULL, NULL, NULL, NULL, NULL, NULL, NULL, NULL, NULL, NULL, NULL, NULL),
(33334, '1', NULL, NULL, NULL, NULL, NULL, NULL, 1, NULL, NULL, NULL, 'test123', NULL, NULL, NULL, NULL, NULL, NULL, NULL, NULL, NULL, NULL, NULL, NULL, NULL, NULL, NULL),
(33335, '2', NULL, NULL, NULL, NULL, NULL, NULL, 1, NULL, NULL, NULL, '12345', NULL, NULL, NULL, NULL, NULL, '1', NULL, NULL, NULL, NULL, NULL, NULL, NULL, NULL, NULL),
(33336, '2', NULL, NULL, NULL, NULL, NULL, NULL, 1, NULL, NULL, NULL, '12qweassss', NULL, NULL, NULL, NULL, NULL, '2', NULL, NULL, NULL, NULL, NULL, NULL, NULL, NULL, NULL);

-- --------------------------------------------------------

--
-- Table structure for table `sph_kod_lokasi`
--

CREATE TABLE `sph_kod_lokasi` (
  `kod` int(11) DEFAULT NULL,
  `butiran` varchar(50) COLLATE utf8_unicode_ci DEFAULT NULL,
  `initials` varchar(25) COLLATE utf8_unicode_ci DEFAULT NULL,
  `created_at` timestamp NULL DEFAULT NULL,
  `updated_at` timestamp NULL DEFAULT NULL
) ENGINE=InnoDB DEFAULT CHARSET=utf8 COLLATE=utf8_unicode_ci;

--
-- Dumping data for table `sph_kod_lokasi`
--

INSERT INTO `sph_kod_lokasi` (`kod`, `butiran`, `initials`, `created_at`, `updated_at`) VALUES
(9, 'X pakai - DAKWAH ZAKAT', NULL, NULL, NULL),
(11, 'X pakai - KHIDMAT PELANGGAN', NULL, NULL, NULL),
(12, 'X pakai - POTONG GAJI DAN OPERASI DALAMAN', NULL, NULL, NULL),
(13, 'X pakai - (TAK PAKAI) KOMUNIKASI KORPORAT', NULL, NULL, NULL),
(14, 'X pakai - PROSPEK DAN SUSULAN', NULL, NULL, NULL),
(16, 'X pakai - LATIHAN', NULL, NULL, NULL),
(17, 'X pakai - SYARIAH DAN PENERANGAN KHAS', NULL, NULL, NULL),
(19, 'X pakai - TINDAKAN KHAS', NULL, NULL, NULL),
(20, 'X pakai - UNIT PROSPEK DAN SUSULAN', NULL, NULL, NULL),
(21, 'X pakai - KEMASYARAKATAN  HAL EHWAL ANTARABANGSA', NULL, NULL, NULL),
(22, 'X pakai - ICT PERKAKASAN RANGKAIAN DAN MULTIMEDIA', NULL, NULL, NULL),
(26, 'X pakai - AGEN KUTIPAN', NULL, NULL, NULL),
(30, 'X pakai - PENGURUS BESAR OPERASI', NULL, NULL, NULL),
(164, NULL, NULL, NULL, NULL),
(199, 'TIADA LOKASI', NULL, NULL, NULL),
(200, 'PEJABAT PENGERUSI', 'PPENGERUSI', NULL, NULL),
(201, 'PEJABAT KETUA PEGAWAI EKSEKUTIF', 'PKPE', NULL, NULL),
(202, 'PEJABAT TIMBALAN KETUA PEGAWAI EKSEKUTIF', 'PTKPE', NULL, NULL),
(203, 'PEJABAT PB KHIDMAT PENGURUSAN', 'PPB KHIDMAT PENGURUSAN', NULL, NULL),
(204, 'PEJABAT PB KEWANGAN', 'PPB KEWANGAN', NULL, NULL),
(205, 'PEJABAT PB OPERASI', 'PPB OPERASI', NULL, NULL),
(206, 'PPB OPERASI - DALAM', 'PPBO DALAM', NULL, NULL),
(207, 'PPB OPERASI - LUAR', 'PPBO LUAR', NULL, NULL),
(208, 'PPB KHIDMAT PENGURUSAN DAN KUALITI', 'PPB-KPK', NULL, NULL),
(209, 'PPB PEMBANGUNAN MODAL INSAN', 'PPB-PMI', NULL, NULL),
(210, 'KUALITI DAN HUBUNGAN ANTARABANGSA', 'KP-UKHA', NULL, NULL),
(211, 'PEMBANGUNAN MODAL INSAN DAN PENGURUSAN PRESTASI', 'KP-UPMI', NULL, NULL),
(212, '0', 'KP-UPSM', NULL, NULL),
(213, 'PENYELENGGARAAN', 'KP-UP', NULL, NULL),
(214, 'KESETIAUSAHAAN SYARIKAT', 'KP-UKS', NULL, NULL),
(215, 'PEMBELIAN', 'KPE-UPEM', NULL, NULL),
(216, 'AUDIT DALAMAN', 'KPE-UAD', NULL, NULL),
(217, 'UNDANG-UNDANG', 'KPE-UU', NULL, NULL),
(218, 'KOMUNIKASI KORPORAT', 'KPE-UKOM', NULL, NULL),
(219, 'KEWANGAN', 'KE-UK', NULL, NULL),
(220, '0', 'KE-UPPK', NULL, NULL),
(221, 'PEMBANGUNAN PERISIAN SIZA', 'ICT-UPP', NULL, NULL),
(222, 'PERKAKASAN, RANGKAIAN DAN PERISIAN', 'ICT-UPRP', NULL, NULL),
(223, 'PEMBANGUNAN WEB MULTIMEDIA', 'ICT-UPWM', NULL, NULL),
(224, 'PENYAMBUT TETAMU', 'RECEPTION', NULL, NULL),
(225, '0', 'OL-UDPKO', NULL, NULL),
(226, 'CAWANGAN  LABUAN', 'OL-UCL', NULL, NULL),
(227, '0', 'OL-UPKE', NULL, NULL),
(228, '0', 'OL-UDPK', NULL, NULL),
(229, '0', 'OL-UDPA', NULL, NULL),
(230, 'PENERBITAN DAN TUGAS-TUGAS KHAS', 'OD-UPTK', NULL, NULL),
(231, 'KHIDMAT KAUNTER', 'OD-UKK', NULL, NULL),
(232, 'KHIDMAT PELANGGAN', 'OD-UKP', NULL, NULL),
(233, 'KHIDMAT MAJIKAN DAN OPERASI DALAMAN', 'OD-UKMOD', NULL, NULL),
(234, 'KAUNTER - SHAMELIN', 'K-SH', NULL, NULL),
(235, 'KAUNTER  - DARUZZAKAH', 'K-DZ', NULL, NULL),
(236, 'KAUNTER  - MASJID NEGARA', 'K-MN', NULL, NULL),
(237, 'KAUNTER  - WANGSA MAJU', 'K-WM', NULL, NULL),
(238, 'KAUNTER  - PUTRAJAYA', 'K-PJ', NULL, NULL),
(239, 'KAUNTER  - TTDI', 'K-TTDI', NULL, NULL),
(240, 'KAUNTER  - PUCHONG', 'K-MP', NULL, NULL),
(241, 'KAUNTER  - KEPONG', 'K-MK', NULL, NULL),
(242, 'KAUNTER  - LABUAN', 'K-LB', NULL, NULL),
(243, 'CALL CENTER - SCICOM', 'CC-SCICOM', NULL, NULL),
(244, 'CALL CENTER - PPZ', 'CC-PPZ', NULL, NULL),
(245, 'PERPUSTAKAAN TKT 6', 'PUSTAKA6', NULL, NULL),
(246, 'KAUNTER - PUDU SENTRAL', 'K-PUDU', NULL, NULL),
(247, 'ICT BILIK SERVER TINGKAT 5', 'ICT-SERVER', NULL, NULL),
(248, 'ICT BILIK PENYELENGGARAAN TINGKAT 5', 'ICT-PENYELENGGARAAN', NULL, NULL),
(249, 'ICT -  CADANG DISPOSED', NULL, NULL, NULL),
(250, 'BILIK AUDIO TKT 7', 'AUDIOTKT7', NULL, NULL),
(251, 'BILIK MESYUARAT TKT 2', 'BMTKT2', NULL, NULL),
(252, 'BILIK MESYUARAT TKT 3', 'BMTKT3', NULL, NULL),
(253, 'BILIK MESYUARAT TKT 4', 'BMTKT4', NULL, NULL),
(254, 'BILIK MESYUARAT TKT 5', 'BMTKT5', NULL, NULL),
(255, 'BILIK MESYUARAT TKT 6', 'BMTKT6', NULL, NULL),
(256, 'BILIK MESYUARAT BOD TKT 6', 'BMBOD', NULL, NULL),
(257, 'DEWAN UTAMA TKT 7', 'DUTKT7', NULL, NULL),
(258, 'SURAU TKT 7', 'SURAUTKT7', NULL, NULL),
(259, 'KAUNTER  - PUTRAJAYA P15', 'K-P15', NULL, NULL),
(260, 'DEWAN LATIHAN - PUTRAJAYA P15', 'DLPJ15', NULL, NULL),
(261, 'BILIK LATIHAN - PUTRAJAYA P15', 'BLPJ15', NULL, NULL),
(262, 'UNIT ANALISA DAN SOKONGAN', 'UADS', NULL, NULL),
(263, 'STOR ICT - PUTRAJAYA P9', NULL, NULL, NULL),
(264, 'KAUNTER - VAN BERGERAK HAIC', NULL, NULL, NULL),
(265, 'KAUNTER- VAN BERGERAK MAXXUS', NULL, NULL, NULL),
(266, 'ICT BILIK PENYELENGGARAAN TINGKAT 5 - STOK', 'ICT-PENYELENGGARAAN-STOK', NULL, NULL),
(267, 'ICT BILIK PENYELENGGARAAN TINGKAT 5 - SEMENTARA', 'ICT-PENYELENGGARAAN-SMTRA', NULL, NULL);

-- --------------------------------------------------------

--
-- Table structure for table `spsm_kod_unit`
--

CREATE TABLE `spsm_kod_unit` (
  `kod_id` int(10) UNSIGNED NOT NULL,
  `butiran` varchar(50) COLLATE utf8_unicode_ci DEFAULT NULL,
  `susunan` int(11) DEFAULT NULL,
  `kod_papar` varchar(3) COLLATE utf8_unicode_ci DEFAULT NULL,
  `initials` varchar(10) COLLATE utf8_unicode_ci DEFAULT NULL,
  `emp_id_ketua` varchar(10) COLLATE utf8_unicode_ci DEFAULT NULL,
  `idkerani` varchar(10) COLLATE utf8_unicode_ci DEFAULT NULL,
  `status` int(11) DEFAULT NULL,
  `kodbhg` int(11) DEFAULT NULL,
  `operasi` varchar(1) COLLATE utf8_unicode_ci DEFAULT NULL
) ENGINE=InnoDB DEFAULT CHARSET=utf8 COLLATE=utf8_unicode_ci;

--
-- Dumping data for table `spsm_kod_unit`
--

INSERT INTO `spsm_kod_unit` (`kod_id`, `butiran`, `susunan`, `kod_papar`, `initials`, `emp_id_ketua`, `idkerani`, `status`, `kodbhg`, `operasi`) VALUES
(1, 'KEWANGAN & PELABURAN', NULL, '201', 'KEW', '017', '064', 1, 11, 't'),
(2, 'PENTADBIRAN & SUMBER MANUSIA', NULL, '301', 'PEN', '035', '094', 1, 12, 't'),
(3, 'ICT', NULL, '807', 'ICT', '096', '081', 2, 11, 't'),
(4, 'KUALITI', NULL, '304', 'KUA', '078', '080', 2, 12, 't'),
(5, 'PELABURAN DAN HARTANAH', NULL, '202', 'PDH', NULL, NULL, 1, NULL, 't'),
(6, 'KESETIAUSAHAAN SYARIKAT', NULL, '302', 'KS', NULL, NULL, 1, NULL, 't'),
(7, 'PEJABAT KETUA PEGAWAI EKSEKUTIF', NULL, '001', 'PPB', '011', NULL, 1, NULL, 't'),
(8, 'UMUM', NULL, '000', 'UMUM', NULL, NULL, 1, NULL, 't'),
(9, 'DAKWAH ZAKAT', 2, '106', 'UDZ', '077', '108', 1, NULL, 'y'),
(10, 'ZAKAT PERNIAGAAN', 3, '107', 'UZP', '079', '112', 1, NULL, 'y'),
(11, 'KHIDMAT PELANGGAN', 4, '111', 'UKP', '090', '112', 1, NULL, 'y'),
(12, 'POTONG GAJI DAN OPERASI DALAMAN', 5, NULL, 'UPG', '038', '056', 1, NULL, 'y'),
(13, '(TAK PAKAI) KOMUNIKASI KORPORAT', 6, '116', 'UKOM', '063', '108', 2, NULL, 'y'),
(14, 'PROSPEK DAN SUSULAN', NULL, '800', 'UPS', '079', '056', 2, NULL, 'y'),
(15, 'PENERBITAN & PEMBANGUNAN KORPORAT', 1, '805', 'UPPS', '051', '064', 2, NULL, 'y'),
(16, 'LATIHAN', NULL, '303', 'LAT', '078', '080', 2, NULL, 't'),
(17, 'SYARIAH DAN PENERANGAN KHAS', 7, '801', 'USPK', NULL, NULL, 1, NULL, 'y'),
(18, 'LAIN2', 9, '802', 'LAIN', NULL, NULL, 1, NULL, 't'),
(19, 'TINDAKAN KHAS', 8, '105', 'UTK', '076', '108', 1, NULL, 'y'),
(20, 'UNIT PROSPEK DAN SUSULAN', NULL, '803', 'UPS', NULL, NULL, 1, NULL, 'y'),
(21, 'KEMASYARAKATAN & HAL EHWAL ANTARABANGSA', NULL, '305', NULL, '068', '087', 1, NULL, 't'),
(22, '. ICT - PERKAKASAN RANGKAIAN DAN MULTIMEDIA', NULL, '808', 'UAK', '070', '081', 2, NULL, 't'),
(23, '(TAK PAKAI) ICT - PEMBANGUNAN PERISIAN', NULL, '211', 'UPP', '096', '081', 2, NULL, 't'),
(24, 'KUALITI DAN LATIHAN', NULL, NULL, 'KDL', '078', '080', 1, NULL, 't'),
(26, 'AGEN KUTIPAN', NULL, '104', 'PPO', '015', '056', 1, NULL, 'y'),
(30, 'PENGURUS BESAR OPERASI', NULL, '102', NULL, '012', '109', 1, NULL, 't'),
(33, 'UNIT CAWANGAN LABUAN', NULL, '103', 'LABUAN', '102', '147', 1, NULL, 'y'),
(39, 'KEWANGAN', NULL, NULL, NULL, '017', '064', 2, NULL, 't'),
(40, 'KHIDMAT KAUNTER', NULL, '113', 'UKK', '059', '056', 1, NULL, 'y'),
(41, 'AUDIT DALAMAN', NULL, '002', NULL, NULL, NULL, 1, NULL, 't'),
(42, 'KHIDMAT MAJIKAN DAN OPERASI DALAMAN', NULL, '112', NULL, '051', '056', 1, NULL, 'y'),
(99, '.', NULL, NULL, NULL, '011', NULL, 1, NULL, 't'),
(100, '.PENYELIDIKAN DAN PEMBANGUNAN KORPORAT', NULL, '115', 'PPK', '009', '108', 2, NULL, 't'),
(101, 'PENERBITAN DAN TUGAS-TUGAS KHAS', NULL, '114', 'PTS', '051', '110', 1, NULL, 'y'),
(102, '(X PAKAI) UNIT PERKASAKAN, RANGKAIAN DAN PERISIAN', NULL, NULL, 'PRP', '070', '081', 2, NULL, 't'),
(103, '(X PAKAI) UNIT PEMBANGUNAN PERISIAN SIZA', NULL, NULL, NULL, '096', '081', 2, NULL, 't'),
(104, '(X PAKAI) UNIT PEMBANGUNAN WEB DAN MULTIMEDIA', NULL, NULL, NULL, '071', '081', 2, NULL, 't'),
(105, '(X PAKAI) UNIT PERKAKASAN, RANGKAIAN DAN PERISIAN', NULL, NULL, NULL, '070', '081', 2, NULL, 't'),
(106, 'ICT - PEMBANGUNAN PERISIAN SIZA', NULL, '212', 'PPS', '096', '081', 1, NULL, 't'),
(107, 'ICT - PERKAKASAN, RANGKAIAN DAN PERISIAN', NULL, '213', 'PRP', '070', '081', 1, NULL, 't'),
(108, '(X PAKAI) PEMBANGUNAN WEB DAN MULTIMEDIA', NULL, NULL, 'PWM', '071', '081', 2, NULL, 't'),
(109, 'ICT - PEMBANGUNAN WEB DAN MULTIMEDIA', NULL, '214', 'PWDM', '071', '081', 1, NULL, 't'),
(110, 'PEJABAT PENGERUSI', NULL, '401', 'PP', 'LP008', '037', 1, NULL, 't'),
(111, 'BAKEP', NULL, '004', 'BK', '122', '108', 1, NULL, 't'),
(112, 'JKKP', NULL, '806', 'JKKP', '078', '080', 1, NULL, 't'),
(113, 'UNIT PEMBELIAN', NULL, '005', 'UP', '011', '140', 1, NULL, 't'),
(114, 'PEMBANGUNAN MODAL INSAN', NULL, '310', 'PMI', '078', '087', 1, NULL, 't'),
(115, 'PENGURUSAN PRESTASI', NULL, '311', 'PP', '078', '120', 1, NULL, 't'),
(116, '(TAK PAKAI) KESETIAUSAHAAN SYARIKAT', NULL, '330', 'KS', '035', '037', 2, NULL, 't'),
(117, 'PENYELENGGARAAN', NULL, '320', NULL, '035', '123', 1, NULL, 't'),
(118, 'HUBUNGAN ANTARABANGSA', NULL, '306', NULL, '068', '153', 1, NULL, 't'),
(119, '(TAK PAKAI) KUALITI', NULL, NULL, NULL, '068', '153', 2, NULL, 't'),
(120, 'DAKWAH DAN PEMASARAN KORPORAT', NULL, '123', 'DPK', '079', '110', 1, NULL, 'y'),
(121, 'DAKWAH DAN PEMASARAN KHAS', NULL, '122', 'DPK', '077', '108', 1, NULL, 'y'),
(122, 'DAKWAH DAN PEMASARAN AM', NULL, '121', 'DPA', '076', '108', 1, 2, 'y'),
(123, 'PEMASARAN DAN KHIDMAT EJEN', NULL, '124', 'PKE', '015', '110', 1, 2, 'y'),
(124, 'KOMUNIKASI KORPORAT', NULL, '007', 'UKOM', '063', '108', 1, NULL, 'y'),
(125, 'PENYELIDIKAN DAN PEMBANGUNAN KORPORAT', NULL, '203', NULL, '009', '108', 1, NULL, 't'),
(126, 'UNDANG-UNDANG', NULL, '006', NULL, '035', '027', 1, NULL, 't'),
(127, '(TAK PAKAI) UNDANG-UNDANG', NULL, NULL, NULL, '011', '011', 2, 3, 't'),
(128, 'ANALISA, PANGKALAN DATA & SOKONGAN', NULL, '215', 'APDS', '199', '081', 1, 3, 't'),
(129, 'PUSAT PANGGILAN', NULL, '125', 'PP', '106', '141', 1, 2, 'y'),
(130, 'ANALISA, PENGKALAN DATA & SOKONGAN', NULL, NULL, NULL, '199', '081', 2, 13, 't');

-- --------------------------------------------------------

--
-- Table structure for table `users`
--

CREATE TABLE `users` (
  `id` int(10) UNSIGNED NOT NULL,
  `emp_id` varchar(10) COLLATE utf8_unicode_ci NOT NULL,
  `name` varchar(255) COLLATE utf8_unicode_ci NOT NULL,
  `last_name` varchar(250) COLLATE utf8_unicode_ci NOT NULL,
  `email` varchar(255) COLLATE utf8_unicode_ci NOT NULL,
  `password` varchar(255) COLLATE utf8_unicode_ci NOT NULL,
  `remember_token` varchar(100) COLLATE utf8_unicode_ci DEFAULT NULL,
  `kod_id` int(11) NOT NULL,
  `created_at` timestamp NULL DEFAULT NULL,
  `updated_at` timestamp NULL DEFAULT NULL
) ENGINE=InnoDB DEFAULT CHARSET=utf8 COLLATE=utf8_unicode_ci;

--
-- Dumping data for table `users`
--

INSERT INTO `users` (`id`, `emp_id`, `name`, `last_name`, `email`, `password`, `remember_token`, `kod_id`, `created_at`, `updated_at`) VALUES
(1, '196', 'hafizullah', 'abc123', 'hafizullah@zakat.com.my', '$2y$10$4KxojAZK/TQNZfNZIbU0eOBG7Xt.61Y/PL9YTTodhF7vVYFL2andm', 'kQUjPgV6yOPlxdzqLRqd7ksjJ7fljU85PlGcvg2ySIWzUfrSRjZfPE7HDF2n', 0, '2016-05-23 23:04:36', '2016-06-13 03:16:12'),
(2, '239', 'RUSDI SENIK', 'def', 'rusdi@zakat.com.my', '$2y$10$iyvKajvBZwKuZkwICE6dROgjKJl.1g496OJ03NFsm5ynQJxTjT95K', '95tfhn52Sikw1KWELPvp0ApDk3FzPlnLay48ev6BykRM3go0CUUeBOIqExql', 106, '2016-05-24 00:47:16', '2016-06-14 07:54:06'),
(3, '123', 'Nargis Ismail', 'fgt456', 'nargis@zakat.com.my', '$2y$10$iHwwGfJFOXBTHtkLokyKxeYPEMOnmo/lFAW319Ie6sc0sMrnJxHVW', 'dleHnwibeOCvGFKKH6k5OgASImrSqCIHcatkFxJbDiSOtGJkqfsOxwR4IhuZ', 0, '2016-05-29 22:55:02', '2016-06-14 07:47:55'),
(4, '070', 'Haji Norman', '345 gbhgg', 'norman@zakat.com.my', '$2y$10$qzPBFjg3qjTYx0F5wsQwFOeAAbtgw.jhTz9aGrrzn78azhLXwIGtS', '57JC8GIaKOTgvy0hP8wHdXZomxgaVq7JupJh3S8W84SPcb9Ph14NI61VeQiq', 107, '2016-05-29 22:55:42', '2016-06-14 04:42:09'),
(5, '170', 'fidaus', 'asdfghjk', 'fidaus@zakat.com.my', '$2y$10$ViZkWlTfS9/OtFdegoSxf.wZkGrFzkLn1mJ5g5v3toKwmeishsWL6', 'csj5Qg6nPsZccrraxrUQPOkxXORdKEiIP8ezpSQeih3vrPdoN0mXNKNDzRKE', 107, '2016-05-29 22:55:42', '2016-06-14 04:43:33'),
(6, '155', 'ali', 'abu', 'ali@zakat.com.my', '$2y$10$MmDPbq2H3Lvk3UI/uwzM8u3VJ9LcofDqX7vTyP6bWNjWMqpITVTfu', 'n2LcGX2Oy2RoLSUNbHnxSHo2pz250XLmHcchHuJl5C6eEgiSufY2eaHCWqa4', 107, '2016-06-13 03:16:08', '2016-06-13 07:36:09');

--
-- Indexes for dumped tables
--

--
-- Indexes for table `assets`
--
ALTER TABLE `assets`
  ADD PRIMARY KEY (`asset_id`);

--
-- Indexes for table `assets_locations`
--
ALTER TABLE `assets_locations`
  ADD PRIMARY KEY (`location_id`);

--
-- Indexes for table `branches`
--
ALTER TABLE `branches`
  ADD PRIMARY KEY (`id`);

--
-- Indexes for table `complains`
--
ALTER TABLE `complains`
  ADD PRIMARY KEY (`complain_id`);

--
-- Indexes for table `complain_actions`
--
ALTER TABLE `complain_actions`
  ADD PRIMARY KEY (`id`);

--
-- Indexes for table `complain_attachments`
--
ALTER TABLE `complain_attachments`
  ADD PRIMARY KEY (`attachment_id`),
  ADD KEY `complain_attachments_attachable_id_attachable_type_index` (`attachable_id`,`attachable_type`);

--
-- Indexes for table `complain_categories`
--
ALTER TABLE `complain_categories`
  ADD PRIMARY KEY (`category_id`);

--
-- Indexes for table `complain_levels`
--
ALTER TABLE `complain_levels`
  ADD PRIMARY KEY (`level_id`);

--
-- Indexes for table `complain_sources`
--
ALTER TABLE `complain_sources`
  ADD PRIMARY KEY (`source_id`);

--
-- Indexes for table `complain_statuses`
--
ALTER TABLE `complain_statuses`
  ADD PRIMARY KEY (`status_id`);

--
-- Indexes for table `jobs`
--
ALTER TABLE `jobs`
  ADD PRIMARY KEY (`id`),
  ADD KEY `jobs_queue_reserved_reserved_at_index` (`queue`,`reserved`,`reserved_at`);

--
-- Indexes for table `password_resets`
--
ALTER TABLE `password_resets`
  ADD KEY `password_resets_email_index` (`email`),
  ADD KEY `password_resets_token_index` (`token`);

--
-- Indexes for table `permissions`
--
ALTER TABLE `permissions`
  ADD PRIMARY KEY (`id`),
  ADD UNIQUE KEY `permissions_name_unique` (`name`);

--
-- Indexes for table `permission_role`
--
ALTER TABLE `permission_role`
  ADD PRIMARY KEY (`permission_id`,`role_id`),
  ADD KEY `permission_role_role_id_foreign` (`role_id`);

--
-- Indexes for table `roles`
--
ALTER TABLE `roles`
  ADD PRIMARY KEY (`id`),
  ADD UNIQUE KEY `roles_name_unique` (`name`);

--
-- Indexes for table `role_user`
--
ALTER TABLE `role_user`
  ADD PRIMARY KEY (`user_id`,`role_id`),
  ADD KEY `role_user_role_id_foreign` (`role_id`);

--
-- Indexes for table `smict_aduan`
--
ALTER TABLE `smict_aduan`
  ADD PRIMARY KEY (`ADUAN_ID`);

--
-- Indexes for table `spsm_kod_unit`
--
ALTER TABLE `spsm_kod_unit`
  ADD PRIMARY KEY (`kod_id`);

--
-- Indexes for table `users`
--
ALTER TABLE `users`
  ADD PRIMARY KEY (`id`),
  ADD UNIQUE KEY `users_email_unique` (`email`),
  ADD UNIQUE KEY `id` (`id`);

--
-- AUTO_INCREMENT for dumped tables
--

--
-- AUTO_INCREMENT for table `assets`
--
ALTER TABLE `assets`
  MODIFY `asset_id` int(10) UNSIGNED NOT NULL AUTO_INCREMENT, AUTO_INCREMENT=4731;
--
-- AUTO_INCREMENT for table `assets_locations`
--
ALTER TABLE `assets_locations`
  MODIFY `location_id` int(10) UNSIGNED NOT NULL AUTO_INCREMENT, AUTO_INCREMENT=273;
--
-- AUTO_INCREMENT for table `branches`
--
ALTER TABLE `branches`
  MODIFY `id` int(10) UNSIGNED NOT NULL AUTO_INCREMENT, AUTO_INCREMENT=28;
--
-- AUTO_INCREMENT for table `complains`
--
ALTER TABLE `complains`
  MODIFY `complain_id` int(10) UNSIGNED NOT NULL AUTO_INCREMENT, AUTO_INCREMENT=15688;
--
-- AUTO_INCREMENT for table `complain_actions`
--
ALTER TABLE `complain_actions`
  MODIFY `id` int(10) UNSIGNED NOT NULL AUTO_INCREMENT, AUTO_INCREMENT=92;
--
-- AUTO_INCREMENT for table `complain_attachments`
--
ALTER TABLE `complain_attachments`
  MODIFY `attachment_id` int(10) UNSIGNED NOT NULL AUTO_INCREMENT, AUTO_INCREMENT=15;
--
-- AUTO_INCREMENT for table `complain_categories`
--
ALTER TABLE `complain_categories`
  MODIFY `category_id` int(10) UNSIGNED NOT NULL AUTO_INCREMENT, AUTO_INCREMENT=16;
--
-- AUTO_INCREMENT for table `complain_levels`
--
ALTER TABLE `complain_levels`
  MODIFY `level_id` int(10) UNSIGNED NOT NULL AUTO_INCREMENT, AUTO_INCREMENT=3;
--
-- AUTO_INCREMENT for table `complain_sources`
--
ALTER TABLE `complain_sources`
  MODIFY `source_id` int(10) UNSIGNED NOT NULL AUTO_INCREMENT, AUTO_INCREMENT=4;
--
-- AUTO_INCREMENT for table `complain_statuses`
--
ALTER TABLE `complain_statuses`
  MODIFY `status_id` int(10) UNSIGNED NOT NULL AUTO_INCREMENT, AUTO_INCREMENT=8;
--
-- AUTO_INCREMENT for table `jobs`
--
ALTER TABLE `jobs`
  MODIFY `id` bigint(20) UNSIGNED NOT NULL AUTO_INCREMENT, AUTO_INCREMENT=31;
--
-- AUTO_INCREMENT for table `permissions`
--
ALTER TABLE `permissions`
  MODIFY `id` int(10) UNSIGNED NOT NULL AUTO_INCREMENT, AUTO_INCREMENT=26;
--
-- AUTO_INCREMENT for table `roles`
--
ALTER TABLE `roles`
  MODIFY `id` int(10) UNSIGNED NOT NULL AUTO_INCREMENT, AUTO_INCREMENT=6;
--
-- AUTO_INCREMENT for table `smict_aduan`
--
ALTER TABLE `smict_aduan`
  MODIFY `ADUAN_ID` int(10) NOT NULL AUTO_INCREMENT, AUTO_INCREMENT=33337;
--
-- AUTO_INCREMENT for table `spsm_kod_unit`
--
ALTER TABLE `spsm_kod_unit`
  MODIFY `kod_id` int(10) UNSIGNED NOT NULL AUTO_INCREMENT, AUTO_INCREMENT=131;
--
-- AUTO_INCREMENT for table `users`
--
ALTER TABLE `users`
  MODIFY `id` int(10) UNSIGNED NOT NULL AUTO_INCREMENT, AUTO_INCREMENT=7;
--
-- Constraints for dumped tables
--

--
-- Constraints for table `permission_role`
--
ALTER TABLE `permission_role`
  ADD CONSTRAINT `permission_role_permission_id_foreign` FOREIGN KEY (`permission_id`) REFERENCES `permissions` (`id`) ON DELETE CASCADE ON UPDATE CASCADE,
  ADD CONSTRAINT `permission_role_role_id_foreign` FOREIGN KEY (`role_id`) REFERENCES `roles` (`id`) ON DELETE CASCADE ON UPDATE CASCADE;

--
-- Constraints for table `role_user`
--
ALTER TABLE `role_user`
  ADD CONSTRAINT `role_user_role_id_foreign` FOREIGN KEY (`role_id`) REFERENCES `roles` (`id`) ON DELETE CASCADE ON UPDATE CASCADE,
  ADD CONSTRAINT `role_user_user_id_foreign` FOREIGN KEY (`user_id`) REFERENCES `users` (`id`) ON DELETE CASCADE ON UPDATE CASCADE;

/*!40101 SET CHARACTER_SET_CLIENT=@OLD_CHARACTER_SET_CLIENT */;
/*!40101 SET CHARACTER_SET_RESULTS=@OLD_CHARACTER_SET_RESULTS */;
/*!40101 SET COLLATION_CONNECTION=@OLD_COLLATION_CONNECTION */;
